# Object Export From Tinkercad Server 2015

mtllib obj.mtl

o obj_0
v 0.04 		3 		-3.816
v 0.026 		3 		-3.784
v 0.04 		3 		-3.752
v 0.068 		3 		-3.738
v 0.1 		3 		-3.752
v 0.114 		3 		-3.784
v 0.1 		3 		-3.816
v 0.068 		3 		-3.83
v 0.128 		2.286 		-3.411
v 0.001 		0.655 		9.883
v 0.154 		2.243 		-3.404
v 0.068 		0.669 		9.881
v 0.1291 		2.2694 		-3.4091
v 0.129 		2.2775 		-3.4158
v 0.1288 		2.2839 		-3.4205
v -0.763 		-0.58 		2.964
v -0.685 		-0.823 		2.964
v 0.139 		0.655 		9.883
v 0.1291 		2.2965 		-3.4349
v -0.763 		-0.523 		2.766
v 0.1308 		2.281 		-3.4339
v 0.1309 		2.28 		-3.4338
v 0.132 		2.2692 		-3.4323
v -0.685 		-0.799 		2.766
v 0.1309 		2.2524 		-3.4071
v 0.1334 		2.2521 		-3.4299
v 0.1317 		2.242 		-3.4059
v 0.1318 		2.2417 		-3.4058
v -0.816 		-0.241 		2.777
v 0.538 		0.656 		9.429
v -0.851 		-0.273 		2.974
v 0.62 		0.712 		9.217
v 0.156 		2.204 		-3.396
v 0.154 		2.228 		-3.396
v 0.156 		2.23 		-3.424
v 0.068 		0.716 		9.693
v 0.002 		0.7135 		9.5859
v 0.0537 		0.7345 		9.5926
v 0.16 		0.694 		9.695
v -0.353 		-0.876 		2.547
v 0.2304 		0.6603 		9.6176
v 0.1615 		0.7078 		9.6076
v 0.154 		2.232 		-3.401
v 0.1075 		0.7218 		9.6001
v -0.653 		-0.767 		2.547
v 0.156 		2.219 		-3.419
v 0.154 		2.229 		-3.399
v 0.1638 		0.7293 		9.472
v 0.1619 		0.7297 		9.472
v 0.1639 		0.7292 		9.472
v -0.759 		-0.523 		2.543
v 0.068 		0.822 		9.429
v -0.794 		-0.174 		2.547
v 0.156 		2.211 		-3.413
v 0.372 		0.822 		9.217
v 0.206 		0.822 		9.319
v -0.519 		-0.382 		0.118
v -0.409 		-0.58 		0.118
v 0.156 		2.206 		-3.405
v 0.068 		0.864 		9.217
v -0.596 		-0.657 		1.387
v -0.353 		-0.767 		1.387
v -0.155 		-0.657 		0.118
v 0.287 		0.737 		9.429
v -0.879 		1.965 		9.568
v -0.84 		2.012 		9.508
v -0.805 		2.025 		9.527
v -0.628 		-0.435 		1.387
v -0.833 		1.984 		9.598
v -0.596 		1.613 		9.625
v 0.135 		2.2296 		-3.425
v -0.628 		-0.11 		1.387
v -0.519 		-0.11 		0.118
v -0.657 		1.569 		9.693
v -0.211 		-0.304 		-1.723
v -0.353 		-0.325 		-0.875
v -0.264 		-0.491 		-0.875
v 0.1346 		2.2031 		-3.3979
v 0.135 		2.2035 		-3.4018
v -0.699 		1.543 		9.709
v -0.155 		-0.414 		-1.723
v 0.1345 		2.2031 		-3.3972
v -0.695 		1.55 		9.659
v 0.1324 		2.2311 		-3.4019
v -0.045 		-0.491 		-1.723
v 0.1324 		2.2281 		-3.3999
v -0.101 		-0.58 		-0.875
v 0.1323 		2.2271 		-3.3981
v 0.1323 		2.2271 		-3.3979
v -0.653 		1.585 		9.581
v -0.593 		1.626 		9.513
v -0.554 		1.652 		9.497
v 0.135 		2.2291 		-3.4249
v 0.135 		2.2281 		-3.4245
v 0.135 		2.2172 		-3.4199
v 0.135 		2.2092 		-3.4139
v -0.554 		1.648 		9.543
v 0.135 		2.2042 		-3.4068
v 0.135 		2.2087 		-3.4132
v 0.135 		2.204 		-3.406
v -2.048 		-0.0985 		-2.964
v -0.0584 		-0.0932 		-2.964
v 0 		-0.093 		-2.964
v -0.013 		-0.093 		-3.158
v -0.0027 		-0.0586 		-3.063
v -0.0579 		-0.0572 		-2.5942
v -1.7903 		-0.0593 		-2.9662
v -2.0282 		-0.0594 		-2.9656
v -0.784 		1.775 		9.681
v 0 		-0.0583 		-2.966
v -0.816 		1.749 		9.703
v -2.5429 		-0.0998 		-2.964
v -0.819 		1.756 		9.661
v 0.191 		2.312 		-4.054
v 2.755 		-0.054 		-2.064
v 2.7124 		-0.054 		-2.072
v 2.7298 		-0.054 		-2.0754
v 2.755 		-0.054 		-2.0804
v 0.189 		2.318 		-4.033
v 2.755 		-0.0567 		-2.964
v 2.048 		-0.0571 		-2.964
v 2.048 		-0.0574 		-3.063
v 2.755 		-0.057 		-3.063
v 0.191 		2.318 		-4.064
v 2.048 		-0.0548 		-2.1973
v 0.1949 		-0.0569 		-2.5466
v -0.512 		1.362 		9.581
v 0.946 		-0.0577 		-2.964
v -0.452 		1.402 		9.524
v -0.409 		1.427 		9.515
v 0.0077 		-0.0586 		-3.063
v 0.0081 		-0.0583 		-2.992
v 0.0082 		-0.0583 		-2.9704
v 0.0064 		-0.0582 		-2.9603
v 0.006 		-0.0583 		-2.966
v 0.002 		-0.0584 		-3.0194
v 0.192 		2.335 		-4.095
v 0.1228 		-0.0582 		-2.964
v -0.416 		1.42 		9.557
v 0.1225 		-0.0582 		-2.966
v 0.127 		-0.0582 		-2.966
v 0.1149 		-0.0585 		-3.063
v 0.1371 		-0.0585 		-3.063
v 0.118 		-0.0583 		-2.992
v 0.1159 		-0.0583 		-2.992
v 0.012 		-0.0583 		-2.992
v 0.192 		2.319 		-4.077
v -0.466 		1.39 		9.629
v -0.1813 		1.024 		9.5444
v -0.2556 		1.024 		9.5712
v -0.215 		1.042 		9.552
v -0.1919 		1.024 		9.549
v -0.2051 		1.024 		9.5536
v -0.176 		1.063 		9.557
v -0.1565 		1.024 		9.5602
v -0.193 		1.06 		9.592
v -0.1576 		1.024 		9.5624
v -0.256 		1.031 		9.6382
v -0.256 		1.024 		9.6411
v -0.1769 		1.024 		9.5986
v -0.256 		1.0353 		9.6361
v 0.191 		2.305 		-4.048
v -0.256 		1.024 		9.6296
v -0.256 		1.0331 		9.6273
v -0.37 		1.223 		9.634
v -0.257 		1.035 		9.637
v -0.441 		1.191 		9.677
v 0.126 		2.269 		-3.352
v 0.126 		2.266 		-3.356
v 0.125 		2.262 		-3.336
v -0.2784 		1.024 		9.6406
v 0.127 		2.253 		-3.359
v 0.125 		2.255 		-3.335
v -0.483 		1.166 		9.679
v -0.473 		1.17 		9.64
v -0.3741 		1.024 		9.6396
v 0.125 		2.266 		-3.338
v -0.3714 		1.024 		9.6313
v 0.127 		2.262 		-3.358
v 0.126 		2.245 		-3.336
v -0.342 		1.227 		9.535
v -0.413 		1.196 		9.578
v 0.128 		2.246 		-3.362
v -0.3004 		1.024 		9.5895
v -0.299 		1.252 		9.533
v 0.189 		2.332 		-4.032
v 0.189 		2.329 		-4.043
v 0.19 		2.342 		-4.063
v -0.31 		1.249 		9.575
v 0.191 		2.343 		-4.082
v 0.125 		2.269 		-3.342
v 0.075 		-1.226 		8.238
v 0.012 		-1.247 		8.238
v 0.075 		-1.261 		8.248
v 0.19 		2.344 		-4.073
v 0.128 		2.226 		-3.347
v 0.127 		2.235 		-3.34
v 0.159 		2.275 		-3.513
v 0.158 		2.295 		-3.519
v 0.157 		2.295 		-3.497
v 0.16 		2.254 		-3.515
v 0.159 		2.255 		-3.494
v 0.16 		2.244 		-3.498
v 1.758 		-1.31 		5.226
v 1.758 		-1.367 		5.177
v 0.158 		2.267 		-3.493
v 0.157 		2.282 		-3.494
v 1.762 		-1.265 		5.177
v 0.316 		0.765 		9.429
v 1.384 		-0.929 		5.145
v 1.384 		-0.961 		5.145
v 1.214 		-0.961 		5.145
v 1.214 		-0.929 		5.145
v 0.256 		0.664 		9.429
v 0.263 		0.712 		9.235
v 0.256 		0.664 		9.235
v 0.482 		0.737 		9.319
v 1.023 		-0.22 		5.466
v 0.164 		0.73 		9.467
v 0.001 		0.737 		9.429
v 0.136 		0.737 		9.429
v 0.153 		0.726 		9.235
v 0.857 		-0.933 		5.466
v 0.966 		-0.657 		5.466
v 0.747 		0.741 		8.994
v 0.394 		0.882 		8.994
v 0.0681 		0.9208 		8.9947
v 0.068 		0.921 		8.994
v 0.0689 		0.9209 		8.994
v 0.0675 		0.9209 		8.9943
v 0.067 		0.9209 		8.994
v 0.8784 		-0.851 		5.1811
v 0.8799 		-0.8476 		5.1835
v 0.8913 		-0.8145 		5.1396
v 0.07 		0.921 		8.993
v 0.068 		0.921 		8.993
v 0.503 		0.96 		8.202
v 0.889 		0.829 		8.202
v 0.45 		0.938 		8.644
v 0.065 		0.991 		8.202
v 0.524 		-1.074 		5.466
v 0.072 		0.96 		8.644
v 1.762 		-1.265 		5.078
v 0.8 		0.794 		8.644
v 1.758 		-1.31 		5.028
v 1.758 		-1.367 		5.078
v 1.384 		-0.961 		4.912
v 1.384 		-0.929 		4.912
v 1.214 		-0.9537 		5.0798
v 0.166 		2.316 		-4.034
v 1.214 		-0.957 		4.9618
v 1.214 		-0.957 		4.9329
v 0.432 		-0.018 		9.695
v 1.214 		-0.961 		4.9294
v 0.169 		2.319 		-4.075
v 0.166 		2.328 		-4.044
v 1.214 		-0.961 		5.0875
v 0.165 		2.337 		-4.033
v 1.214 		-0.929 		4.912
v 1.214 		-0.961 		4.912
v 9.919 		1.75 		6.258
v 9.972 		1.722 		6.205
v 9.862 		1.803 		6.149
v 9.615 		1.913 		6.258
v 9.615 		1.86 		6.343
v 9.615 		1.803 		6.287
v 0.217 		-1.402 		8.344
v 9.753 		1.86 		6.258
v 0.185 		-1.307 		8.344
v 9.173 		1.86 		6.336
v 8.731 		1.888 		6.287
v 8.731 		1.803 		6.396
v 0.157 		-1.395 		8.393
v 9.173 		1.803 		6.375
v 8.731 		1.75 		6.315
v 0.019 		-1.339 		8.418
v 9.89 		1.803 		5.873
v 10 		1.666 		5.901
v 0.054 		-1.321 		8.425
v 0.086 		-1.317 		8.425
v 0.121 		-1.339 		8.418
v 9.615 		1.913 		5.93
v 8.731 		1.888 		5.93
v 2.6715 		-0.054 		-2.064
v 2.048 		-0.0543 		-2.064
v 0.2782 		-0.0549 		-2.064
v 8.731 		1.722 		5.954
v 0.217 		-1.515 		8.344
v 9.615 		1.775 		5.954
v 0.157 		-1.374 		8.298
v 0.231 		-1.402 		8.238
v 0.199 		-1.314 		8.238
v 9.615 		1.803 		4.608
v 9.615 		1.694 		4.137
v 10 		1.613 		4.717
v 10 		1.613 		5.078
v 0.157 		-1.395 		8.199
v 9.919 		1.694 		5.049
v 9.972 		1.584 		4.222
v 1.2269 		-0.961 		5.0821
v 1.2211 		-0.961 		4.9645
v 1.2211 		-0.961 		4.9347
v 9.919 		1.657 		4.689
v 1.023 		-0.251 		4.894
v 9.615 		1.722 		4.608
v -0.0097 		2.312 		-3.8506
v -0.0097 		2.312 		-3.849
v -0.0097 		2.309 		-3.845
v -0.0097 		2.3082 		-3.8448
v 0.167 		2.341 		-4.064
v -0.0098 		2.312 		-3.8514
v 9.615 		1.75 		4.94
v -0.01 		2.3082 		-3.8628
v -0.01 		2.3075 		-3.863
v -0.0098 		2.312 		-3.8565
v -0.0099 		2.3113 		-3.8575
v -0.0098 		2.312 		-3.8531
v -0.01 		2.3056 		-3.904
v 9.615 		1.86 		4.94
v -0.01 		2.3063 		-3.8635
v 8.731 		1.775 		4.491
v 8.731 		1.666 		4.491
v -0.028 		2.305 		-3.929
v -0.028 		2.307 		-3.947
v -0.028 		2.306 		-3.96
v 0.155 		2.298 		-3.845
v 8.731 		1.694 		4.912
v 0.157 		2.275 		-3.847
v -0.0099 		2.306 		-3.96
v 0.158 		2.281 		-3.871
v -0.0099 		2.307 		-3.947
v -0.01 		2.305 		-3.929
v -0.01 		2.3046 		-3.9275
v 0.158 		2.251 		-3.844
v 0.161 		2.252 		-3.892
v 0.16 		2.274 		-3.89
v -0.028 		2.305 		-4.062
v -0.028 		2.306 		-4.073
v -0.028 		2.305 		-4.087
v 0.159 		2.266 		-3.87
v 0.16 		2.253 		-3.872
v 0.161 		2.242 		-3.875
v 0.162 		2.244 		-3.9
v -0.0096 		2.305 		-4.087
v -0.0095 		2.306 		-4.073
v -0.0096 		2.305 		-4.062
v 0.137 		2.252 		-3.517
v 0.136 		2.274 		-3.515
v 0.135 		2.266 		-3.495
v 0.136 		2.253 		-3.496
v 0.137 		2.242 		-3.499
v -0.1511 		-0.0551 		-2.064
v -2.545 		-0.0596 		-2.9642
v -0.028 		2.301 		-3.865
v -0.028 		2.279 		-3.864
v -0.028 		2.284 		-3.841
v -0.028 		2.297 		-3.842
v -2.545 		-0.056 		-2.064
v 2.048 		0.0194 		-3.0926
v 2.4679 		0.017 		-3.0916
v 2.7512 		0.0156 		-3.091
v -0.028 		2.264 		-3.903
v -0.028 		2.275 		-3.899
v -0.028 		2.283 		-3.9
v -0.028 		2.29 		-3.903
v 1.9342 		0.0201 		-3.0929
v -0.0098 		2.297 		-3.842
v 0.158 		2.263 		-3.846
v -0.01 		2.2882 		-3.8413
v 0.1403 		0 		-3.0855
v 0.1403 		0.0014 		-3.0861
v 0.0066 		0 		-3.0856
v 0.0066 		0 		-3.0856
v 0.114 		0.0012 		-3.086
v 0.114 		0 		-3.0855
v -0.01 		2.301 		-3.865
v -0.01 		2.279 		-3.864
v -0.01 		2.284 		-3.841
v -0.01 		2.29 		-3.903
v -0.01 		2.283 		-3.9
v -0.01 		2.275 		-3.899
v -0.01 		2.264 		-3.903
v 2.7538 		-0.0336 		-3.072
v 2.048 		-0.034 		-3.072
v 0.0073 		-0.0352 		-3.072
v 0.1393 		-0.0351 		-3.072
v -0.028 		2.234 		-3.843
v 0.1393 		-0.035 		-3.072
v -0.028 		2.206 		-3.844
v 0.157 		2.294 		-3.874
v -0.028 		2.211 		-3.868
v -0.028 		2.181 		-3.846
v -0.028 		2.19 		-3.843
v 0.015 		-0.011 		-3.293
v -0.028 		2.179 		-3.859
v -0.028 		2.178 		-3.852
v -0.028 		2.19 		-3.866
v -0.028 		2.183 		-3.864
v -0.028 		2.191 		-3.899
v -0.028 		2.197 		-3.892
v -0.028 		2.203 		-3.889
v -0.028 		2.209 		-3.887
v -0.028 		2.213 		-3.888
v -0.028 		2.218 		-3.894
v -0.028 		2.219 		-3.898
v -0.028 		2.218 		-3.902
v 0.159 		2.294 		-3.896
v -0.01 		2.218 		-3.902
v -0.01 		2.234 		-3.843
v 0.118 		-0.011 		-3.293
v -0.01 		2.219 		-3.898
v -0.01 		2.2097 		-3.8447
v -0.01 		2.227 		-3.8433
v 0.181 		2.264 		-3.845
v 0.184 		2.244 		-3.873
v -0.01 		2.2188 		-3.897
v 0.026 		-0.057 		-3.667
v -0.01 		2.211 		-3.868
v -0.01 		2.2165 		-3.891
v -0.01 		2.194 		-3.8433
v 0.464 		-0.004 		-3.982
v -0.01 		2.19 		-3.843
v -0.01 		2.1878 		-3.8438
v -0.01 		2.1802 		-3.8475
v 0.179 		2.3 		-3.844
v 0.107 		-0.057 		-3.667
v 0.183 		2.275 		-3.889
v -0.01 		2.2057 		-3.8675
v -0.01 		2.2153 		-3.8895
v -0.01 		2.1795 		-3.849
v -0.01 		2.178 		-3.8542
v 0.185 		2.245 		-3.898
v 0.184 		2.254 		-3.891
v -0.01 		2.179 		-3.859
v -0.01 		2.1788 		-3.8572
v -0.335 		-0.004 		-3.975
v -0.0042 		-0.0226 		-3.0769
v -0.0061 		-0.0001 		-3.0855
v -0.01 		2.1805 		-3.862
v -0.01 		2.1815 		-3.8633
v -0.01 		2.1867 		-3.8655
v -0.01 		2.1885 		-3.866
v -0.01 		2.21 		-3.8872
v -0.01 		2.209 		-3.887
v -0.01 		2.203 		-3.889
v -0.01 		2.197 		-3.892
v -0.01 		2.191 		-3.899
v 0.183 		2.255 		-3.87
v 0.005 		-1.321 		8.238
v 0.019 		-1.314 		8.298
v 0.181 		2.247 		-3.84
v 0.054 		-1.293 		8.298
v 0.18 		2.277 		-3.846
v 0.4513 		0 		9.6575
v 0.379 		0 		9.6147
v 0.4713 		0 		9.6901
v 0.086 		-1.289 		8.298
v 0.181 		2.295 		-3.873
v 0.4716 		0 		9.6902
v 0.4676 		0 		9.6836
v 0.2258 		0 		9.591
v 0.2362 		0 		9.5911
v 0.2497 		0 		9.5911
v 0.2598 		0 		9.5911
v 0.2626 		0 		9.6357
v 0.2607 		0 		9.6343
v -0.028 		2.286 		-3.947
v -0.028 		2.284 		-3.93
v 0.2725 		0 		9.5792
v 0.2826 		0 		9.5832
v 0.121 		-1.314 		8.298
v 0.2766 		0 		9.5793
v -0.028 		2.276 		-3.918
v -0.028 		2.268 		-3.93
v 0.4219 		0 		9.6926
v -0.028 		2.241 		-3.938
v -0.028 		2.254 		-3.913
v 0.301 		0 		9.6326
v -0.028 		2.283 		-3.96
v 0.182 		2.295 		-3.895
v -0.028 		2.296 		-3.908
v -0.028 		2.301 		-3.915
v -0.01 		2.3028 		-3.9671
v 0.454 		-0.004 		9.658
v 0.9205 		-0.7529 		5.0485
v 0.9197 		-0.7546 		5.0508
v 0.966 		-0.657 		4.894
v 0.019 		-1.653 		8.591
v 0.984 		-0.823 		5.039
v 0.98 		-0.947 		5.046
v 0.8418 		-0.933 		5.0704
v 0.054 		-1.656 		8.612
v 0.984 		-0.89 		5.095
v 0.425 		-0.004 		9.39
v 0.178 		-1.536 		8.701
v -0.526 		1.35 		9.683
v 0.21 		-1.678 		8.627
v -0.568 		1.328 		9.692
v 0.8372 		-0.9346 		5.0557
v 0.8386 		-0.9342 		5.0688
v 0.086 		-1.656 		8.612
v -0.561 		1.332 		9.649
v 0.988 		-0.83 		4.873
v -0.2446 		1.024 		9.5673
v 0.121 		-1.653 		8.591
v -0.3775 		1.024 		9.6498
v -0.01 		2.301 		-3.915
v -0.01 		2.296 		-3.908
v -0.01 		2.254 		-3.913
v -0.01 		2.241 		-3.938
v 0.135 		2.2775 		-3.5055
v 0.135 		2.284 		-3.507
v -0.01 		2.286 		-3.947
v -0.01 		2.284 		-3.93
v 9.173 		1.708 		4.745
v -0.01 		2.276 		-3.918
v 0.988 		-0.954 		4.866
v 0.8371 		-0.933 		4.9488
v 0.8355 		-0.932 		4.8961
v 0.135 		2.281 		-3.4959
v 0.157 		-1.649 		8.535
v 0.835 		-0.933 		4.894
v 8.731 		1.831 		4.912
v 0.135 		2.294 		-3.4989
v 0.135 		2.2946 		-3.4991
v 9.173 		1.817 		4.745
v 0.157 		-1.543 		8.524
v 8.734 		1.627 		4.017
v 0.9215 		-0.7508 		4.8554
v 0.9215 		-0.7507 		4.8593
v 0.988 		-0.904 		4.809
v 0.019 		-1.776 		8.552
v 0.8892 		-0.8189 		4.6494
v 8.013 		1.831 		6.368
v 7.295 		1.75 		6.453
v 7.295 		1.831 		6.343
v 8.013 		1.75 		6.407
v -0.01 		2.268 		-3.93
v 0.054 		-1.787 		8.57
v -0.01 		2.2838 		-3.9578
v 0.139 		2.225 		-3.513
v 0.138 		2.233 		-3.505
v -0.01 		2.2845 		-3.9545
v 7.295 		1.694 		6.396
v 0.086 		-1.787 		8.574
v 0.161 		2.234 		-3.503
v 0.162 		2.226 		-3.511
v 0.121 		-1.776 		8.552
v 6.882 		1.803 		6.424
v -0.028 		2.207 		-3.913
v 6.496 		1.75 		6.481
v 6.496 		1.803 		6.396
v -0.028 		2.203 		-3.924
v -0.028 		2.2 		-3.944
v 0.163 		2.22 		-3.52
v -0.028 		2.201 		-3.956
v -0.028 		2.186 		-3.908
v -0.028 		2.18 		-3.926
v -0.028 		2.205 		-3.967
v 0.8381 		-0.9264 		4.8341
v 0.224 		-1.671 		8.453
v 6.882 		1.711 		6.453
v 0.8358 		-0.9312 		4.8396
v 6.496 		1.666 		6.424
v 0.138 		2.244 		-3.524
v 0.157 		-1.748 		8.503
v 0.135 		2.294 		-3.521
v 6.111 		1.782 		6.481
v 0.019 		-1.872 		8.471
v 5.725 		1.75 		6.534
v 0.138 		2.301 		-3.569
v 5.725 		1.803 		6.424
v 5.227 		1.771 		6.523
v 0.139 		2.274 		-3.562
v 1.002 		-0.273 		4.233
v 1.023 		-0.273 		4.477
v 6.111 		1.687 		6.506
v 5.725 		1.666 		6.453
v 0.054 		-1.889 		8.482
v 0.161 		2.245 		-3.522
v 5.227 		1.673 		6.545
v 0.086 		-1.889 		8.485
v 0.121 		-1.872 		8.471
v 0.162 		2.275 		-3.56
v 0.8722 		-0.8546 		4.5954
v 0.835 		-0.933 		4.477
v 0.161 		2.302 		-3.568
v 4.233 		1.75 		6.534
v 0.8753 		-0.8435 		4.5697
v 0.8742 		-0.8457 		4.5649
v 0.945 		-0.657 		4.477
v 4.233 		1.637 		6.573
v 0.231 		-1.663 		8.344
v 4.364 		1.542 		6.248
v 0.231 		-1.685 		8.248
v 4.3487 		1.536 		6.2137
v 0.835 		-0.933 		4.233
v 4.364 		1.536 		6.2426
v 4.704 		1.704 		6.591
v 4.704 		1.793 		6.453
v 0.945 		-0.657 		4.233
v 4.704 		1.613 		6.481
v 0.065 		-1.053 		4.233
v 0.019 		-1.925 		8.358
v 0.503 		-1.063 		4.894
v 4.384 		1.536 		6.215
v 0.503 		-1.053 		4.477
v 0.503 		-1.042 		4.233
v 0.054 		-1.946 		8.361
v 0.086 		-1.946 		8.365
v 4.3183 		1.536 		6.1564
v 4.4234 		1.536 		6.1606
v 0.121 		-1.925 		8.358
v 4.421 		1.447 		6.166
v 0.065 		-1.053 		4.477
v 0.157 		-1.865 		8.347
v 4.378 		1.489 		6.248
v 0.157 		-1.822 		8.436
v 4.329 		1.5 		6.159
v 4.318 		1.524 		6.145
v -0.028 		2.178 		-3.944
v -0.028 		2.182 		-3.968
v -0.01 		2.178 		-3.944
v -0.01 		2.182 		-3.968
v 0.14 		2.215 		-3.532
v -0.01 		2.207 		-3.913
v -0.01 		2.203 		-3.924
v 0.019 		-1.925 		8.234
v 0.142 		2.211 		-3.556
v -0.01 		2.2 		-3.944
v 0.054 		-1.946 		8.231
v -0.01 		2.201 		-3.956
v -0.01 		2.186 		-3.908
v 0.086 		-1.946 		8.231
v -0.01 		2.205 		-3.967
v -0.01 		2.18 		-3.926
v 0.121 		-1.925 		8.234
v 0.14 		2.219 		-3.522
v 0.139 		2.238 		-3.533
v 0.143 		2.213 		-3.573
v -0.2826 		1.0075 		9.5851
v -0.328 		1.004 		9.67
v -0.0004 		0.7126 		9.5856
v -0.0072 		0.7044 		9.6066
v -0.363 		0.983 		9.664
v -0.3439 		0.9845 		9.6286
v -0.028 		2.241 		-3.985
v -0.3525 		0.9858 		9.6524
v -0.028 		2.261 		-3.979
v -0.028 		2.275 		-3.971
v -0.028 		2.248 		-4.004
v -0.028 		2.301 		-3.971
v -0.028 		2.294 		-3.981
v -0.028 		2.284 		-3.99
v -0.028 		2.273 		-3.997
v -0.028 		2.261 		-4.001
v -0.028 		2.243 		-4.028
v -0.028 		2.265 		-4.03
v -0.0483 		0.6932 		9.5794
v -0.0832 		0.6736 		9.5968
v 0.142 		2.236 		-3.575
v -0.232 		0.822 		9.217
v -0.01 		2.301 		-4.007
v -0.066 		0.822 		9.319
v 0.14 		2.234 		-3.544
v 0.141 		2.233 		-3.556
v -0.01 		2.248 		-4.004
v -0.147 		0.737 		9.429
v -0.123 		0.712 		9.235
v -0.01 		2.261 		-4.001
v -0.12 		0.664 		9.429
v -0.01 		2.273 		-3.997
v -0.01 		2.284 		-3.99
v 0.164 		2.234 		-3.554
v -0.01 		2.294 		-3.981
v -0.01 		2.301 		-3.971
v -0.01 		2.241 		-3.985
v 0.165 		2.237 		-3.574
v -0.01 		2.261 		-3.979
v -0.01 		2.275 		-3.971
v -0.176 		0.765 		9.429
v -0.01 		2.277 		-3.9683
v -0.01 		2.265 		-4.03
v -0.01 		2.243 		-4.028
v -0.12 		0.664 		9.235
v -0.018 		0.726 		9.235
v 0.164 		2.216 		-3.53
v 0.162 		2.239 		-3.531
v 0.163 		2.235 		-3.542
v 0.182 		2.267 		-3.869
v 0.181 		2.282 		-3.87
v 0.164 		2.214 		-3.542
v 0.165 		2.213 		-3.554
v 1.002 		-0.273 		3.816
v 0.166 		2.215 		-3.572
v 0.8 		-0.912 		3.816
v 0.966 		-0.657 		3.816
v 0.503 		-1.021 		3.816
v 1.002 		-0.273 		3.452
v 1.002 		-0.283 		3.296
v 0.0586 		2.8679 		-3.7069
v 0.0588 		2.8699 		-3.7082
v 0.068 		2.873 		-3.685
v 0.945 		-0.679 		3.505
v 0.0759 		2.8682 		-3.7047
v 0.945 		-0.601 		3.25
v 0.0755 		2.8703 		-3.7055
v 0.8 		-0.876 		3.515
v 0.0692 		2.8709 		-3.7009
v 0.068 		2.871 		-3.7004
v 0.163 		2.219 		-3.897
v 0.163 		2.225 		-3.888
v 0.065 		-1 		3.296
v 0.503 		-0.986 		3.515
v 0.065 		-1.01 		3.515
v 0.503 		-0.964 		3.296
v 0.162 		2.233 		-3.88
v -0.028 		2.211 		-3.976
v -0.028 		2.219 		-3.983
v -0.028 		2.209 		-4
v -0.028 		2.2 		-3.995
v -0.028 		2.192 		-3.987
v -0.028 		2.186 		-3.978
v -0.028 		2.233 		-4.005
v -0.028 		2.22 		-4.004
v -0.028 		2.218 		-4.032
v 0.185 		2.234 		-3.879
v 0.186 		2.226 		-3.887
v -0.01 		2.186 		-3.978
v -0.01 		2.192 		-3.987
v 0.187 		2.22 		-3.896
v -0.01 		2.2 		-3.995
v 0.8 		-0.855 		3.275
v -0.01 		2.209 		-4
v -0.01 		2.22 		-4.004
v -0.01 		2.233 		-4.005
v -0.01 		2.211 		-3.976
v -0.01 		2.219 		-3.983
v -0.01 		2.218 		-4.032
v 0.162 		2.301 		-3.945
v 0.157 		-1.865 		8.248
v -0.028 		2.282 		-4.072
v -0.028 		2.279 		-4.063
v -0.028 		2.276 		-4.059
v 0.068 		-1.1432 		8.192
v 0.068 		-1.148 		8.192
v 0.065 		-1.148 		8.192
v -0.028 		2.271 		-4.055
v -0.028 		2.256 		-4.051
v 0.067 		-1.152 		8.192
v 0.068 		-1.152 		8.192
v 0.068 		-1.1515 		8.192
v -0.028 		2.285 		-4.037
v 0.075 		-1.148 		8.192
v -0.028 		2.278 		-4.09
v -0.028 		2.281 		-4.083
v 0.0451 		-1.1372 		8.192
v 0.0463 		-1.137 		8.192
v 0.0627 		-1.152 		8.192
v 0.0473 		-1.152 		8.192
v -0.028 		2.294 		-4.044
v -0.028 		2.301 		-4.052
v -0.398 		0.656 		9.429
v 0.086 		-1.1665 		8.192
v 0.0898 		-1.152 		8.192
v -0.342 		0.737 		9.319
v -0.01 		2.301 		-4.052
v -0.01 		2.294 		-4.044
v 0.0857 		-1.1613 		8.192
v 0.0857 		-1.1666 		8.192
v -0.01 		2.285 		-4.037
v 0.082 		-1.155 		8.192
v -0.01 		2.282 		-4.0743
v -0.01 		2.2805 		-4.0675
v -0.48 		0.712 		9.217
v -0.01 		2.2798 		-4.0652
v 0.079 		-1.152 		8.192
v -0.01 		2.279 		-4.0642
v -0.01 		2.2722 		-4.056
v -0.01 		2.271 		-4.055
v -0.01 		2.256 		-4.051
v 0.061 		-1.155 		8.192
v -0.01 		2.278 		-4.09
v -0.01 		2.2813 		-4.0802
v -0.628 		0.741 		8.994
v -0.01 		2.281 		-4.083
v 4.424 		1.524 		6.149
v 1.002 		-0.361 		7.838
v 6.496 		1.831 		5.954
v 6.496 		1.637 		5.983
v 0.857 		-0.71 		7.838
v -0.028 		2.236 		-4.05
v 7.295 		1.666 		5.983
v -0.028 		2.221 		-4.053
v -0.028 		2.21 		-4.061
v -0.028 		2.203 		-4.07
v -0.028 		2.201 		-4.082
v -0.028 		2.198 		-4.042
v -0.028 		2.208 		-4.036
v -0.028 		2.203 		-4.092
v -0.028 		2.182 		-4.059
v -0.028 		2.189 		-4.05
v 7.295 		1.849 		5.954
v -0.028 		2.177 		-4.082
v 0.059 		-1.0319 		3.816
v -0.028 		2.178 		-4.07
v 0.059 		-1.0357 		3.8922
v -0.01 		2.177 		-4.082
v -0.01 		2.1785 		-4.0925
v 0.059 		-1.0284 		3.7718
v 0.059 		-1.0314 		3.8119
v 0.059 		-1.106 		3.759
v 0.059 		-1.106 		3.837
v -0.01 		2.2155 		-4.033
v 0.068 		-0.895 		8.1291
v 0.064 		-0.8949 		8.1292
v -0.01 		2.2005 		-4.0405
v 0.064 		-0.8959 		8.128
v 0.0671 		-0.8959 		8.128
v 0.077 		-1.106 		3.837
v 0.077 		-1.106 		3.759
v 0.077 		-1.0285 		3.7718
v 0.077 		-1.0317 		3.816
v -0.01 		2.198 		-4.042
v 7.295 		1.613 		4.325
v 7.295 		1.637 		4.802
v 0.065 		-1.0288 		3.7717
v -0.01 		2.189 		-4.05
v 0.107 		-0.8878 		8.1864
v 0.1 		2.919 		-3.749
v 0.077 		-1.0355 		3.8923
v 0.065 		-1.0358 		3.8921
v 7.295 		1.726 		4.325
v 0.945 		-0.241 		2.777
v 0.966 		-0.251 		2.974
v 0.068 		2.919 		-3.735
v 0.068 		2.919 		-3.738
v 0.1 		2.919 		-3.752
v 7.295 		1.803 		4.802
v 0.04 		2.919 		-3.752
v 0.04 		2.919 		-3.749
v 6.899 		1.606 		4.547
v 6.5 		1.567 		4.222
v 6.5 		1.613 		4.749
v 0.889 		-0.548 		2.766
v 6.5 		1.711 		4.222
v 0.8 		-0.823 		2.964
v 0.8 		-0.799 		2.766
v 0.889 		-0.58 		2.964
v 0.043 		2.866 		-3.72
v 0.0534 		2.866 		-3.72
v 0.0508 		2.8651 		-3.7265
v 0.471 		-0.933 		2.964
v 0.0336 		2.8594 		-3.77
v 6.5 		1.764 		4.749
v 0.0465 		2.8641 		-3.7378
v 0.0489 		2.8648 		-3.7316
v 0.471 		-0.912 		2.766
v 0.0328 		2.8607 		-3.7733
v 0.043 		2.8632 		-3.7468
v 0.072 		-0.943 		2.766
v 0.0332 		2.8608 		-3.7723
v 0.0328 		2.8613 		-3.7738
v 6.899 		1.757 		4.547
v 5.725 		1.803 		5.954
v 5.223 		1.57 		5.29
v 5.725 		1.637 		5.983
v 0.072 		-0.922 		2.547
v 0.097 		2.866 		-3.72
v 0.0816 		2.866 		-3.72
v 0.471 		-0.876 		2.547
v 0.107 		2.859 		-3.773
v 0.0984 		2.8599 		-3.7659
v 0.779 		-0.767 		2.547
v 0.913 		-0.174 		2.547
v 0.878 		-0.52 		2.543
v 0.881 		-0.225 		2.32
v 4.704 		1.775 		5.954
v 4.704 		1.556 		5.983
v 0.114 		2.919 		-3.784
v 0.1 		2.919 		-3.816
v 0.068 		2.919 		-3.83
v 0.114 		2.915 		-3.784
v 0.1134 		2.915 		-3.7827
v 0.1135 		2.915 		-3.7833
v 0.809 		-0.583 		2.016
v -0.264 		0.882 		8.994
v 0.0999 		2.915 		-3.816
v 0.1 		2.915 		-3.816
v 0.1005 		2.915 		-3.8131
v 0.747 		-0.435 		1.387
v -0.763 		0.829 		8.202
v -0.377 		0.96 		8.202
v 0.726 		-0.657 		1.387
v 0.04 		2.919 		-3.816
v -0.321 		0.938 		8.644
v 0.026 		2.919 		-3.784
v -0.685 		0.794 		8.644
v 0.045 		-0.901 		1.331
v 0.092 		-0.901 		1.331
v 0.068 		-0.86 		1.328
v 0.092 		-0.88 		1.451
v 0.026 		2.915 		-3.784
v 0.027 		2.915 		-3.7863
v 0.0265 		2.915 		-3.7833
v 0.028 		2.915 		-3.7794
v 0.045 		-0.88 		1.451
v 0.026 		2.859 		-3.791
v 0.068 		-0.843 		1.424
v -0.515 		1.101 		7.372
v -0.059 		1.207 		7.276
v -0.487 		0.96 		7.838
v 0.1049 		2.8582 		-3.784
v 0.1048 		2.8598 		-3.785
v -0.816 		0.829 		7.838
v 0.471 		-0.767 		1.387
v 0.065 		-0.823 		1.387
v 0.107 		2.859 		-3.791
v 0.097 		2.855 		-3.826
v 0.1036 		2.859 		-3.791
v 0.043 		2.855 		-3.826
v 0.0362 		2.859 		-3.791
v 0.045 		-0.828 		1.4778
v 0.163 		2.274 		-3.937
v -0.01 		2.182 		-4.059
v 0.166 		2.24 		-3.962
v -0.745 		0.931 		7.633
v -0.01 		2.178 		-4.07
v -0.734 		0.931 		7.633
v -0.01 		2.236 		-4.05
v -0.01 		2.221 		-4.053
v -0.01 		2.21 		-4.061
v -0.01 		2.203 		-4.07
v -0.01 		2.201 		-4.082
v -0.01 		2.203 		-4.092
v 0.164 		2.287 		-3.962
v -0.7251 		0.902 		7.6516
v -0.7248 		0.896 		7.654
v -0.721 		0.896 		7.6555
v -0.7249 		0.896 		7.6527
v 0.189 		2.242 		-3.961
v -0.727 		0.921 		7.63
v -0.7258 		0.9223 		7.6397
v -0.7263 		0.921 		7.6409
v -0.7266 		0.921 		7.6361
v 0.186 		2.275 		-3.936
v -0.7264 		0.9229 		7.6392
v 0.187 		2.288 		-3.961
v 0.185 		2.302 		-3.943
v -0.7266 		0.9224 		7.637
v -0.727 		0.91 		7.626
v -0.7268 		0.9095 		7.6288
v -0.002 		1.616 		-2.89
v -0.002 		1.15 		-2.473
v -0.749 		0.907 		7.623
v -0.756 		0.914 		7.626
v -0.002 		1.143 		-2.787
v -0.002 		0.659 		-2.72
v -0.752 		0.924 		7.633
v -0.7295 		0.9248 		7.6379
v -0.002 		1.997 		-3.218
v -0.7279 		0.9245 		7.638
v -0.7408 		0.9264 		7.6367
v -0.002 		1.997 		-3.469
v -0.7415 		0.9259 		7.6362
v -0.002 		1.118 		-3.388
v -0.002 		1.602 		-3.441
v -0.752 		0.917 		7.57
v -0.01 		1.997 		-3.699
v -0.01 		1.793 		-3.901
v -0.745 		0.945 		7.57
v -0.734 		0.942 		7.57
v -0.002 		1.588 		-3.678
v -0.727 		0.931 		7.57
v -0.731 		0.921 		7.57
v -0.01 		1.997 		-3.901
v -0.002 		1.581 		-3.887
v -0.738 		0.914 		7.57
v -0.0092 		1.9517 		-4.096
v -0.0091 		1.9494 		-4.096
v -0.006 		1.574 		-4.039
v -0.756 		0.924 		7.57
v -0.01 		1.789 		-4.084
v -0.002 		1.111 		-3.597
v -0.006 		1.351 		-3.646
v -0.756 		0.938 		7.57
v -0.006 		1.101 		-3.816
v 0.966 		-0.001 		3.452
v -0.006 		1.344 		-3.841
v -0.013 		0.776 		-3.547
v -0.01 		0.818 		-3.328
v -0.028 		2.306 		-4.161
v -0.028 		2.308 		-4.169
v -0.028 		2.307 		-4.183
v 0.1087 		-0.8892 		8.1789
v 0.111 		-0.8906 		8.1706
v -0.0094 		2.307 		-4.183
v -0.0093 		2.308 		-4.169
v -0.0095 		2.306 		-4.161
v 0.1093 		-0.8922 		8.1649
v 0.107 		-0.8946 		8.1567
v 2.7477 		0 		-2.048
v 2.048 		0 		-2.048
v -0.7322 		0.9366 		7.4895
v -0.731 		0.938 		7.499
v -0.7313 		0.9358 		7.4899
v 2.048 		0.0213 		-2.0931
v 2.048 		0 		-2.0849
v 0.2745 		0 		-2.0852
v 0.2743 		0.0028 		-2.0863
v 2.048 		0 		-1.9109
v -0.749 		0.914 		7.506
v 2.048 		-0.011 		-1.9025
v 0.0685 		-0.895 		8.1292
v 0.064 		-0.896 		8.128
v -0.738 		0.914 		7.51
v 0.1007 		2.8565 		-3.8064
v 2.7544 		-0.0415 		-2.0688
v 0.029 		-0.896 		8.1718
v 0.0596 		2.8567 		-3.8051
v 0.0823 		2.858 		-3.7971
v 0.0393 		2.8565 		-3.8064
v 0.0305 		-0.8939 		8.1784
v 0.033 		-0.8914 		8.1871
v 0.043 		2.858 		-3.7971
v -0.285 		-0.004 		9.39
v 0.0367 		-0.8907 		8.1913
v -0.7381 		0.9138 		7.5098
v -0.745 		0.9129 		7.5064
v 0.0672 		-0.896 		8.128
v 0.0675 		-0.896 		8.1279
v 0.064 		-0.896 		8.1279
v -0.756 		0.921 		7.502
v 0.0645 		-0.9399 		8.1384
v 0.065 		-0.9404 		8.1384
v 0.0672 		-0.9407 		8.1378
v -0.752 		0.931 		7.495
v -0.7327 		0.935 		7.4906
v -0.7386 		0.9135 		7.5054
v 0.019 		2.841 		-3.901
v 0.068 		2.852 		-3.848
v -0.904 		-0.013 		7.572
v -0.794 		0.903 		7.428
v -0.7947 		0.9027 		7.424
v 0.0642 		-0.9097 		8.128
v 0.064 		-0.9097 		8.128
v 0.064 		-0.9095 		8.1291
v 0.064 		-0.9457 		8.1398
v 0.0679 		-0.9464 		8.1389
v 0.0663 		-0.9465 		8.1394
v 0.064 		-0.9459 		8.1399
v 0.115 		2.837 		-3.945
v -0.7929 		0.9029 		7.424
v 0.114 		2.841 		-3.901
v 0.001 		2.569 		-3.989
v -0.851 		0.829 		7.428
v -0.795 		0.9014 		7.424
v -0.7948 		0.9016 		7.424
v 0.0676 		-0.9407 		8.1378
v 0.068 		-0.9416 		8.138
v -0.823 		0.8519 		7.2794
v -0.8558 		0.7992 		7.168
v -0.8676 		0.7838 		7.168
v 0.137 		2.333 		-3.585
v 0.137 		2.329 		-3.592
v -0.8716 		0.7507 		7.168
v 0.139 		2.308 		-3.6
v 0.138 		2.323 		-3.596
v -0.6826 		0.9214 		7.168
v -0.837 		1.666 		6.7
v -0.699 		1.666 		6.7
v 0.0813 		-0.9067 		8.128
v 0.0823 		-0.9059 		8.1306
v 0.14 		2.327 		-3.634
v 0.14 		2.339 		-3.645
v 0.14 		2.336 		-3.637
v 0.14 		2.338 		-3.64
v 0.0663 		-0.9091 		8.1318
v 0.068 		-0.9087 		8.1317
v 0.064 		-0.9088 		8.1319
v 0.068 		-0.9464 		8.1389
v -0.37 		1.309 		7.153
v -0.261 		1.471 		6.951
v -0.172 		1.055 		6.693
v -0.0293 		1.024 		6.7445
v 0.111 		-0.936 		8.181
v -0.1668 		1.024 		6.7385
v -0.377 		1.027 		6.693
v -0.3568 		1.024 		6.7013
v -0.3766 		1.024 		6.698
v 0.139 		2.316 		-3.599
v -0.3819 		1.024 		6.695
v 0.107 		-0.94 		8.167
v -0.0572 		1.024 		7.049
v -0.3828 		1.024 		6.6978
v -0.3871 		1.024 		6.7108
v -0.2989 		1.024 		6.8429
v 0.1029 		-0.8968 		8.1511
v 0.097 		-0.8999 		8.1431
v -0.823 		1.065 		7.11
v 0.097 		-0.943 		8.153
v -0.865 		1.351 		6.735
v 0.163 		2.238 		-3.909
v 0.161 		2.33 		-3.59
v 0.16 		2.335 		-3.584
v 0.0901 		-0.9028 		8.1368
v -0.688 		1.288 		7.131
v 0.167 		2.213 		-3.949
v 0.162 		2.318 		-3.598
v 0.164 		2.339 		-3.648
v -0.756 		1.175 		7.163
v 0.165 		2.212 		-3.919
v 0.164 		2.215 		-3.907
v 0.166 		2.211 		-3.932
v -0.706 		1.51 		6.891
v 0.161 		2.324 		-3.595
v 0.086 		-0.943 		8.142
v 0.165 		2.305 		-3.632
v -0.292 		1.782 		6.449
v -0.292 		1.729 		6.636
v 0.086 		-0.9044 		8.1335
v -0.756 		1.722 		6.644
v 0.162 		2.31 		-3.599
v -0.699 		1.75 		6.562
v 0.163 		2.328 		-3.633
v 4.3722 		1.536 		5.8448
v 4.3316 		1.536 		5.931
v 0.163 		2.337 		-3.635
v 4.4371 		1.536 		5.9816
v 4.414 		1.415 		6
v 4.364 		1.422 		5.915
v -1.003 		1.722 		6.562
v -0.837 		1.75 		6.562
v 4.382 		1.489 		5.898
v 4.325 		1.503 		5.997
v 4.322 		1.464 		5.993
v -0.028 		2.305 		-4.227
v -0.028 		2.306 		-4.232
v -0.028 		2.305 		-4.236
v -0.0096 		2.305 		-4.236
v 0.0853 		-0.9257 		8.1382
v -0.0095 		2.306 		-4.232
v 0.0856 		-0.9251 		8.138
v -0.0096 		2.305 		-4.227
v -0.837 		1.556 		6.591
v 0.0834 		-0.9274 		8.1385
v 0.0856 		-0.9233 		8.1377
v 0.0741 		-0.9407 		8.1391
v 0.0746 		-0.9399 		8.139
v 0.0783 		-0.9322 		8.1383
v -0.028 		2.305 		-4.305
v -0.028 		2.307 		-4.323
v -0.028 		2.306 		-4.336
v 0.079 		-0.9318 		8.1384
v -0.0097 		2.306 		-4.336
v -1.003 		1.613 		6.591
v -0.0097 		2.307 		-4.323
v -0.0098 		2.305 		-4.305
v -0.0098 		2.3046 		-4.3035
v 0.0853 		-0.9065 		8.1339
v 0.0856 		-0.9072 		8.1341
v 0.0836 		-0.905 		8.1335
v 0.0845 		-0.9059 		8.1338
v -0.0097 		2.3043 		-4.3024
v 0.0787 		-0.9 		8.1323
v 0.0747 		-0.8964 		8.1307
v 4.435 		1.503 		6
v -0.699 		1.803 		6.343
v 0.0857 		-0.9158 		8.136
v 0.0797 		-0.9058 		8.1336
v -0.028 		2.251 		-4.108
v -0.028 		2.266 		-4.102
v -0.028 		2.273 		-4.097
v -0.028 		2.248 		-4.132
v 4.265 		1.747 		5.17
v -0.028 		2.3 		-4.1
v -0.028 		2.293 		-4.11
v -0.028 		2.282 		-4.119
v -0.028 		2.272 		-4.126
v -0.028 		2.26 		-4.13
v -0.028 		2.257 		-4.158
v -0.028 		2.26 		-4.154
v -0.028 		2.268 		-4.151
v -0.028 		2.279 		-4.15
v -0.028 		2.292 		-4.152
v -0.028 		2.301 		-4.155
v 4.265 		1.493 		5.17
v -0.904 		1.267 		6.237
v -0.01 		2.257 		-4.1305
v -0.904 		1.454 		6.347
v -0.01 		2.26 		-4.13
v -0.904 		1.5291 		6.378
v -0.904 		1.51 		6.238
v -0.904 		1.38 		6.272
v 5.725 		1.556 		4.653
v -0.01 		2.272 		-4.126
v -0.01 		2.282 		-4.119
v 5.227 		1.514 		4.243
v 5.725 		1.528 		4.123
v -0.01 		2.293 		-4.11
v -0.901 		1.33 		6.421
v -0.886 		1.058 		6.393
v -0.893 		1.111 		6.569
v -0.01 		2.3 		-4.1
v -0.01 		2.301 		-4.0974
v -0.01 		2.251 		-4.108
v -0.01 		2.266 		-4.102
v -0.01 		2.273 		-4.097
v -0.01 		2.2703 		-4.151
v -0.01 		2.262 		-4.1533
v -0.01 		2.26 		-4.154
v 0.166 		2.236 		-3.951
v -0.01 		2.257 		-4.158
v -0.901 		1.454 		6.449
v -0.01 		2.301 		-4.155
v -0.01 		2.292 		-4.152
v -0.01 		2.279 		-4.15
v -0.01 		2.2762 		-4.1502
v 0.168 		2.219 		-3.967
v -0.1475 		-0.0016 		-2.0846
v 0.164 		2.234 		-3.919
v 0.165 		2.233 		-3.932
v -1.198 		1.775 		6.481
v -1.749 		1.722 		6.52
v -1.198 		1.666 		6.591
v -1.749 		1.613 		6.569
v 0.0655 		-0.8306 		1.4765
v 0.0639 		-0.8274 		1.4404
v 0.0653 		-0.8273 		1.4375
v 0.188 		2.234 		-3.93
v 0.189 		2.237 		-3.949
v 0.092 		-0.8277 		1.478
v 0.0725 		-0.8268 		1.441
v -1.198 		1.556 		6.506
v 0.068 		-0.947 		8.139
v 0.068 		-0.8266 		1.4326
v 0.086 		-0.94 		8.1586
v 0.088 		-0.9394 		8.16
v 6.114 		1.567 		4.466
v 0.0942 		-0.9406 		8.1554
v 0.0935 		-0.9419 		8.1509
v 0.0937 		-0.9408 		8.154
v 0.065 		-0.71 		0.118
v 0.088 		-0.9394 		8.1599
v 5.725 		1.655 		4.12
v 0.284 		-0.657 		0.118
v 5.725 		1.722 		4.653
v 0.524 		-0.58 		0.118
v -0.4869 		0.9599 		6.7383
v 0.0829 		-0.9401 		8.1561
v 0.637 		-0.382 		0.118
v 6.114 		1.715 		4.466
v 0.0808 		-0.9407 		8.1546
v 0.637 		-0.11 		0.118
v -0.865 		0.79 		6.725
v -0.872 		0.772 		7.1
v 5.227 		1.662 		4.243
v 2.048 		-0.1701 		-2.048
v 2.4227 		-0.0898 		-2.048
v -0.904 		0.684 		6.735
v 4.707 		1.496 		4.166
v 2.048 		-0.0874 		-2.048
v 0.068 		-0.7785 		-0.0542
v 0.079 		-0.9407 		8.1532
v 0.079 		-0.9407 		8.1532
v 0.074 		-0.7884 		-0.0544
v -0.8743 		0.7444 		7.1236
v -0.8743 		0.7424 		7.1
v 0.0629 		-0.7873 		-0.0544
v 0.0748 		-0.9409 		8.1532
v 0.0788 		-0.9407 		8.1532
v -0.8739 		0.7261 		6.9076
v -0.8735 		0.7111 		6.7306
v 0.0721 		-0.9422 		8.1486
v -0.8764 		0.6661 		6.656
v -0.8734 		0.7048 		6.656
v 4.704 		1.662 		4.166
v 0.065 		-0.6973 		-0.0524
v -0.611 		0.945 		6.693
v 0.0953 		-0.69 		-0.0522
v 0.0457 		-0.6908 		-0.0522
v -0.6047 		0.8847 		6.7722
v 0.068 		-0.9428 		8.1474
v 0.0674 		-0.943 		8.1468
v -0.6475 		0.8469 		6.7391
v -0.8122 		0.7114 		6.656
v -0.7851 		0.8168 		7.0285
v 3.82 		1.694 		6.591
v -0.8833 		0.6446 		6.656
v -0.8789 		0.6998 		6.656
v 0.092 		-0.795 		-0.454
v 0.045 		-0.795 		-0.454
v -0.904 		0.663 		6.492
v 3.102 		1.722 		6.534
v 0.068 		-0.755 		-0.452
v 0.068 		-0.7777 		-0.0664
v 0.0741 		-0.7879 		-0.0665
v 3.82 		1.775 		6.453
v 0.068 		-0.9411 		8.1532
v -0.904 		0.716 		6.46
v 0.0681 		-0.9411 		8.1533
v 0.0696 		-0.941 		8.1532
v 0.0766 		-0.9415 		8.1499
v -0.893 		0.748 		6.523
v 0.0746 		-0.9416 		8.1498
v 3.82 		1.584 		6.481
v 0.0628 		-0.7868 		-0.0665
v -0.89 		0.702 		6.629
v 3.102 		1.637 		6.573
v -0.9039 		0.6631 		6.4921
v -0.9039 		0.6631 		6.4921
v 0.0955 		-0.689 		-0.0649
v 0.065 		-0.6964 		-0.065
v -2.329 		1.775 		6.481
v -2.329 		1.666 		6.591
v 0.0456 		-0.6898 		-0.0649
v 2.469 		1.775 		6.481
v -2.962 		1.627 		6.573
v 2.469 		1.666 		6.591
v -2.329 		1.584 		6.506
v 2.469 		1.584 		6.506
v 0.065 		-0.636 		-0.875
v -2.962 		1.733 		6.513
v 0.471 		-0.325 		-0.875
v 0.471 		-0.11 		-0.875
v 0.394 		-0.491 		-0.875
v 0.227 		-0.58 		-0.875
v -2.287 		1.45 		6.18
v 0.065 		-0.548 		-1.723
v 0.63 		1.101 		7.372
v -0.028 		2.209 		-4.1
v -0.028 		2.22 		-4.107
v 0.199 		1.207 		7.276
v -0.028 		2.235 		-4.11
v -0.028 		2.18 		-4.1
v -0.028 		2.222 		-4.131
v -0.028 		2.21 		-4.128
v -0.028 		2.2 		-4.123
v -0.028 		2.191 		-4.116
v -0.01 		2.1793 		-4.097
v -0.01 		2.1837 		-4.1068
v -0.01 		2.1865 		-4.1108
v 0.945 		0.829 		7.838
v -0.01 		2.191 		-4.116
v -0.01 		2.2 		-4.123
v -0.01 		2.21 		-4.128
v 0.188 		2.216 		-3.906
v 0.186 		2.239 		-3.907
v -0.01 		2.222 		-4.131
v 0.187 		2.235 		-3.918
v -0.01 		2.2383 		-4.1328
v -0.01 		2.2285 		-4.1312
v 0.191 		2.221 		-3.965
v 3.105 		0.042 		-2.458
v 3.112 		0.035 		-2.229
v -0.01 		2.209 		-4.1
v -0.01 		2.22 		-4.107
v -0.01 		2.235 		-4.11
v 2.755 		0.049 		-2.087
v 3.024 		0.042 		-2.176
v 2.75 		0.0417 		-2.2158
v 3.024 		0.038 		-2.437
v -0.028 		2.252 		-4.221
v -0.028 		2.266 		-4.213
v -0.028 		2.276 		-4.203
v -0.028 		2.286 		-4.22
v -0.028 		2.282 		-4.19
v -0.028 		2.303 		-4.196
v -0.028 		2.296 		-4.208
v 2.75 		0.039 		-3.1
v -0.028 		2.295 		-4.221
v -0.028 		2.301 		-4.223
v 0.203 		0.539 		10.009
v -0.028 		2.286 		-4.173
v -0.028 		2.268 		-4.173
v -0.028 		2.259 		-4.17
v -0.028 		2.257 		-4.167
v -0.01 		2.252 		-4.221
v 0.171 		0.585 		10.009
v -0.01 		2.257 		-4.167
v 0.125 		0.617 		10.008
v -0.01 		2.266 		-4.213
v -0.01 		2.276 		-4.203
v -0.01 		2.286 		-4.22
v -0.01 		2.259 		-4.17
v -0.01 		2.282 		-4.19
v -0.01 		2.296 		-4.208
v -0.01 		2.301 		-4.1994
v -0.01 		2.301 		-4.223
v 0.241 		0.552 		9.882
v -0.01 		2.295 		-4.221
v -0.01 		2.268 		-4.173
v -0.01 		2.286 		-4.173
v 0.203 		0.612 		9.883
v -0.0098 		2.303 		-4.196
v 0.189 		2.213 		-3.93
v -0.028 		2.179 		-4.223
v -0.028 		2.183 		-4.221
v -0.028 		2.188 		-4.22
v -0.01 		2.188 		-4.22
v -0.01 		2.183 		-4.221
v -0.01 		2.179 		-4.223
v 0.19 		2.215 		-3.947
v 0.125 		0.351 		10.012
v 0.171 		0.383 		10.011
v 0.203 		0.429 		10.011
v 0.213 		0.482 		10.011
v -0.028 		2.303 		-4.239
v -0.028 		2.299 		-4.241
v -0.028 		2.271 		-4.243
v -0.028 		2.264 		-4.279
v -0.028 		2.275 		-4.276
v -0.028 		2.283 		-4.277
v -0.028 		2.29 		-4.28
v -0.028 		2.296 		-4.285
v -0.01 		2.271 		-4.243
v -0.01 		2.2952 		-4.2417
v -0.01 		2.278 		-4.2425
v -0.01 		2.301 		-4.2398
v 0.139 		0.304 		9.887
v -0.01 		2.296 		-4.285
v 0.203 		0.346 		9.887
v -0.01 		2.29 		-4.28
v 0.241 		0.407 		9.885
v -0.01 		2.283 		-4.277
v -0.01 		2.275 		-4.276
v -0.01 		2.264 		-4.279
v 0.192 		2.246 		-4.006
v 0.193 		2.251 		-4.029
v 0.256 		0.478 		9.883
v 0.192 		2.269 		-4.031
v 0.163 		2.339 		-3.639
v 0.163 		2.34 		-3.643
v 0.17 		2.25 		-4.031
v 0.166 		2.251 		-3.973
v 0.167 		2.252 		-3.977
v 0.167 		2.251 		-3.981
v 0.169 		2.244 		-4.007
v 0.592 		0.518 		9.429
v 0.169 		2.267 		-4.032
v 0.538 		0.599 		9.348
v 0.648 		0.575 		9.319
v 0.287 		0.567 		9.695
v 0.234 		0.645 		9.694
v 0.3021 		0.512 		9.6293
v 0.2903 		0.5712 		9.6269
v 0.168 		2.242 		-3.988
v 0.168 		2.246 		-3.987
v 0.325 		0.545 		9.429
v 0.51 		0.628 		9.429
v 0.325 		0.545 		9.235
v 0.51 		0.575 		9.235
v 0.454 		0.628 		9.235
v 0.164 		2.297 		-3.973
v 0.3069 		0.512 		9.5501
v 0.779 		0.441 		9.217
v 0.563 		0.437 		9.235
v 0.62 		0.352 		9.429
v 0.592 		0.462 		9.348
v 0.592 		0.352 		9.348
v 0.648 		0.462 		9.429
v 0.563 		0.271 		9.429
v 0.144 		2.315 		-3.686
v 0.065 		0.991 		7.838
v 0.613 		0.96 		7.838
v 0.563 		0.324 		9.235
v 0.142 		2.329 		-3.668
v 0.729 		0.299 		9.319
v 0.592 		0.162 		9.429
v 0.648 		0.243 		9.429
v 0.786 		0.077 		9.217
v 0.8549 		0.914 		7.68
v 0.8636 		0.9243 		7.68
v 0.8711 		0.935 		7.68
v 0.676 		0.105 		9.319
v 0.872 		0.9159 		7.68
v 0.86 		0.945 		7.57
v 0.871 		0.945 		7.573
v 0.853 		0.935 		7.57
v 0.16 		0.259 		9.696
v 0.234 		0.312 		9.697
v 0.284 		-0.414 		-1.723
v 0.2055 		0.2569 		9.5789
v 0.337 		-0.304 		-1.723
v 0.1879 		0.2452 		9.582
v 0.846 		0.914 		7.626
v 0.287 		0.386 		9.695
v 0.864 		0.935 		7.637
v 0.171 		-0.491 		-1.723
v 0.079 		-0.9405 		8.1531
v 0.305 		0.478 		9.696
v 0.0868 		-0.9396 		8.1589
v 0.1047 		-0.9374 		8.1729
v 0.8622 		0.925 		7.6691
v 0.1024 		-0.9381 		8.1689
v 0.2935 		0.3777 		9.5598
v 0.097 		-0.9392 		8.1629
v 0.3137 		0.4781 		9.5511
v 0.853 		0.924 		7.57
v 0.089 		-0.9391 		8.1607
v 0.0891 		-0.9391 		8.1608
v 0.256 		0.289 		9.429
v 0.482 		0.271 		9.348
v -0.0099 		2.302 		-4.2395
v 0.454 		0.271 		9.235
v -0.0098 		2.303 		-4.239
v 0.089 		-0.9391 		8.1607
v 0.0868 		-0.9393 		8.1589
v 0.864 		0.917 		7.57
v 0.0796 		-0.9399 		8.1534
v 0.079 		-0.94 		8.153
v 0.8692 		0.917 		7.6535
v 0.325 		0.408 		9.235
v 0.325 		0.408 		9.429
v 0.256 		0.289 		9.235
v 0.874 		0.917 		7.57
v 0.874 		0.917 		7.63
v -0.028 		2.188 		-4.243
v -0.028 		2.179 		-4.24
v -0.028 		2.177 		-4.237
v -0.028 		2.176 		-4.232
v -0.028 		2.186 		-4.285
v -0.028 		2.191 		-4.276
v -0.028 		2.197 		-4.269
v -0.028 		2.203 		-4.265
v -0.028 		2.209 		-4.264
v -0.028 		2.213 		-4.264
v -0.028 		2.218 		-4.27
v -0.028 		2.219 		-4.274
v -0.028 		2.218 		-4.279
v 0.097 		-0.929 		8.192
v 0.404 		0.215 		9.429
v 0.097 		-0.936 		8.171
v 0.881 		0.928 		7.57
v -0.01 		2.218 		-4.279
v -0.01 		2.219 		-4.274
v -0.01 		2.2188 		-4.273
v 0.287 		0.243 		9.348
v -0.01 		2.2165 		-4.2677
v 0.881 		0.938 		7.57
v -0.01 		2.2153 		-4.2663
v -0.01 		2.1767 		-4.2358
v 0.503 		0.148 		9.429
v 0.287 		0.105 		9.418
v 0.913 		0.903 		7.428
v 0.9143 		0.9029 		7.424
v 0.125 		0.077 		9.418
v 2.755 		-0.093 		-2.116
v 0.9126 		0.903 		7.424
v 0.9122 		0.9031 		7.424
v 0.174 		0.211 		9.429
v 2.048 		-0.0949 		-2.56
v 2.755 		-0.0995 		-2.56
v 2.048 		-0.0981 		-2.56
v 2.755 		-0.1 		-2.56
v 0.9154 		0.8996 		7.424
v 0.9141 		0.9014 		7.424
v 2.048 		-0.0981 		-2.964
v 2.755 		-0.1 		-2.964
v 2.755 		-0.1 		-2.593
v 0.86 		0.945 		7.499
v 0.089 		-0.936 		8.16
v 0.197 		0.245 		9.429
v 2.7556 		-0.085 		-3.072
v 0.853 		0.938 		7.502
v 0.197 		0.245 		9.235
v 2.048 		-0.0906 		-3.072
v 0.8603 		0.9449 		7.5002
v 0.064 		-0.9101 		8.128
v 0.835 		0.077 		8.994
v 2.048 		-0.0981 		-3.0185
v 0.8554 		0.9398 		7.5031
v 0.835 		0.441 		8.994
v 0.853 		0.924 		7.506
v 0.064 		-0.9456 		8.1401
v 0.064 		-0.9403 		8.1521
v 0.064 		-0.9409 		8.1499
v 0.064 		-0.9425 		8.1466
v 0.064 		-0.9417 		8.1503
v 0.064 		-0.9435 		8.1416
v 0.064 		-0.943 		8.1441
v 0.064 		-0.943 		8.142
v 0.0635 		-0.9088 		8.1318
v 0.054 		-0.9073 		8.1341
v 0.0544 		-0.9234 		8.1376
v 0.0583 		-0.9319 		8.1384
v 0.058 		-0.9312 		8.1383
v 0.913 		0.077 		8.644
v 0.0544 		-0.9252 		8.138
v 0.913 		0.441 		8.644
v 1.002 		0.441 		8.202
v 0.8566 		0.9272 		7.5074
v 0.0633 		-0.9457 		8.14
v 0.86 		0.917 		7.506
v 0.8657 		0.9205 		7.5079
v 0.874 		0.921 		7.506
v 0.0071 		-0.093 		-2.9639
v 0.0071 		-0.093 		-2.964
v 0.0076 		-0.093 		-2.9672
v 1.002 		0.441 		7.838
v 0.0076 		-0.091 		-2.9672
v 0.0072 		-0.0795 		-2.9648
v 0.0071 		-0.093 		-2.9639
v 0.878 		0.938 		7.499
v 0.881 		0.928 		7.502
v 1.023 		0.388 		7.428
v 0.125 		-0.093 		-2.964
v 0.966 		0.829 		7.428
v 0.512 		0.6339 		6.7795
v 0.0564 		-0.9437 		8.1415
v 0.054 		-0.943 		8.142
v 0.0107 		-0.2215 		-2.9824
v 0.0107 		-0.2205 		-2.9846
v 0.0106 		-0.2173 		-2.992
v 0.913 		0.9029 		7.424
v 0.9121 		0.9032 		7.424
v 0.9801 		0.807 		7.315
v 0.012 		-0.22 		-2.992
v 0.978 		0.81 		7.3185
v 0.118 		-0.304 		-2.992
v 0.9835 		0.7992 		7.168
v 0.0503 		-0.9063 		8.1373
v 0.043 		-0.904 		8.1441
v 0.0506 		-0.943 		8.1454
v 0.0444 		-0.943 		8.1516
v 0.043 		-0.9427 		8.1529
v -3.68 		1.584 		6.481
v 0.065 		-0.435 		-2.992
v 0.086 		-0.382 		-2.992
v -4.093 		1.75 		6.506
v -3.68 		1.694 		6.591
v -3.68 		1.775 		6.453
v 0.012 		-0.304 		-2.992
v 0.033 		-0.382 		-2.992
v 0.0366 		-0.9015 		8.1528
v 0.033 		-0.9 		8.1579
v 0.033 		-0.94 		8.167
v 0.0331 		-0.94 		8.1669
v 0.0331 		-0.9399 		8.1668
v 0.0374 		-0.9401 		8.1606
v 0.0335 		-0.94 		8.1663
v 0.0426 		-0.9426 		8.1536
v 0.0407 		-0.941 		8.156
v 0.068 		-0.34 		-3.558
v 0.146 		-0.093 		-3.165
v 0.0299 		-0.8973 		8.1687
v 0.0304 		-0.8977 		8.1669
v 0.029 		-0.936 		8.181
v -0.837 		1.803 		6.12
v -0.01 		2.177 		-4.237
v 0.0331 		-0.94 		8.167
v -0.01 		2.179 		-4.24
v -0.01 		2.188 		-4.243
v 0.0324 		-0.9394 		8.1692
v 0.033 		-0.94 		8.1671
v 0.0331 		-0.94 		8.167
v -0.01 		2.21 		-4.264
v -0.01 		2.209 		-4.264
v -0.01 		2.203 		-4.265
v -0.01 		2.197 		-4.269
v -0.904 		1.505 		6.141
v -0.01 		2.191 		-4.276
v -0.01 		2.186 		-4.285
v -1.198 		1.803 		5.954
v 0.0619 		-0.9416 		8.1533
v -1.198 		1.528 		5.983
v 0.0596 		-0.9415 		8.1544
v -0.028 		2.177 		-4.227
v -0.01 		2.177 		-4.227
v -0.01 		2.1767 		-4.2283
v 0.043 		-0.9349 		8.185
v -0.028 		2.286 		-4.323
v -0.028 		2.275 		-4.347
v -0.028 		2.283 		-4.336
v -0.028 		2.301 		-4.348
v 0.0611 		-0.9417 		8.1534
v -0.0099 		2.301 		-4.348
v -0.01 		2.2996 		-4.35
v 0.061 		-0.9417 		8.1534
v 0.0609 		-0.9417 		8.1535
v 0.043 		-0.943 		8.153
v -0.01 		2.286 		-4.323
v -0.699 		1.613 		4.689
v 0.0335 		-0.9399 		8.1668
v 0.0434 		-0.9426 		8.1534
v 0.0335 		-0.9398 		8.1672
v -0.01 		2.275 		-4.347
v 0.0334 		-0.9397 		8.1676
v -0.01 		2.277 		-4.3443
v -0.01 		2.2838 		-4.3337
v 0.0454 		-0.9426 		8.153
v -0.01 		2.2845 		-4.3305
v -0.7997 		1.6305 		4.6708
v -0.819 		1.694 		4.615
v -0.028 		2.284 		-4.307
v -0.7908 		1.6185 		4.608
v -0.028 		2.276 		-4.295
v -0.794 		1.651 		4.611
v -0.028 		2.268 		-4.307
v -0.7875 		1.6183 		4.611
v -0.028 		2.241 		-4.314
v -0.028 		2.254 		-4.289
v -0.01 		2.254 		-4.289
v 0.051 		-0.9402 		8.161
v -0.01 		2.241 		-4.314
v 0.0431 		-0.9377 		8.1713
v -0.01 		2.284 		-4.307
v 0.043 		-0.9377 		8.1714
v -0.823 		1.655 		4.664
v -0.01 		2.276 		-4.295
v 0.043 		-0.9377 		8.1714
v -0.01 		2.268 		-4.307
v -0.837 		1.6355 		4.6548
v -0.8345 		1.6366 		4.6644
v 0.0365 		-0.9369 		8.1759
v -0.028 		2.301 		-4.291
v -0.844 		1.651 		4.611
v -0.01 		2.301 		-4.291
v 0.0371 		-0.9391 		8.1654
v 0.0451 		-0.9411 		8.1549
v -0.028 		2.207 		-4.289
v -0.028 		2.203 		-4.301
v -0.028 		2.2 		-4.32
v -0.028 		2.201 		-4.332
v 0.0608 		-0.943 		8.1444
v -0.028 		2.18 		-4.303
v -0.028 		2.205 		-4.343
v -0.837 		1.637 		4.664
v -0.028 		2.178 		-4.32
v -0.028 		2.211 		-4.352
v -0.028 		2.182 		-4.344
v -0.0092 		2.182 		-4.344
v -0.0098 		2.178 		-4.32
v 0.0359 		-0.9349 		8.1858
v -0.01 		2.2041 		-4.3404
v -0.01 		2.205 		-4.343
v 0.036 		-0.9379 		8.1712
v 0.0369 		-0.9384 		8.1686
v -0.0099 		2.211 		-4.352
v 0.0528 		-0.9414 		8.153
v -0.01 		2.1787 		-4.3138
v -0.8115 		1.6399 		4.732
v -0.8178 		1.6417 		4.7373
v -0.8441 		1.6315 		4.6303
v 0.043 		-0.935 		8.1756
v -0.01 		2.207 		-4.289
v -0.8532 		1.6281 		4.609
v -0.8453 		1.6311 		4.6274
v -0.01 		2.203 		-4.301
v -0.01 		2.2 		-4.32
v -0.01 		2.201 		-4.332
v 0.043 		-0.936 		8.171
v -0.01 		2.18 		-4.303
v 0.043 		-0.933 		8.181
v -0.904 		1.393 		4.91
v 0.061 		-0.94 		8.153
v -0.028 		2.337 		-4.411
v -0.028 		2.338 		-4.407
v -0.028 		2.341 		-4.403
v -0.028 		2.349 		-4.4
v -0.028 		2.355 		-4.401
v -0.028 		2.359 		-4.406
v -0.028 		2.362 		-4.415
v -0.0052 		2.362 		-4.415
v -0.0073 		2.3593 		-4.4069
v 0.191 		2.243 		-3.986
v 0.19 		2.252 		-3.971
v -0.0081 		2.3372 		-4.4131
v -0.0081 		2.337 		-4.411
v 0.187 		2.298 		-3.971
v -0.0073 		2.359 		-4.406
v -0.0073 		2.355 		-4.401
v 0.19 		2.254 		-3.976
v -0.0074 		2.349 		-4.4
v -0.0074 		2.3479 		-4.4004
v -0.0079 		2.3385 		-4.4064
v -0.0079 		2.338 		-4.407
v 0.0668 		-0.9153 		8.1041
v 0.0698 		-0.9144 		8.1052
v 0.0689 		-0.9147 		8.1049
v 0.064 		-0.9149 		8.1046
v 0.072 		-0.947 		8.065
v 0.065 		-0.947 		8.065
v 0.0666 		-0.9128 		8.1151
v -0.004 		2.337 		-4.464
v -0.004 		2.324 		-4.463
v -0.004 		2.338 		-4.44
v -0.004 		2.335 		-4.44
v -0.004 		2.338 		-4.4379
v -0.004 		2.361 		-4.46
v -0.004 		2.363 		-4.426
v -0.004 		2.3625 		-4.4206
v -0.028 		2.337 		-4.464
v -0.028 		2.324 		-4.463
v -0.028 		2.324 		-4.44
v -0.028 		2.338 		-4.44
v -0.028 		2.338 		-4.423
v 0.079 		-0.954 		8.065
v -0.028 		2.363 		-4.426
v -0.028 		2.361 		-4.477
v -0.0056 		2.324 		-4.44
v 0.0738 		-0.9125 		8.1098
v -0.0065 		2.338 		-4.4257
v -0.0083 		2.3375 		-4.4178
v 0.19 		2.25 		-3.983
v -0.004 		2.337 		-4.499
v -0.004 		2.34 		-4.508
v -0.004 		2.344 		-4.51
v -0.004 		2.355 		-4.51
v -0.004 		2.359 		-4.507
v -0.004 		2.361 		-4.502
v -0.028 		2.361 		-4.502
v -0.028 		2.359 		-4.507
v -0.028 		2.355 		-4.51
v -0.028 		2.344 		-4.51
v -0.028 		2.338 		-4.504
v -0.028 		2.337 		-4.499
v 0.141 		2.334 		-3.653
v 0.142 		2.319 		-3.656
v 1.023 		0.352 		7.1
v 1.023 		0.299 		6.735
v 0.142 		2.328 		-3.655
v 0.144 		2.308 		-3.673
v 1.023 		0.539 		4.767
v 1.002 		0.497 		4.675
v 1.023 		0.497 		4.894
v 1.023 		0.606 		4.752
v 0.9146 		0.8955 		7.168
v 1.002 		0.554 		4.643
v 1.023 		0.123 		4.894
v 0.8518 		0.9179 		7.168
v 0.065 		0.991 		7.428
v 1.002 		0.465 		4.233
v 0.143 		2.34 		-3.693
v 0.145 		2.319 		-3.703
v 1.012 		0.518 		4.53
v 0.144 		2.341 		-3.707
v 1.002 		0.465 		4.477
v 1.012 		0.554 		4.565
v 1.338 		1.775 		6.481
v 1.889 		1.722 		6.506
v 1.338 		1.666 		6.591
v 1.143 		1.722 		6.562
v 1.002 		0.112 		4.477
v 1.889 		1.613 		6.534
v 1.338 		1.556 		6.506
v 0.945 		0.465 		3.816
v 1.002 		0.102 		3.816
v 1.143 		1.613 		6.591
v 0.8353 		0.608 		3.2958
v 0.8354 		0.6041 		3.2947
v 0.8332 		0.6066 		3.2848
v 0.833 		0.6068 		3.2841
v 0.889 		0.518 		3.515
v 0.8359 		0.6023 		3.2959
v 0.8332 		0.617 		3.277
v 0.143 		2.336 		-3.68
v 1.03 		1.33 		6.424
v 1.03 		1.111 		6.569
v 0.835 		0.606 		3.296
v 1.03 		1.454 		6.449
v 1.024 		1.5025 		6.144
v 0.839 		1.666 		6.7
v 0.068 		1.651 		6.725
v 0.779 		0.628 		2.964
v 0.945 		0.112 		2.953
v 0.913 		0.165 		2.798
v 0.98 		1.666 		6.7
v 0.141 		2.338 		-3.65
v 0.977 		1.666 		6.7
v 0.9799 		1.6664 		6.6996
v 0.9799 		1.666 		6.6991
v 0.9799 		1.666 		6.6991
v 0.913 		0.222 		2.547
v 0.9799 		1.666 		6.6991
v 0.581 		0.606 		1.387
v 0.691 		0.518 		1.387
v 0.165 		2.329 		-3.654
v 0.167 		2.31 		-3.671
v 0.165 		2.321 		-3.655
v 0.963 		1.065 		7.11
v 0.747 		0.19 		1.387
v 1.005 		1.351 		6.735
v 0.503 		0.465 		0.118
v 0.166 		2.337 		-3.679
v 0.56 		0.388 		0.118
v 0.896 		1.175 		7.163
v 0.167 		2.342 		-3.705
v 0.613 		0.133 		0.118
v 0.828 		1.288 		7.131
v 0.337 		0.388 		-0.875
v 0.846 		1.5 		6.88
v 0.45 		0.275 		-0.875
v 0.072 		-0.209 		-4.077
v 0.471 		0.077 		-0.875
v 0.135 		2.301 		-4.007
v -0.0819 		-0.2679 		9.2163
v -0.038 		-0.276 		9.217
v -0.904 		1.104 		4.731
v -0.904 		1.157 		4.752
v -0.285 		-0.227 		9.217
v 0.305 		0.19 		-1.723
v -0.508 		-0.089 		9.217
v 0.337 		0.056 		-1.723
v 0.195 		2.224 		-4.03
v 0.194 		2.222 		-4.008
v 0.194 		2.216 		-4.01
v -0.147 		-0.142 		9.291
v 0.195 		2.212 		-4.019
v 0.171 		0.299 		-1.723
v 0.195 		2.216 		-4.027
v -0.37 		-0.032 		9.319
v -0.066 		-0.061 		9.376
v 0.1351 		0.2647 		-2.048
v 0.1007 		0.299 		-1.723
v 0.101 		0.3168 		-1.553
v 0.1002 		0.2647 		-2.048
v 2.5412 		0.0527 		-2.048
v 2.048 		0.0562 		-2.048
v 0.1002 		0.2649 		-2.048
v 0.1379 		0.4224 		-2.048
v 0.0997 		0.428 		-2.048
v 2.048 		0.0411 		-2.3119
v 2.048 		0.0417 		-2.101
v 0.168 		2.224 		-3.976
v 0.171 		2.213 		-4.014
v 0.2297 		0.0403 		-2.345
v -0.036 		-0.588 		9.121
v 0.2718 		0.0411 		-2.101
v 0.142 		0.622 		-2.484
v 0.168 		2.23 		-3.983
v -0.075 		-0.609 		9.164
v 0.172 		2.213 		-4.027
v 0.1351 		0.2106 		-2.56
v 0.1395 		0.4702 		-2.56
v -0.0039 		-0.6886 		8.7047
v -0.0298 		-0.5872 		8.8738
v 0.168 		2.236 		-3.987
v 0.135 		0.2106 		-2.56
v 0.142 		0.554 		-3.038
v -0.0482 		-0.5094 		8.994
v -0.133 		-0.491 		8.994
v 0.172 		2.211 		-4.02
v 0.172 		2.223 		-4.032
v 0.1815 		0.0395 		-2.6159
v 0.1284 		0.1205 		-2.7431
v 0.1338 		0.1302 		-2.6759
v 0.166 		2.341 		-3.692
v 0.1339 		0.1438 		-2.6102
v 0.135 		0.208 		-2.5847
v 0.122 		0.1751 		-2.8963
v 0.118 		0.165 		-2.992
v 0.1141 		0.1595 		-2.992
v 0.1145 		0.165 		-2.992
v 0.114 		0.162 		-2.996
v -0.894 		1.371 		4.664
v -0.8874 		1.3635 		4.608
v -0.904 		1.178 		4.784
v 0.118 		0.077 		-2.992
v -0.8875 		1.3635 		4.608
v -0.904 		1.38 		4.758
v -0.898 		1.375 		4.702
v -0.8984 		1.3751 		4.7019
v 0.135 		0.398 		-3.487
v -0.353 		-0.382 		8.994
v -0.904 		1.3802 		4.7498
v -0.904 		1.3809 		4.7579
v -0.8874 		1.365 		4.608
v -0.8875 		1.365 		4.608
v -0.036 		-0.391 		9.121
v -0.904 		1.421 		4.752
v -0.0812 		-0.2687 		9.2153
v -0.0778 		-0.2748 		9.2082
v -0.053 		-0.3099 		9.1818
v -0.0594 		-0.2832 		9.2018
v -0.0777 		-0.2894 		9.1889
v -0.0705 		-0.3495 		9.1408
v 0.142 		0.49 		-3.226
v 0.111 		0.162 		-3.197
v -0.802 		1.683 		4.597
v -0.819 		1.617 		4.5634
v -0.819 		1.637 		4.586
v -0.8264 		1.6194 		4.5689
v -0.596 		-0.163 		8.994
v -0.819 		1.673 		4.579
v 0.114 		0.345 		-3.682
v -0.0604 		-0.4133 		9.0746
v 0.391 		0.0411 		-2.101
v -0.706 		-0.22 		8.644
v -0.653 		-0.636 		8.202
v -0.816 		-0.304 		8.202
v 0.1342 		0.0384 		-2.882
v 0.118 		0.0379 		-2.992
v 0.1151 		0.0379 		-2.992
v -0.264 		-0.823 		8.199
v 0.1135 		0.0375 		-3.1
v -0.211 		-0.689 		8.644
v 0.171 		2.218 		-4.009
v -0.487 		-0.523 		8.644
v 1.0539 		0.0252 		-3.0951
v 1.024 		0.0253 		-3.0951
v 0.146 		0.028 		-3.165
v 0.1467 		0.028 		-3.0963
v -0.027 		-1.663 		8.708
v 0.141 		0.028 		-3.0963
v 0.191 		2.237 		-3.985
v 0.191 		2.231 		-3.981
v 0.191 		2.226 		-3.974
v -0.048 		-1.423 		8.619
v -0.027 		-1.342 		8.619
v -0.048 		-1.522 		8.619
v -0.002 		-1.381 		8.701
v -0.027 		-1.536 		8.701
v -0.013 		-1.335 		8.612
v -0.027 		-1.455 		8.701
v 0.194 		2.3 		-4.082
v -0.034 		-1.314 		8.453
v 0.195 		2.272 		-4.082
v -0.013 		-1.314 		8.453
v 1.002 		0.056 		8.202
v 0.168 		2.287 		-4.04
v 0.172 		2.271 		-4.083
v 0.168 		2.303 		-4.049
v 0.171 		2.293 		-4.084
v -0.056 		-1.409 		8.453
v -0.056 		-1.522 		8.453
v -0.837 		1.6243 		4.5856
v 1.023 		0.024 		7.838
v -0.017 		-1.455 		8.475
v -0.837 		1.683 		4.597
v -0.034 		-1.307 		8.344
v -0.056 		-1.402 		8.344
v 0.966 		0.045 		3.286
v -0.013 		-1.3 		8.344
v -0.8504 		1.6274 		4.605
v -0.028 		2.241 		-4.362
v -0.028 		2.261 		-4.356
v -0.028 		2.294 		-4.358
v -0.028 		2.284 		-4.367
v -0.028 		2.273 		-4.373
v -0.028 		2.261 		-4.378
v -0.028 		2.248 		-4.38
v 0.065 		-0.989 		8.068
v 0.068 		-0.993 		8.072
v -0.95 		1.556 		4.166
v -0.837 		1.56 		4.19
v 0.072 		-0.989 		8.068
v 0.079 		-0.986 		8.068
v 0.082 		-0.979 		8.068
v -0.883 		1.058 		4.53
v -0.893 		1.104 		4.53
v -0.872 		1.167 		4.477
v -0.01 		2.2421 		-4.3804
v 0.082 		-0.961 		8.065
v -0.8717 		1.3454 		4.4722
v -0.01 		2.248 		-4.38
v -0.01 		2.261 		-4.378
v -0.8722 		1.3461 		4.4771
v -0.01 		2.273 		-4.373
v 0.058 		-0.961 		8.065
v -0.01 		2.284 		-4.367
v -0.01 		2.294 		-4.358
v 0.058 		-0.979 		8.068
v 0.061 		-0.986 		8.068
v -0.872 		1.382 		4.477
v -0.01 		2.241 		-4.362
v -0.01 		2.261 		-4.356
v -0.699 		1.528 		4.137
v -0.028 		2.219 		-4.36
v -0.028 		2.209 		-4.377
v -0.028 		2.2 		-4.371
v -0.028 		2.192 		-4.363
v -0.028 		2.186 		-4.354
v -0.028 		2.233 		-4.381
v -0.028 		2.22 		-4.38
v -0.95 		1.418 		4.166
v -0.851 		1.323 		4.18
v -0.0091 		2.186 		-4.354
v -0.009 		2.192 		-4.363
v -0.009 		2.2 		-4.371
v -0.0091 		2.209 		-4.377
v -0.854 		1.314 		4.216
v -0.0094 		2.22 		-4.38
v -0.0097 		2.233 		-4.381
v -0.852 		1.323 		4.19
v -0.8521 		1.3231 		4.19
v -0.0099 		2.219 		-4.36
v -0.01 		2.2202 		-4.3574
v -0.8516 		1.3258 		4.1823
v -0.851 		1.3263 		4.18
v 0.072 		-0.975 		7.838
v 0.471 		-0.933 		7.838
v -0.851 		1.396 		4.18
v 0.164 		2.335 		-3.652
v -0.004 		2.3015 		-4.4636
v -0.8521 		1.3231 		4.19
v -0.028 		2.253 		-4.465
v -0.028 		2.248 		-4.442
v -0.0094 		2.297 		-4.4407
v -0.8537 		1.3225 		4.2123
v 1.023 		-0.032 		7.428
v -0.0046 		2.297 		-4.4638
v 1.002 		-0.435 		7.428
v -0.01 		2.297 		-4.438
v 0.168 		2.32 		-3.701
v 0.889 		-0.799 		7.428
v -0.004 		2.253 		-4.465
v -0.004 		2.2916 		-4.4639
v -0.004 		2.2501 		-4.4419
v -0.004 		2.248 		-4.442
v -0.851 		1.137 		4.18
v 0.503 		-1.021 		7.428
v -0.004 		2.209 		-4.47
v -0.004 		2.198 		-4.474
v -1.198 		1.637 		4.636
v -0.004 		2.219 		-4.446
v -0.004 		2.195 		-4.476
v -1.689 		1.62 		4.399
v -0.004 		2.194 		-4.479
v -0.004 		2.196 		-4.451
v -0.004 		2.184 		-4.456
v -0.004 		2.176 		-4.462
v -0.028 		2.209 		-4.47
v -0.028 		2.198 		-4.474
v -0.028 		2.195 		-4.476
v -0.028 		2.219 		-4.446
v -0.028 		2.194 		-4.479
v -0.028 		2.196 		-4.451
v -0.028 		2.176 		-4.462
v -0.028 		2.184 		-4.456
v -1.198 		1.418 		4.664
v 0.165 		2.33 		-3.666
v -1.689 		1.426 		4.406
v -0.004 		2.171 		-4.47
v -0.004 		2.17 		-4.479
v -0.028 		2.17 		-4.479
v -0.028 		2.171 		-4.47
v -0.004 		2.196 		-4.491
v -0.004 		2.203 		-4.504
v -0.004 		2.213 		-4.514
v -0.883 		0.829 		4.643
v -0.004 		2.22 		-4.517
v -0.004 		2.176 		-4.504
v -0.004 		2.236 		-4.535
v -0.004 		2.236 		-4.525
v -0.004 		2.233 		-4.521
v -0.004 		2.229 		-4.519
v -0.004 		2.193 		-4.529
v -0.004 		2.202 		-4.536
v -0.004 		2.212 		-4.54
v -0.004 		2.222 		-4.542
v -0.004 		2.229 		-4.541
v -0.004 		2.233 		-4.539
v -0.028 		2.193 		-4.529
v -0.028 		2.184 		-4.519
v -0.028 		2.176 		-4.504
v -0.028 		2.196 		-4.491
v -0.028 		2.203 		-4.504
v -0.028 		2.213 		-4.514
v -0.028 		2.218 		-4.517
v -0.028 		2.229 		-4.519
v -0.028 		2.233 		-4.521
v -0.028 		2.236 		-4.525
v -0.028 		2.236 		-4.535
v -0.028 		2.233 		-4.539
v -0.028 		2.229 		-4.541
v -0.028 		2.222 		-4.542
v -0.028 		2.212 		-4.54
v 0.068 		-1.141 		8.185
v -0.028 		2.202 		-4.536
v 0.512 		1.024 		6.6966
v 0.512 		1.024 		6.718
v 0.51 		1.309 		7.153
v 0.068 		-1.1469 		8.1864
v 0.068 		1.309 		7.153
v 0.068 		-1.1467 		8.1863
v 0.401 		1.471 		6.951
v 0.0747 		-1.1468 		8.1867
v 0.0796 		-1.152 		8.1882
v 0.072 		1.062 		6.693
v 0.192 		2.288 		-4.038
v 0.072 		1.024 		6.7487
v 0.302 		1.024 		6.7385
v 0.302 		1.055 		6.693
v 0.3816 		1.024 		6.7267
v 0.51 		1.027 		6.693
v 0.068 		-1.152 		8.1876
v 0.51 		1.024 		6.698
v 0.0683 		1.024 		7.0864
v 0.1872 		1.024 		7.049
v 0.4729 		1.024 		6.7543
v 0.896 		1.722 		6.644
v 0.839 		1.75 		6.562
v 0.086 		-1.137 		8.185
v 0.977 		1.75 		6.562
v 0.176 		2.211 		-4.091
v 0.176 		2.219 		-4.088
v 0.054 		-1.137 		8.185
v 0.977 		1.556 		6.591
v 0.199 		2.212 		-4.09
v 0.199 		2.221 		-4.086
v 0.9918 		1.5475 		6.528
v 0.9922 		1.5497 		6.528
v 0.068 		-1.127 		8.086
v 0.065 		-1.137 		8.086
v 0.977 		1.5475 		6.528
v 0.9836 		1.5484 		6.528
v 0.068 		-1.13 		8.086
v 0.026 		1.052 		-2.048
v 1.0117 		1.536 		6.4431
v 0.068 		1.634 		-2.519
v 0.977 		1.536 		6.4431
v 0.121 		1.052 		-2.048
v 0.1034 		1.1055 		-2.048
v 0.9944 		1.536 		6.4253
v 0.068 		-1.123 		8.086
v 0.0658 		1.1523 		-2.048
v 0.068 		1.1594 		-2.048
v 0.068 		1.164 		-2.059
v 0.026 		1.157 		-2.236
v 0.075 		-1.137 		8.086
v 0.839 		1.803 		6.343
v -0.017 		-1.395 		8.393
v 0.142 		1.15 		-2.473
v 0.121 		1.157 		-2.236
v -2.329 		1.775 		5.954
v 0.1 		0.65 		-1.553
v 0.0986 		0.65 		-2.048
v -0.056 		-1.515 		8.344
v -0.034 		-1.314 		8.238
v -0.07 		-1.402 		8.238
v -2.626 		0.049 		-2.087
v -2.626 		0 		-2.0494
v -2.626 		0 		-2.56
v -2.626 		0.02 		-2.56
v -0.0045 		-1.3709 		8.2164
v -3.057 		0.013 		-2.444
v -0.0058 		-1.3776 		8.1946
v -3.057 		0.02 		-2.519
v -0.0055 		-1.3677 		8.2393
v -0.0053 		-1.3686 		8.2332
v -2.937 		0.013 		-2.183
v -2.279 		1.457 		6.064
v -2.895 		0.042 		-2.176
v -2.283 		1.457 		6.064
v -2.276 		1.454 		6.064
v -2.983 		0.035 		-2.229
v -2.976 		0.042 		-2.458
v -0.017 		-1.3772 		8.2833
v -0.017 		-1.374 		8.298
v -2.287 		1.461 		6.064
v -2.276 		1.443 		6.064
v -2.279 		1.44 		6.064
v -2.283 		1.44 		6.064
v -2.287 		1.436 		6.064
v -2.29 		1.44 		6.064
v -2.753 		0.02 		-2.109
v -2.294 		1.44 		6.064
v -2.297 		1.443 		6.064
v -2.895 		0.035 		-2.437
v -2.297 		1.454 		6.064
v -2.294 		1.457 		6.064
v -2.29 		1.457 		6.064
v -2.6202 		0 		-2.56
v -2.5481 		0 		-2.9642
v -0.077 		-1.508 		8.238
v 0.072 		-1.127 		8.086
v 0.072 		-1.13 		8.086
v -0.017 		-1.4187 		8.2407
v -0.056 		-1.678 		8.634
v -2.294 		1.5299 		6.0007
v -2.2922 		1.5299 		6.0007
v 0.167 		2.317 		-3.684
v 0.135 		-1.275 		8.068
v -2.2739 		1.5293 		5.9949
v -2.2727 		1.5292 		5.9941
v -2.272 		1.5291 		5.9936
v -0.017 		-1.745 		8.503
v -0.07 		-1.671 		8.453
v -2.272 		1.5281 		5.9835
v -2.2753 		1.5278 		5.9802
v -2.276 		1.5277 		5.9796
v -2.2725 		1.528 		5.983
v -2.283 		1.5274 		5.9763
v -2.2863 		1.5272 		5.9738
v -2.287 		1.5272 		5.9731
v -2.294 		1.5274 		5.9763
v -2.2882 		1.5272 		5.9738
v -2.2818 		1.5274 		5.9763
v -0.017 		-1.649 		8.531
v -2.2965 		1.5277 		5.9796
v -2.297 		1.5277 		5.9796
v -2.3005 		1.528 		5.983
v -2.301 		1.5281 		5.9835
v -2.2977 		1.5278 		5.9802
v -0.017 		-1.547 		8.524
v -2.301 		1.5291 		5.9936
v -2.3003 		1.5292 		5.9941
v -2.2945 		1.5298 		6
v -2.272 		1.454 		6.007
v -2.301 		1.454 		6.007
v -2.283 		1.457 		6.011
v -0.017 		-1.865 		8.347
v -0.017 		-1.865 		8.248
v -0.017 		-1.822 		8.436
v -2.287 		1.457 		6.011
v -0.077 		-1.685 		8.248
v -0.07 		-1.671 		8.344
v 0.135 		2.315 		-3.671
v 0.0856 		-1.161 		8.1907
v 0.114 		1.997 		-3.024
v 0.121 		1.623 		-2.674
v 0.0817 		-1.1542 		8.1888
v 0.0817 		-1.1543 		8.1889
v 0.0818 		-1.1545 		8.1889
v 0.019 		1.997 		-3.024
v 0.068 		1.997 		-2.883
v -0.028 		2.17 		-4.489
v 0.145 		2.334 		-3.721
v -0.01 		1.997 		-4.123
v 0.145 		2.339 		-3.715
v -0.006 		1.997 		-4.265
v 0.146 		2.325 		-3.724
v 0.147 		2.304 		-3.725
v 0.004 		0.649 		-1.5
v 0.0103 		0.6491 		-2.048
v 0.0052 		0.649 		-2.048
v 0.0015 		0.649 		-2.3865
v 0.149 		2.315 		-3.757
v -2.5343 		-1.536 		5.12
v -2.531 		-1.4908 		5.12
v -2.547 		-1.536 		5.12
v 0.149 		2.305 		-3.75
v -2.56 		-0.0328 		-2.048
v 0.019 		1.623 		-2.674
v -2.56 		-0.0934 		-2.1034
v -2.56 		-0.1001 		-2.56
v -2.626 		-0.093 		-2.116
v -2.895 		-0.078 		-2.197
v 0.135 		1.616 		-2.89
v -2.983 		-0.061 		-2.25
v -2.753 		-0.047 		-2.123
v 0.065 		-1.155 		8.086
v 0.068 		-1.169 		8.089
v -2.937 		-0.04 		-2.19
v 0.068 		-1.166 		8.089
v 0.068 		-1.162 		8.089
v 0.07 		1.803 		6.343
v 0.443 		1.782 		6.449
v 0.068 		1.75 		6.569
v 0 		0.7992 		-2.0602
v 0 		0.7924 		-2.048
v 0.005 		0.868 		-2.094
v 0.0054 		0.8306 		-2.048
v 0 		0.7884 		-2.048
v 0.149 		2.333 		-3.776
v 0.432 		1.729 		6.636
v 0.142 		0.8338 		-2.048
v 0.142 		0.868 		-2.094
v 0.072 		-1.166 		8.089
v 0.142 		0.8583 		-2.048
v 0.1277 		1.0079 		-2.048
v 0.138 		0.882 		-2.048
v 0.1415 		0.8398 		-2.048
v 0.072 		-1.162 		8.089
v 1.023 		1.536 		6.3994
v 1.023 		1.536 		6.396
v 0.075 		-1.155 		8.086
v 0.142 		1.0892 		-3.584
v 1.023 		1.267 		6.237
v 1.023 		1.454 		6.347
v 0.135 		1.997 		-3.218
v 1.016 		1.058 		6.393
v 0.019 		-1.275 		8.068
v 0.075 		-1.254 		8.068
v 0.142 		1.118 		-3.388
v 0.977 		1.5 		6.177
v 0.977 		1.4955 		6.144
v 0.9695 		1.4955 		6.144
v 1.023 		1.5019 		6.144
v 1.023 		1.503 		6.152
v 0.142 		1.0899 		-3.584
v 0 		1.0892 		-3.584
v 0 		1.0899 		-3.584
v 0.1357 		1.536 		-3.8592
v 0.135 		1.581 		-3.887
v 0.135 		1.588 		-3.678
v 0.135 		1.997 		-3.901
v 0.9849 		1.4981 		6.144
v 1.0223 		1.5023 		6.144
v 1.023 		1.5023 		6.144
v 0.9781 		1.4972 		6.144
v 0.978 		1.4971 		6.144
v 0.9781 		1.4972 		6.144
v 0.135 		1.9494 		-4.096
v 0.135 		1.9517 		-4.096
v 0.132 		1.793 		-3.901
v 0 		1.581 		-3.887
v 0 		1.536 		-3.8592
v 0.1356 		1.536 		-3.8615
v 0 		1.536 		-3.8615
v 0.139 		1.574 		-4.039
v 1.03 		0.748 		6.523
v 0.142 		1.111 		-3.597
v 0.135 		1.351 		-3.646
v -2.895 		-0.1 		-2.473
v -2.976 		-0.085 		-2.497
v 0 		1.111 		-3.597
v 0.139 		1.101 		-3.816
v -3.057 		-0.054 		-2.547
v -3.057 		-0.04 		-2.466
v 0.019 		1.094 		-3.986
v -2.626 		-0.0995 		-2.56
v 0.128 		1.094 		-3.986
v -2.56 		-0.0998 		-2.964
v 0.135 		1.344 		-3.841
v -2.56 		-0.0999 		-2.5977
v -2.56 		-0.0999 		-2.816
v -2.56 		-0.0998 		-2.6023
v -2.56 		-0.0998 		-2.816
v -2.56 		-0.0968 		-2.9642
v -2.5467 		-0.0265 		-2.9642
v 0.132 		0.776 		-3.547
v -2.294 		1.457 		6.011
v -2.283 		1.468 		6.004
v -2.56 		-0.0949 		-2.816
v -2.626 		-0.1 		-2.593
v -2.626 		-0.1 		-2.816
v -2.294 		1.468 		6.004
v -2.6256 		-0.0949 		-2.816
v -2.626 		-0.0998 		-2.58
v -2.626 		-0.0998 		-2.58
v -2.895 		-0.085 		-2.593
v -2.276 		1.457 		6.007
v -2.976 		-0.071 		-2.593
v -2.9056 		-0.0832 		-2.593
v -2.9077 		-0.083 		-2.5905
v -3.057 		-0.04 		-2.596
v -2.297 		1.457 		6.007
v -2.5492 		0.0202 		-2.9642
v -2.5492 		0.0202 		-2.9697
v -2.549 		0.0167 		-3.072
v -2.895 		0.02 		-2.593
v -2.6346 		-0.0993 		-2.5804
v -2.626 		-0.0998 		-2.58
v -2.976 		0.013 		-2.593
v -3.057 		0.006 		-2.596
v -2.626 		-0.1 		-2.816
v -2.626 		-0.1 		-2.964
v -2.626 		0.02 		-2.593
v -2.626 		0.02 		-2.58
v -2.8468 		0 		-2.5882
v -2.8468 		0 		-2.593
v -2.6202 		0 		-2.5798
v -2.626 		0.02 		-2.964
v -2.276 		1.464 		6
v 3.187 		0.013 		-2.444
v 3.187 		0.02 		-2.519
v 3.19 		0.006 		-2.593
v -2.272 		1.461 		5.997
v 3.102 		0.017 		-2.593
v 3.105 		0.013 		-2.593
v 3.187 		0.006 		-2.593
v -2.272 		1.447 		5.997
v -2.272 		1.457 		5.986
v -2.549 		0.016 		-3.0923
v 3.187 		0 		-2.593
v -2.56 		0 		-2.048
v -2.276 		1.454 		5.983
v -2.626 		0 		-2.048
v 3.187 		0 		-2.56
v -2.56 		0 		-2.56
v -2.6187 		0 		-2.56
v -2.976 		0 		-2.593
v -2.6187 		0 		-2.5798
v -2.626 		-0.011 		-2.041
v -2.287 		1.45 		5.979
v -2.626 		-0.0187 		-2.048
v -2.626 		-0.0019 		-2.048
v -2.283 		1.454 		5.983
v -2.294 		1.454 		5.983
v 2.883 		0.02 		-2.109
v -2.983 		-0.011 		-2.19
v -2.895 		-0.011 		-2.14
v -2.297 		1.454 		5.983
v -2.301 		1.457 		5.986
v 2.755 		0.0219 		-2.56
v 2.751 		0.0219 		-2.56
v -2.301 		1.461 		5.997
v -2.301 		1.447 		5.997
v 2.7511 		0.0203 		-2.56
v 2.7511 		0.02 		-2.56
v 2.755 		0.02 		-2.56
v -2.297 		1.464 		6
v 2.755 		0.02 		-2.964
v 2.751 		0.02 		-2.964
v 2.755 		0.02 		-2.593
v 2.755 		0 		-2.593
v 3.024 		0.02 		-2.593
v 2.7583 		0 		-2.593
v -3.057 		-0.011 		-2.405
v 0.149 		2.326 		-3.766
v 1.002 		0.772 		7.1
v 0.512 		0.6584 		6.912
v 0.512 		1.0023 		6.912
v 0.6301 		0.9901 		6.912
v 0.7915 		0.9325 		6.912
v 0.881 		0.8519 		6.912
v 0.9683 		0.7318 		6.912
v 1.023 		0.684 		6.735
v 1.023 		0.6772 		6.656
v 1.016 		0.79 		6.725
v 1.0189 		0.6945 		6.6717
v 1.02 		0.6889 		6.656
v 1.02 		0.6853 		6.656
v 1.0147 		0.7062 		6.733
v 1.0185 		0.6966 		6.6778
v -2.619 		-0.004 		-3.66
v -2.276 		1.443 		5.993
v -3.057 		-0.004 		-3.579
v -2.972 		-0.004 		-3.6
v 1.0187 		0.695 		6.6686
v 1.019 		0.6927 		6.656
v -2.891 		-0.004 		-3.621
v -2.283 		1.44 		5.993
v 1.0173 		0.6924 		6.656
v 0.934 		0.691 		6.721
v 0.74 		0.945 		6.693
v 0.168 		2.341 		-3.713
v 0.74 		0.878 		6.781
v 0.9291 		0.7026 		6.7878
v 0.169 		2.335 		-3.719
v -2.287 		1.44 		5.993
v 0.8008 		0.6805 		6.7801
v 0.6917 		0.6628 		6.7797
v -2.294 		1.44 		5.993
v -2.297 		1.443 		5.993
v 0.512 		0.9732 		6.781
v 0.512 		0.9706 		6.781
v 0.171 		2.305 		-3.724
v 0.172 		2.306 		-3.749
v -2.55 		0.04 		-2.101
v -2.55 		0.036 		-3.1
v 0.015 		0.617 		10.008
v -2.329 		1.528 		5.983
v 1.023 		0.716 		6.46
v 1.023 		0.663 		6.492
v 0.172 		2.327 		-3.764
v 1.016 		0.702 		6.626
v 0.172 		2.334 		-3.775
v 0.015 		0.351 		10.012
v 1.023 		1.5035 		6.144
v -3.68 		1.556 		5.983
v 0.001 		0.304 		9.887
v 1.024 		1.5036 		6.144
v 1.023 		1.5057 		6.144
v 0.169 		2.326 		-3.723
v 0.172 		2.316 		-3.755
v 0.135 		0.818 		-3.328
v 0 		0.2631 		9.728
v 0.0145 		0.512 		9.5903
v 0 		0.512 		9.5884
v 0 		0.5922 		9.5873
v 0 		0.512 		9.5923
v 0 		0.2581 		9.7088
v 3.82 		1.793 		5.954
v 0 		0.241 		9.6081
v 0.015 		0.077 		9.418
v 2.469 		1.528 		5.983
v 3.82 		1.556 		5.983
v 0.012 		2.813 		-4.18
v 0.121 		2.813 		-4.18
v 2.469 		1.775 		5.954
v 0 		0.2199 		-2.4721
v 0.0036 		0.2611 		-2.0821
v 0.0035 		0.2537 		-2.1515
v 0.0031 		0.3101 		-2.1915
v 0 		0.5492 		-2.5177
v 0 		0.5277 		-2.5147
v 0 		0.1932 		-2.7248
v 0.0025 		0.1874 		-2.7801
v 0 		0.0535 		-2.944
v 0.104 		2.774 		-4.54
v 0.0027 		0.0706 		-2.944
v 0.0027 		0.0761 		-2.9389
v 0.0024 		0.1783 		-2.8448
v 0.0024 		0.1808 		-2.8425
v 0 		0.1824 		-2.8273
v 3.148 		1.468 		4.392
v 3.82 		1.528 		4.608
v 3.82 		1.475 		4.166
v 0.192 		-1.328 		8.068
v 0.036 		2.774 		-4.537
v 0.151 		2.306 		-3.779
v 0.151 		2.314 		-3.793
v 0.151 		2.311 		-3.786
v 3.82 		1.637 		4.166
v 0.149 		2.337 		-3.789
v 0.152 		2.313 		-3.81
v 0.153 		2.304 		-3.82
v 3.82 		1.722 		4.608
v 3.148 		1.659 		4.392
v 0.114 		2.612 		-4.155
v 2.469 		1.447 		4.636
v 0.019 		-1.339 		8.178
v 0.022 		2.612 		-4.155
v 0.104 		2.749 		-4.777
v 0.068 		2.721 		-5
v 0.036 		2.749 		-4.777
v 0.054 		-1.321 		8.171
v 0.152 		2.315 		-3.801
v -0.872 		-0.435 		7.428
v -0.872 		-0.361 		7.838
v 0.151 		2.338 		-3.814
v 0.086 		-1.317 		8.167
v -0.763 		-0.799 		7.428
v -0.741 		-0.71 		7.838
v 0.169 		2.333 		-4.097
v 0.171 		2.312 		-4.105
v 0.152 		2.334 		-3.823
v 0.153 		2.327 		-3.832
v 0.17 		2.326 		-4.101
v 0.154 		2.317 		-3.838
v 0.121 		-1.339 		8.178
v 2.469 		1.418 		4.166
v 2.469 		1.613 		4.166
v 0.153 		2.309 		-3.817
v 0.193 		2.328 		-4.1
v 2.469 		1.666 		4.636
v 0.194 		2.314 		-4.103
v 0.0028 		0.0384 		-2.9399
v -0.377 		-1.021 		7.428
v -0.353 		-0.933 		7.838
v 0 		0.512 		9.6074
v 0 		0.512 		9.728
v 0 		0.5354 		-2.5078
v -0.031 		0.585 		10.009
v 0.177 		2.332 		-4.213
v -0.063 		0.539 		10.009
v 0.174 		2.388 		-4.215
v 0.173 		2.397 		-4.219
v -3.68 		1.775 		5.954
v 0.173 		2.4 		-4.224
v -0.063 		0.612 		9.883
v -0.101 		0.552 		9.882
v 0.197 		2.39 		-4.214
v 0.2 		2.324 		-4.211
v 0.196 		2.394 		-4.215
v -0.1496 		0.512 		9.728
v -0.073 		0.482 		10.011
v -0.063 		0.429 		10.011
v -2.329 		1.666 		4.636
v -0.031 		0.383 		10.011
v -2.972 		1.662 		4.378
v 0.15 		2.339 		-3.803
v -0.116 		0.478 		9.883
v -0.101 		0.407 		9.885
v -2.329 		1.613 		4.166
v -0.063 		0.346 		9.887
v -2.329 		1.418 		4.166
v -0.1566 		0.478 		9.728
v -0.1416 		0.4021 		9.728
v -0.139 		0.3896 		9.728
v -0.0898 		0.3187 		9.728
v -2.329 		1.447 		4.636
v -0.1326 		0.3791 		9.728
v -0.0785 		0.3107 		9.728
v -0.0165 		0.2665 		9.728
v -2.972 		1.464 		4.381
v 0.197 		2.4 		-4.221
v 0.176 		2.314 		-3.811
v 0.177 		2.305 		-3.819
v 0.054 		-1.402 		8.065
v -3.68 		1.475 		4.166
v -3.68 		1.528 		4.639
v -3.68 		1.722 		4.639
v 0.019 		-1.416 		8.079
v -3.68 		1.637 		4.166
v 0.224 		-1.423 		8.068
v 0.001 		2.509 		-4.275
v -4.096 		1.4795 		4.096
v -4.096 		1.4789 		4.096
v -4.096 		1.4799 		4.1043
v 0.125 		2.509 		-4.275
v 0.121 		-1.416 		8.079
v 0.224 		-1.529 		8.068
v -4.122 		1.637 		6.559
v 0.175 		2.388 		-4.238
v -4.189 		1.542 		6.248
v -4.1894 		1.536 		6.2444
v -4.564 		1.613 		6.481
v 0.174 		2.397 		-4.235
v 0.198 		2.39 		-4.237
v -4.564 		1.782 		6.453
v 0.197 		2.401 		-4.225
v 0.157 		-1.455 		8.121
v 0.197 		2.398 		-4.233
v -5.087 		1.782 		6.495
v -4.564 		1.694 		6.591
v -5.087 		1.673 		6.541
v 0.15 		-1.335 		8.015
v 0.178 		2.332 		-4.235
v -4.2147 		1.536 		6.2039
v -4.1693 		1.536 		6.2026
v 0.201 		2.333 		-4.234
v -4.2511 		1.536 		6.1455
v -4.249 		1.447 		6.166
v -4.206 		1.489 		6.244
v 0.075 		-1.328 		8.008
v 0.182 		2.387 		-4.342
v 0.181 		2.396 		-4.347
v -4.157 		1.5 		6.159
v 0.005 		-1.321 		8.015
v 0.183 		2.368 		-4.339
v 0.182 		2.398 		-4.35
v -4.249 		1.528 		6.145
v 0.205 		2.397 		-4.345
v 0.205 		2.4 		-4.348
v 0.086 		-1.399 		8.061
v -5.61 		1.803 		6.424
v 0.206 		2.37 		-4.338
v 0.205 		2.388 		-4.341
v -5.61 		1.666 		6.453
v -5.61 		1.736 		6.534
v -6.08 		1.81 		6.396
v 0.019 		-1.526 		8.015
v -6.08 		1.666 		6.453
v -6.08 		1.75 		6.506
v 0.054 		-1.519 		7.997
v 0.184 		2.316 		-4.315
v 0.186 		2.318 		-4.338
v 2.7521 		0 		-2.964
v 2.751 		0.0198 		-2.964
v 2.751 		0.02 		-2.964
v 2.751 		0.02 		-2.964
v 0.209 		2.319 		-4.336
v 2.751 		0.02 		-2.964
v 0.207 		2.317 		-4.313
v 2.7556 		0.0162 		-3.072
v 1.338 		1.803 		5.954
v 2.7583 		0 		-3.072
v 2.751 		0.02 		-2.9643
v 2.751 		0.02 		-2.9642
v 1.338 		1.528 		5.983
v 2.7512 		0.0163 		-3.072
v 2.752 		0 		-3.072
v 1.024 		1.4891 		5.984
v 1.024 		1.4888 		5.9798
v 3.072 		0 		-2.593
v 2.755 		0 		-2.56
v 2.7592 		0 		-2.593
v 2.7592 		0 		-3.072
v 0.977 		1.803 		6.12
v 2.755 		-0.011 		-2.041
v 3.187 		-0.011 		-2.405
v 3.187 		-0.04 		-2.466
v 3.187 		-0.054 		-2.547
v 3.187 		-0.05 		-2.56
v 3.112 		-0.011 		-2.19
v 3.112 		-0.061 		-2.25
v 1.023 		1.4108 		5.12
v 1.023 		1.489 		5.984
v 0.177 		2.215 		-4.11
v 0.174 		2.27 		-4.106
v 0.177 		2.22 		-4.111
v 0.177 		2.21 		-4.106
v 3.072 		-0.0808 		-2.56
v 3.0827 		-0.079 		-2.56
v 0.177 		2.209 		-4.097
v 3.105 		-0.0757 		-2.56
v 3.105 		-0.085 		-2.494
v 3.1597 		-0.055 		-2.56
v 3.072 		-0.0806 		-2.56
v 1.338 		1.637 		4.636
v 3.19 		-0.04 		-2.593
v 3.187 		-0.0411 		-2.593
v 3.102 		-0.071 		-2.593
v 3.072 		-0.0764 		-2.593
v 3.0876 		-0.0736 		-2.593
v 3.105 		-0.071 		-2.593
v 3.072 		-0.0767 		-2.593
v 1.338 		1.418 		4.664
v 3.072 		-0.0759 		-2.593
v 3.024 		-0.078 		-2.197
v 2.883 		-0.047 		-2.123
v 0.2 		2.21 		-4.098
v 0.2 		2.221 		-4.11
v 0.2 		2.213 		-4.106
v 3.024 		-0.011 		-2.137
v 0.197 		2.272 		-4.105
v 1.847 		1.426 		4.406
v 3.024 		-0.0891 		-2.56
v 3.024 		-0.1 		-2.473
v 2.829 		-0.1 		-2.56
v 1.09 		1.418 		4.166
v 1.09 		1.556 		4.166
v 3.024 		-0.085 		-2.593
v -0.094 		0.645 		9.694
v -0.147 		0.567 		9.695
v -0.1581 		0.512 		9.6956
v -0.1493 		0.57 		9.6467
v -0.16 		0.512 		9.665
v 1.847 		1.62 		4.399
v -0.189 		0.545 		9.429
v -0.189 		0.545 		9.235
v 3.19 		-0.004 		-3.586
v 0.97 		1.694 		4.615
v 3.105 		-0.004 		-3.604
v 3.024 		-0.004 		-3.614
v 0.995 		1.651 		4.611
v -0.37 		0.575 		9.235
v -0.314 		0.628 		9.235
v -0.37 		0.628 		9.429
v 2.759 		-0.004 		-3.653
v -0.452 		0.518 		9.429
v 0.966 		1.655 		4.664
v -0.398 		0.599 		9.348
v 0.9518 		1.6326 		4.6686
v 0.945 		1.651 		4.611
v 0.9356 		1.6212 		4.6154
v 0.9324 		1.6194 		4.6083
v -0.094 		0.312 		9.697
v -0.0183 		0.2627 		9.7117
v -0.0229 		0.2611 		9.696
v -0.02 		0.259 		9.696
v 0.839 		1.613 		4.689
v -0.024 		0.2233 		9.472
v -0.024 		0.2233 		9.472
v -0.0232 		0.2232 		9.472
v 1.033 		-1.226 		9.707
v 1.062 		-1.209 		9.719
v -0.189 		0.408 		9.235
v -0.189 		0.408 		9.429
v 1.083 		-1.202 		9.716
v 1.03 		-1.244 		9.67
v 1.062 		-1.228 		9.682
v 0.9687 		1.6429 		4.7303
v 0.977 		1.6424 		4.7114
v 1.083 		-1.211 		9.701
v -0.12 		0.289 		9.429
v 0.9996 		1.6282 		4.611
v 0.9883 		1.637 		4.6631
v -0.12 		0.289 		9.235
v 0.9791 		1.6421 		4.7077
v 0.9834 		1.6399 		4.6867
v -0.423 		0.437 		9.235
v -0.48 		0.352 		9.429
v -0.452 		0.462 		9.348
v 1.016 		1.368 		4.664
v -0.452 		0.352 		9.348
v -0.508 		0.462 		9.429
v 1.023 		1.104 		4.731
v 0.616 		-0.368 		9.739
v -0.423 		0.271 		9.429
v 1.023 		1.157 		4.752
v 0.659 		-0.344 		9.744
v 1.023 		1.178 		4.784
v -0.342 		0.271 		9.348
v -0.423 		0.324 		9.235
v 1.02 		1.373 		4.71
v -0.314 		0.271 		9.235
v 0.086 		-1.519 		7.997
v 1.023 		1.3783 		4.7617
v -0.038 		0.211 		9.429
v -0.027 		-1.328 		8.068
v 1.023 		1.378 		4.758
v -0.147 		0.243 		9.348
v -0.063 		-1.423 		8.068
v -0.137 		0.105 		9.418
v 0.988 		1.683 		4.597
v 0.97 		1.637 		4.586
v -0.061 		0.245 		9.235
v -0.061 		0.245 		9.429
v 0.97 		1.673 		4.579
v 0.9548 		1.6194 		4.5791
v -0.261 		0.211 		9.429
v -0.508 		0.243 		9.429
v 0.952 		1.683 		4.597
v -0.452 		0.162 		9.429
v -0.363 		0.162 		9.429
v -0.07 		-1.529 		8.068
v -0.646 		0.077 		9.217
v -0.017 		-1.455 		8.121
v -0.646 		0.437 		9.217
v -0.589 		0.299 		9.319
v -0.017 		-1.436 		8.1467
v 0.977 		1.6226 		4.5804
v 0.97 		1.6192 		4.5659
v 0.963 		1.6186 		4.5678
v -0.536 		0.105 		9.319
v 0.977 		1.556 		4.194
v -0.017 		-1.436 		8.1881
v 0.9868 		1.626 		4.5991
v -0.706 		0.077 		8.994
v -0.048 		-1.469 		7.86
v -0.02 		-1.388 		7.86
v -0.706 		0.441 		8.994
v 1.002 		1.125 		4.477
v 1.002 		1.369 		4.477
v 1.0059 		1.368 		4.5329
v -0.872 		0.441 		8.202
v -0.794 		0.077 		8.644
v -0.07 		-1.713 		8.068
v -0.794 		0.441 		8.644
v 1.002 		1.069 		4.53
v -0.017 		-1.547 		8.072
v 0.173 		2.339 		-3.787
v 1.002 		1.104 		4.53
v -0.017 		-1.649 		8.061
v -0.017 		-1.745 		8.093
v 1.006 		1.377 		4.535
v -0.017 		-1.822 		8.16
v 0.174 		2.307 		-3.778
v 0.839 		1.528 		4.137
v -0.048 		-1.55 		7.86
v -0.034 		-1.713 		7.86
v -0.872 		-0.491 		7.1
v -0.904 		-0.131 		6.735
v -0.872 		0.441 		7.838
v 0.175 		2.316 		-3.803
v -0.741 		-0.855 		7.1
v -0.904 		0.388 		7.428
v 0.174 		2.339 		-3.812
v 0.177 		2.319 		-3.837
v -0.904 		0.352 		7.1
v -0.794 		-0.767 		6.796
v 0.176 		2.328 		-3.83
v -0.7804 		-0.7561 		6.7746
v 0.175 		2.335 		-3.822
v -0.826 		-0.731 		6.728
v 0.121 		-1.526 		8.015
v -7.155 		1.831 		6.343
v -7.873 		1.842 		6.357
v -7.155 		1.694 		6.396
v 0.174 		2.312 		-3.784
v -7.13 		1.75 		6.453
v -7.873 		1.75 		6.407
v 0.173 		2.34 		-3.801
v -6.688 		1.803 		6.414
v 0.068 		-1.102 		7.895
v 0.068 		-1.106 		7.895
v -6.688 		1.701 		6.446
v -4.564 		1.789 		5.954
v -4.564 		1.556 		5.983
v 0.068 		-1.1026 		7.9003
v 0.0682 		-1.1026 		7.9003
v 0.174 		2.315 		-3.791
v -4.1409 		1.536 		6.1432
v -4.1425 		1.536 		5.9686
v -4.2006 		1.536 		5.8456
v -4.2585 		1.536 		5.9817
v -4.2616 		1.536 		5.9702
v -4.2611 		1.536 		5.9878
v -4.2643 		1.536 		5.9955
v -4.242 		1.415 		5.997
v -4.192 		1.422 		5.912
v 0.0719 		-1.1026 		7.9003
v 0.072 		-1.106 		7.895
v 0.075 		-1.106 		7.895
v -4.15 		1.507 		5.993
v -4.15 		1.464 		5.993
v -4.143 		1.528 		6.142
v -4.2523 		1.53 		5.9721
v 0.195 		2.295 		-4.105
v 0.0719 		-1.1026 		7.9003
v 0.075 		-1.1028 		7.8996
v 0.0749 		-1.1027 		7.8998
v -4.206 		1.493 		5.894
v 0.0722 		-1.1027 		7.8998
v 0.072 		-1.1027 		7.8999
v 0.072 		-1.1026 		7.9
v -4.256 		1.507 		6
v 0.179 		2.293 		-4.214
v -5.059 		1.786 		5.177
v 0.184 		2.208 		-4.216
v 0.184 		2.214 		-4.21
v -4.122 		1.764 		5.261
v -4.122 		1.531 		5.261
v -5.059 		1.531 		5.177
v 0.075 		-1.102 		7.895
v 0.183 		2.218 		-4.209
v 0.206 		2.22 		-4.208
v 0.207 		2.212 		-4.211
v 0.208 		2.209 		-4.217
v 0.208 		2.209 		-4.223
v -5.585 		1.803 		5.954
v 0.072 		-1.102 		7.895
v -5.585 		1.637 		5.983
v 0.202 		2.295 		-4.212
v 0.026 		-1.335 		7.86
v 0.938 		-0.968 		9.759
v 0.97 		-0.944 		9.771
v -4.4746 		1.4885 		4.096
v -4.564 		1.5 		4.166
v -4.7234 		1.4953 		4.096
v 0.075 		-1.314 		7.86
v -4.6948 		1.4959 		4.096
v 0.973 		-0.959 		9.735
v 0.199 		-1.469 		7.86
v 0.178 		-1.388 		7.86
v 0.892 		-0.786 		9.745
v 0.779 		-0.573 		9.73
v 0.96 		1.307 		4.152
v 0.135 		-1.335 		7.86
v 0.968 		1.321 		4.191
v 0.966 		1.318 		4.18
v 0.961 		1.309 		4.157
v 0.853 		-0.802 		9.768
v 0.736 		-0.59 		9.764
v 0.892 		-0.776 		9.788
v 0.779 		-0.566 		9.776
v 0.966 		1.104 		4.18
v 0.57 		-0.19 		9.678
v 0.068 		1.528 		4.137
v 0.142 		2.24 		-3.587
v 0.142 		2.251 		-3.597
v -0.904 		0.606 		4.752
v 1.002 		0.829 		4.643
v 0.143 		2.249 		-3.609
v -0.904 		0.539 		4.767
v -0.904 		0.497 		4.894
v -0.904 		0.123 		4.894
v 0.144 		2.242 		-3.612
v -4.564 		1.673 		4.166
v -0.893 		0.465 		4.477
v 0.14 		2.287 		-3.587
v -5.112 		1.694 		4.243
v -0.893 		0.554 		4.565
v 0.14 		2.297 		-3.597
v -0.876 		0.518 		4.533
v 0.142 		2.303 		-3.633
v -0.872 		0.112 		4.233
v 4.706 		1.48 		4.037
v 4.704 		1.415 		3.508
v -0.872 		0.112 		4.477
v 6.496 		1.507 		3.713
v 5.729 		1.468 		3.618
v 7.299 		1.553 		3.823
v 0.143 		2.252 		-3.602
v 0.144 		2.246 		-3.611
v 0.224 		-1.713 		8.068
v 4.704 		1.61 		4.028
v 0.166 		2.242 		-3.585
v 0.157 		-1.543 		8.072
v 0.167 		2.243 		-3.611
v 0.157 		-1.748 		8.093
v 2.469 		1.327 		3.476
v 3.823 		1.387 		3.476
v 0.019 		-1.653 		8.004
v 0.166 		2.252 		-3.596
v 0.054 		-1.656 		7.983
v 0.97 		2.428 		3.851
v 0.97 		2.442 		3.851
v 0.97 		2.418 		3.848
v 0.966 		2.428 		3.851
v 1.09 		1.281 		3.476
v 0.086 		-1.656 		7.983
v 0.166 		2.254 		-3.6
v 0.121 		-1.653 		8.004
v 0.163 		2.288 		-3.585
v 0.163 		2.298 		-3.595
v 0.157 		-1.649 		8.061
v 0.019 		-1.776 		8.04
v 0.054 		-1.787 		8.026
v -0.851 		-0.548 		6.735
v 0.135 		2.176 		-4.224
v 0.889 		1.104 		3.816
v 0.135 		2.1666 		-4.224
v 0 		2.1666 		-4.224
v 0 		2.176 		-4.224
v -5.0943 		1.5177 		4.096
v 0.086 		-1.787 		8.022
v 0.181 		2.279 		-4.236
v 0.18 		2.302 		-4.236
v -5.578 		1.761 		4.639
v -0.7887 		-0.7333 		6.7417
v -0.805 		-0.6925 		6.6795
v -0.7903 		-0.7289 		6.735
v -5.585 		1.556 		4.629
v -0.812 		-0.689 		6.675
v -5.2925 		1.5241 		4.096
v -5.2953 		1.5244 		4.1011
v -5.31 		1.5241 		4.096
v 0.121 		-1.776 		8.04
v -5.589 		1.538 		4.134
v -5.3335 		1.5275 		4.1144
v 0.205 		2.28 		-4.235
v -5.985 		1.574 		4.441
v 0.019 		-1.872 		8.125
v -5.3245 		1.5265 		4.096
v 0.203 		2.303 		-4.234
v -5.585 		1.655 		4.13
v -5.988 		1.733 		4.438
v 0.054 		-1.889 		8.11
v 0.086 		-1.889 		8.11
v 0.121 		-1.872 		8.125
v -0.741 		-0.876 		6.735
v -6.328 		1.831 		5.954
v -7.155 		1.849 		5.954
v -0.802 		-0.809 		6.704
v 0.157 		-1.822 		8.156
v 0.135 		2.176 		-4.2296
v -0.844 		-0.781 		6.675
v -6.328 		1.637 		5.983
v 0.185 		2.218 		-4.232
v 0.185 		2.21 		-4.229
v 0.185 		2.208 		-4.225
v -7.155 		1.666 		5.983
v 0.005 		-1.706 		7.86
v -0.7579 		-0.8274 		6.7214
v 0.075 		-1.713 		7.852
v 0.185 		-1.713 		7.86
v 0.15 		-1.706 		7.86
v 0.538 		-0.207 		9.72
v 0.208 		2.22 		-4.23
v 0.208 		2.214 		-4.228
v 0.584 		-0.186 		9.721
v 0.199 		-1.55 		7.86
v 0.878 		1.233 		3.788
v 0.857 		1.104 		3.703
v 0.602 		-0.388 		9.634
v 0.21 		2.296 		-4.334
v 0.538 		-0.426 		9.582
v 0.211 		2.278 		-4.334
v 0.842 		1.196 		3.586
v 0.209 		2.294 		-4.312
v -0.7601 		-0.8191 		6.735
v -0.872 		0.465 		4.233
v -0.7725 		-0.778 		6.8058
v -0.7711 		-0.783 		6.7925
v 0.891 		1.244 		3.836
v -0.7597 		-0.8257 		6.6937
v -0.762 		-0.8236 		6.6604
v -0.816 		0.465 		3.816
v -0.872 		0.102 		3.816
v -0.904 		-0.142 		6.492
v -6.328 		1.775 		4.717
v -7.155 		1.637 		4.802
v -6.328 		1.613 		4.717
v -0.763 		0.518 		3.515
v -0.706 		0.606 		3.296
v 0.185 		2.293 		-4.313
v 0.187 		2.295 		-4.336
v -7.155 		1.803 		4.802
v -0.7926 		-0.7611 		6.4343
v -0.805 		-0.756 		6.449
v -0.851 		0.112 		3.286
v -0.837 		-0.731 		6.477
v -0.7953 		-0.7505 		6.4622
v 0.188 		2.277 		-4.335
v -0.816 		0.112 		2.943
v -6.759 		1.75 		4.533
v -7.155 		1.722 		4.314
v -0.794 		0.165 		2.798
v 0.135 		2.301 		-4.304
v -0.653 		0.628 		2.964
v -6.328 		1.687 		4.222
v 0.553 		-0.41 		9.686
v -7.155 		1.613 		4.314
v -6.328 		1.577 		4.222
v 0.191 		2.223 		-4.338
v 0.192 		2.219 		-4.338
v 0.192 		2.213 		-4.345
v 0.193 		2.212 		-4.349
v 0.652 		-0.354 		9.701
v -0.794 		0.222 		2.547
v 0.214 		2.225 		-4.336
v 0.215 		2.215 		-4.341
v 0.216 		2.213 		-4.347
v -0.377 		0.465 		0.118
v -0.466 		0.606 		1.387
v 0.648 		-0.089 		9.217
v -7.887 		1.786 		4.646
v -0.575 		0.518 		1.387
v -0.43 		0.388 		0.118
v 0 		2.176 		-4.2296
v -4.096 		1.4783 		4.096
v -4.096 		1.4881 		4.096
v -0.487 		0.133 		0.118
v -0.819 		2.428 		3.851
v -0.819 		2.442 		3.851
v -0.819 		2.418 		3.848
v -0.628 		0.19 		1.387
v 0.183 		2.388 		-4.365
v 0.182 		2.396 		-4.361
v -0.353 		0.077 		-0.875
v -0.211 		0.056 		-1.723
v 0.786 		1.143 		3.31
v 0.51 		-0.217 		9.619
v -0.19 		0.19 		-1.723
v 0.184 		2.368 		-4.362
v 0.182 		2.399 		-4.353
v -0.321 		0.275 		-0.875
v 0.436 		-0.253 		9.581
v 0.39 		-0.029 		9.613
v 0.5424 		1.0616 		3.072
v -0.211 		0.388 		-0.875
v -0.045 		0.299 		-1.723
v 0.782 		1.069 		3.317
v 0.207 		2.37 		-4.36
v 0.206 		2.395 		-4.361
v 0.206 		2.389 		-4.363
v 0.205 		2.4 		-4.356
v -0.851 		-0.58 		6.492
v 0.068 		1.224 		3.286
v 0.029 		1.16 		3.136
v 0.068 		1.164 		3.13
v -0.1446 		0.0409 		-2.101
v -0.8111 		-0.6912 		6.5554
v 0.111 		1.164 		3.137
v -0.0099 		0.1677 		-2.8545
v -0.0107 		0.0897 		-2.8493
v -0.0086 		0.179 		-2.7809
v -0.0111 		0.0748 		-2.8607
v -0.0622 		0.0395 		-2.5699
v 0.2397 		1.1127 		3.072
v 0.3613 		1.0849 		3.072
v -0.0107 		0.4029 		-3.072
v 0.3033 		-0.0476 		9.5796
v 0.2752 		-0.024 		9.6345
v 0.464 		-0.243 		9.678
v 0 		1.1456 		3.1112
v 0.28 		-0.076 		9.588
v 0 		1.2289 		3.3224
v 0.032 		1.22 		3.287
v 0.2875 		-0.0621 		9.5886
v 0.2837 		-0.0645 		9.5885
v 0.298 		-0.072 		9.624
v 0.212 		2.344 		-4.403
v -0.8096 		-0.6918 		6.58
v 0.213 		2.332 		-4.415
v -0.816 		-0.689 		6.552
v -0.8094 		-0.6918 		6.5838
v 0.209 		2.349 		-4.361
v -0.7993 		-0.736 		6.492
v -0.7996 		-0.7346 		6.4949
v 0.211 		2.341 		-4.396
v 0.211 		2.334 		-4.392
v -0.8056 		-0.7099 		6.5397
v 0.065 		-1.042 		7.428
v -0.741 		-0.912 		6.492
v -0.7752 		-0.8087 		6.492
v -0.7663 		-0.8275 		6.5479
v -0.7762 		-0.8064 		6.4849
v -0.802 		-0.816 		6.552
v 0.075 		-1.483 		7.541
v 0.835 		0.716 		3.261
v 0.075 		-1.448 		7.563
v -0.848 		-0.781 		6.555
v 0.075 		-1.529 		7.534
v 0.212 		2.341 		-4.412
v 0.835 		0.829 		3.349
v 0.8143 		0.8742 		3.1818
v 0.8143 		0.8744 		3.1818
v 0.8143 		0.8725 		3.1803
v 0.075 		-1.43 		7.563
v 0.835 		0.991 		3.483
v -0.741 		-0.912 		6.237
v 0.5136 		1.0732 		3.072
v 0.028 		1.079 		2.961
v -0.002 		0.2322 		-3.072
v -0.851 		-0.601 		6.237
v 0.068 		1.083 		2.953
v -0.002 		0.398 		-3.487
v 0.185 		2.347 		-4.362
v -0.002 		0.49 		-3.226
v 0.111 		1.08 		2.96
v 0.3918 		1.0422 		2.9658
v 0.337 		1.047 		2.943
v -0.409 		-1.042 		7.1
v 0.0028 		0.0381 		-2.9399
v 0.189 		2.339 		-4.413
v 0.188 		2.332 		-4.394
v 0 		0.0381 		-2.944
v 0.0028 		0.0381 		-2.944
v 0.068 		1.027 		2.84
v 0 		0.038 		-2.958
v -0.0133 		0.038 		-2.971
v -0.012 		0.0383 		-2.8887
v -0.0133 		0.038 		-2.9716
v -0.0149 		0.0375 		-3.072
v -0.119 		-1.135 		6.733
v -0.106 		-1.183 		6.724
v -0.109 		-1.173 		6.724
v 0.814 		0.737 		3.07
v 0.3378 		-0.0549 		9.6428
v -0.013 		0.028 		-3.158
v -0.0084 		0.028 		-3.0964
v -0.0061 		0 		-3.0856
v 0.316 		-0.058 		9.582
v -0.8541 		0.0254 		-3.0956
v 0.747 		0.684 		2.766
v 0.362 		-0.051 		9.668
v 0.029 		1.02 		2.847
v 0.111 		1.02 		2.847
v 0.166 		2.25 		-3.608
v 0.027 		0.938 		2.706
v 0.068 		0.942 		2.699
v 0.111 		0.935 		2.706
v -0.872 		0.056 		8.202
v 0.068 		0.815 		2.508
v 0.0081 		0.812 		2.5117
v 0.027 		0.813 		2.5105
v 0.144 		2.219 		-3.591
v 0.144 		2.224 		-3.6
v 0.027 		0.812 		2.509
v 0.147 		2.212 		-3.636
v 0.105 		0.813 		2.509
v 0.454 		0.794 		2.518
v 0.701 		0.737 		2.547
v 0.496 		-0.451 		9.576
v -0.904 		0.024 		7.838
v 0.394 		-0.274 		9.58
v 0.404 		-0.27 		9.622
v 0.075 		-1.596 		7.534
v 0.503 		-0.444 		9.619
v 0.075 		-1.646 		7.548
v 0.144 		2.23 		-3.607
v -0.821 		1.297 		4.056
v 0.144 		2.236 		-3.611
v -0.763 		1.104 		3.816
v -0.755 		1.239 		3.792
v -0.763 		1.246 		3.836
v 0.147 		2.221 		-3.633
v -0.741 		1.229 		3.703
v -0.741 		1.104 		3.703
v -0.851 		0.056 		3.494
v -0.8545 		0 		3.4923
v -0.8546 		0 		3.5375
v 0.148 		2.21 		-3.639
v 0.167 		2.221 		-3.59
v 0.171 		2.211 		-3.637
v 0.17 		2.222 		-3.632
v 0.17 		2.213 		-3.634
v -0.8538 		0 		3.5314
v -0.3763 		1.1131 		3.1229
v -0.3255 		1.0947 		3.072
v -0.3994 		1.0667 		3.072
v 0 		1.1799 		3.1854
v -0.0459 		1.1229 		3.072
v -0.95 		1.284 		3.473
v 0.171 		2.211 		-3.647
v -0.714 		1.206 		3.574
v 0.425 		-0.227 		9.217
v 0.075 		-1.699 		7.563
v 0.51 		-0.032 		9.319
v 0.206 		-0.061 		9.376
v 0.287 		-0.142 		9.291
v -0.646 		1.147 		3.307
v 1.023 		-0.089 		7.1
v 1.002 		-0.491 		7.1
v -0.667 		1.069 		3.317
v -0.109 		-1.173 		6.76
v 1.023 		-0.142 		6.735
v -0.106 		-1.183 		6.76
v 0.857 		-0.855 		7.1
v -0.097 		-1.125 		6.792
v -0.116 		-1.152 		6.774
v -0.106 		-1.098 		6.741
v 0.998 		-0.735 		6.728
v 0.966 		-0.548 		6.735
v 0.188 		2.34 		-4.397
v 0.188 		2.342 		-4.401
v 0.189 		2.342 		-4.407
v -0.674 		0.875 		3.179
v -0.664 		0.734 		3.073
v 0.956 		-0.707 		6.693
v 0.924 		-0.731 		6.725
v -0.377 		-1.074 		6.735
v -0.706 		0.991 		3.483
v 0.068 		-0.061 		9.372
v 0.125 		-0.17 		9.291
v -0.706 		0.829 		3.349
v 0.015 		-0.17 		9.291
v 0.984 		-0.693 		6.675
v 0.19 		2.331 		-4.417
v -0.706 		0.716 		3.261
v 0.193 		2.331 		-4.469
v 0.193 		2.336 		-4.47
v 0.178 		-0.276 		9.217
v 0.193 		2.341 		-4.476
v 0.193 		2.342 		-4.48
v 0.068 		-0.276 		9.217
v -0.197 		1.048 		2.943
v -0.3989 		1.024 		3.014
v 0.216 		2.34 		-4.471
v 0.216 		2.332 		-4.468
v 0.733 		-0.613 		9.652
v 0.216 		2.343 		-4.479
v 0.673 		-0.657 		9.588
v -0.628 		0.684 		2.766
v -0.096 		-1.095 		6.421
v -0.0925 		-1.074 		6.4033
v -0.0922 		-1.074 		6.421
v -0.111 		-1.132 		6.563
v -0.098 		-1.08 		6.586
v -0.0964 		-1.074 		6.4602
v 0.973 		-0.813 		6.704
v -0.314 		0.794 		2.518
v 1.019 		-0.781 		6.675
v -0.097 		-1.183 		6.545
v -0.561 		0.737 		2.547
v 0.857 		-0.876 		6.735
v -0.0979 		-1.074 		6.5785
v 0.8621 		-0.8605 		6.735
v 0.195 		2.33 		-4.492
v -0.1 		-1.173 		6.545
v 0.8632 		-0.8593 		6.7483
v -2.329 		1.33 		3.476
v 0.194 		2.335 		-4.491
v 0.196 		2.34 		-4.518
v 0.196 		2.341 		-4.522
v 0.196 		2.334 		-4.511
v 0.8736 		-0.8294 		6.8198
v 0.8779 		-0.8175 		6.8376
v 0.97 		-0.77 		6.796
v 0.864 		-0.8574 		6.7526
v 0.8868 		-0.7968 		6.81
v 0.196 		2.327 		-4.511
v 0.8937 		-0.771 		6.7743
v -0.0828 		-1.074 		6.3272
v -0.084 		-1.171 		6.292
v -0.0185 		-1.074 		6.2975
v 0.068 		2.322 		-3.211
v 0.194 		2.338 		-4.489
v 0.197 		2.318 		-4.521
v 0.8634 		-0.8621 		6.6983
v -0.081 		-1.181 		6.291
v 0.8884 		-0.7815 		6.735
v 0.197 		2.321 		-4.513
v 1.023 		-0.131 		6.492
v 0.218 		2.332 		-4.491
v 0.217 		2.342 		-4.484
v 0.143 		2.389 		-3.365
v 1.023 		-0.163 		6.237
v 0.143 		2.378 		-3.365
v 0.144 		2.373 		-3.37
v 0.145 		2.371 		-3.376
v -0.1455 		0.0276 		-2.0959
v -0.1473 		0 		-2.0852
v -0.377 		-1.074 		6.237
v 0.219 		2.343 		-4.521
v 0.219 		2.337 		-4.511
v 0.143 		2.393 		-3.368
v 0.143 		2.395 		-3.373
v 0.143 		2.396 		-3.381
v 0.219 		2.328 		-4.51
v 0.22 		2.323 		-4.512
v 0.98 		-0.76 		6.449
v 0.22 		2.319 		-4.52
v 1.012 		-0.731 		6.477
v 0.149 		2.372 		-3.449
v 0.148 		2.397 		-3.449
v 0.148 		2.372 		-3.435
v 0.147 		2.371 		-3.411
v -0.741 		-0.933 		5.466
v -0.851 		-0.657 		5.466
v 0.0302 		0.2336 		9.6044
v -0.7632 		-0.8558 		5.1664
v -0.7575 		-0.866 		5.16
v 0.005 		0.3224 		-1.5
v 0.0045 		0.299 		-1.723
v 0.003 		0.2322 		-3.072
v 0.128 		2.316 		-3.436
v 0.149 		2.358 		-3.436
v 0.148 		2.358 		-3.412
v 0.068 		0.239 		-4.042
v 0.019 		0.345 		-3.682
v 0.63 		-0.684 		9.576
v 0.63 		-0.674 		9.622
v 0.676 		-0.638 		9.7
v 0.12 		2.391 		-3.37
v 0.12 		2.394 		-3.375
v 0.12 		2.387 		-3.367
v 0.12 		2.377 		-3.366
v 0.121 		2.37 		-3.378
v 0.0061 		0.0376 		-3.072
v 0.121 		2.373 		-3.369
v 0.0059 		0.0374 		-3.1
v 0.896 		-1.02 		9.702
v 0.807 		-0.877 		9.596
v 0.945 		-1.004 		9.671
v 0.061 		0.512 		10.258
v 0.068 		0.512 		10.258
v 0.079 		0.512 		10.258
v 0.167 		2.237 		-3.609
v 0.068 		0.459 		10.258
v 0.857 		-0.826 		9.667
v 0.167 		2.231 		-3.605
v 0.079 		0.462 		10.258
v 0.086 		0.469 		10.259
v 0.772 		-0.904 		9.576
v 0.772 		-0.893 		9.619
v 0.167 		2.226 		-3.599
v 0.093 		0.476 		10.259
v 0.804 		-0.85 		9.697
v 0.093 		0.487 		10.26
v 0.093 		0.498 		10.257
v 1.012 		-1.242 		9.691
v 0.086 		0.505 		10.258
v 0.867 		-1.076 		9.598
v 0.899 		-1.052 		9.614
v 0.144 		2.285 		-3.655
v 1.012 		-1.252 		9.673
v 0.867 		-1.064 		9.634
v 0.146 		2.301 		-3.703
v 0.147 		2.29 		-3.709
v 0.147 		2.292 		-3.706
v 0.054 		0.505 		10.258
v 0.047 		0.498 		10.257
v 0.047 		0.487 		10.26
v 0.047 		0.476 		10.259
v -0.409 		-1.074 		5.466
v 0.144 		2.299 		-3.663
v 0.054 		0.469 		10.259
v -1.077 		-0.961 		5.145
v -1.247 		-0.961 		5.145
v 0.061 		0.462 		10.258
v -1.247 		-0.929 		5.145
v -1.077 		-0.929 		5.145
v 0.726 		-0.163 		8.994
v 0.5433 		-0.512 		8.8245
v 0.5429 		-0.5111 		8.8271
v 0.5387 		-0.512 		8.8353
v 0.068 		0.627 		10.009
v 0.6285 		-0.4665 		8.704
v 0.512 		-0.4372 		8.8747
v 0.512 		-0.4452 		8.8731
v 0.514 		-0.4355 		8.8747
v 0.5198 		-0.4329 		8.8716
v 0.531 		-0.4284 		8.8649
v 0.5213 		-0.4323 		8.8707
v 0.5361 		-0.512 		8.8404
v 0.539 		-0.4317 		8.8514
v 0.5382 		-0.4316 		8.8524
v 0.5396 		-0.4322 		8.8499
v 0.5377 		-0.512 		8.8371
v 0.5398 		-0.4324 		8.8496
v 0.5425 		-0.4344 		8.8439
v 0.5458 		-0.4476 		8.8227
v 0.217 		2.336 		-4.49
v 0.546 		-0.4484 		8.8215
v 0.5438 		-0.459 		8.8099
v 0.5445 		-0.4555 		8.8136
v 0.966 		-0.58 		6.492
v 0.542 		-0.4696 		8.798
v 0.17 		2.297 		-3.702
v 0.531 		-0.4974 		8.7737
v 0.5259 		-0.5056 		8.7687
v 0.5217 		-0.512 		8.765
v 0.171 		2.29 		-3.712
v 0.512 		-0.423 		8.8935
v 0.512 		-0.4317 		8.882
v 0.931 		-0.731 		6.516
v 0.17 		2.293 		-3.704
v 0.5756 		-0.512 		8.704
v 0.963 		-0.7 		6.569
v 0.991 		-0.689 		6.552
v 0.512 		-0.512 		8.776
v 0.167 		2.287 		-3.654
v 0.167 		2.3 		-3.662
v 0.17 		2.291 		-3.708
v 0.196 		2.381 		-4.555
v 0.196 		2.38 		-4.562
v 0.196 		2.37 		-4.546
v 0.197 		2.377 		-4.566
v -2.027 		-1.4868 		5.1556
v -2.0262 		-1.49 		5.1517
v -2.021 		-1.5107 		5.127
v -2.021 		-1.402 		5.124
v -2.048 		-1.4085 		5.2553
v -2.048 		-1.4984 		5.2578
v -2.048 		-1.5512 		5.3116
v 0.195 		2.376 		-4.548
v 0.219 		2.371 		-4.544
v 0.22 		2.378 		-4.565
v 0.22 		2.373 		-4.567
v -3.683 		1.387 		3.476
v -2.0401 		-1.494 		5.261
v -2.048 		-1.4984 		5.3006
v -2.0418 		-1.495 		5.2694
v -2.048 		-1.4299 		5.2661
v -2.0409 		-1.504 		5.2699
v -4.096 		1.44 		3.7995
v -4.096 		1.411 		3.575
v -2.036 		-1.261 		5.124
v 0.219 		2.383 		-4.556
v 0.219 		2.38 		-4.548
v -2.0374 		-1.5452 		5.3095
v -2.048 		-1.4459 		5.3976
v -2.048 		-1.536 		5.324
v 0.857 		-0.912 		6.492
v -2.0376 		-1.5429 		5.307
v 0.219 		2.382 		-4.561
v -4.5643 		1.613 		4.0131
v -4.5644 		1.613 		4.013
v 0.977 		-0.82 		6.552
v -4.567 		1.415 		3.508
v -2.0215 		-1.5181 		5.12
v -2.0213 		-1.4472 		5.12
v -4.5645 		1.6129 		4.0128
v -5.585 		1.464 		3.635
v 1.023 		-0.781 		6.555
v -6.331 		1.503 		3.727
v -7.159 		1.549 		3.826
v 0.8762 		-0.8478 		6.5349
v 0.8747 		-0.8515 		6.5404
v 0.8866 		-0.8217 		6.492
v 0.8858 		-0.8234 		6.4984
v 0.199 		2.316 		-4.547
v 0.198 		2.339 		-4.547
v 0.2 		2.316 		-4.571
v 0.8958 		-0.7938 		6.4195
v -1.625 		-1.265 		5.177
v -1.622 		-1.31 		5.226
v -1.622 		-1.367 		5.177
v 0.199 		2.339 		-4.57
v -8.591 		1.888 		6.287
v -8.591 		1.75 		6.315
v 0.201 		2.34 		-4.603
v 0.202 		2.319 		-4.605
v -2.0307 		-1.525 		5.12
v 0.2 		2.341 		-4.587
v -2.0216 		-1.443 		5.12
v -9.033 		1.881 		6.315
v -0.904 		-0.251 		4.894
v -8.591 		1.803 		6.396
v 0.201 		2.318 		-4.587
v 0.202 		2.317 		-4.595
v -9.033 		1.803 		6.354
v -0.851 		-0.657 		4.894
v -0.7956 		-0.7625 		4.894
v -9.475 		1.913 		6.258
v -9.722 		1.803 		6.149
v -0.7953 		-0.762 		4.8874
v -9.475 		1.803 		6.287
v -9.832 		1.722 		6.205
v -9.779 		1.75 		6.23
v -9.641 		1.803 		6.287
v -0.706 		-0.933 		4.894
v -9.612 		1.86 		6.258
v -0.7168 		-0.933 		5.0699
v -0.706 		-0.933 		4.894
v -0.7061 		-0.933 		4.8951
v -9.475 		1.86 		6.343
v -0.7116 		-0.9351 		5.0672
v -0.7089 		-0.9357 		5.0447
v -0.706 		-0.933 		4.894
v -0.848 		-0.823 		5.039
v -0.848 		-0.89 		5.095
v -9.475 		1.913 		5.93
v -8.591 		1.888 		5.93
v 0.068 		0.34 		10.011
v 0.019 		2.322 		-3.335
v -9.86 		1.666 		5.901
v 0.114 		2.322 		-3.335
v 0.068 		0.29 		9.886
v -8.591 		1.722 		5.954
v 0.068 		0.241 		9.698
v 0.068 		0.2243 		9.5997
v -9.475 		1.775 		5.954
v 0.125 		2.371 		-3.437
v 0.123 		2.394 		-3.428
v 0.124 		2.369 		-3.413
v 0.124 		2.395 		-3.45
v 0.068 		0.211 		9.429
v -9.75 		1.803 		5.873
v -8.591 		1.831 		4.912
v 0.065 		0.638 		1.387
v -8.591 		1.666 		4.491
v -8.591 		1.694 		4.912
v 0.065 		0.497 		0.108
v 0.514 		-0.512 		8.7605
v 0.5153 		-0.512 		8.7612
v 0.512 		-0.512 		8.7602
v 0.065 		0.388 		-0.875
v 0.514 		-0.35 		8.892
v 0.531 		-0.347 		8.881
v 0.542 		-0.347 		8.863
v 0.542 		-0.336 		8.825
v 0.531 		-0.333 		8.807
v 0.8959 		-0.7821 		6.5787
v 0.8991 		-0.7838 		6.492
v 0.546 		-0.34 		8.842
v 0.857 		-0.912 		6.237
v 0.514 		-0.333 		8.796
v 0.8953 		-0.7953 		6.373
v 0.903 		-0.788 		6.357
v 0.966 		-0.601 		6.237
v 0.148 		2.21 		-3.649
v 0.148 		2.212 		-3.652
v 0.148 		2.216 		-3.654
v 0.148 		2.221 		-3.655
v 0.8952 		-0.7958 		6.3908
v 0.524 		-1.042 		7.1
v 0.171 		2.222 		-3.654
v 0.512 		-0.4735 		8.832
v 0.171 		2.217 		-3.653
v 0.065 		-1.063 		7.1
v 0.171 		2.213 		-3.651
v 0.503 		-1.074 		6.735
v 0.045 		-1.173 		6.681
v 0.124 		2.357 		-3.413
v 0.04 		-1.183 		6.717
v 0.126 		2.357 		-3.437
v 0.051 		-1.145 		6.695
v 0.033 		-1.098 		6.718
v 0.153 		2.253 		-3.768
v 0.152 		2.243 		-3.747
v 0.152 		2.255 		-3.744
v 0.512 		-0.4303 		8.8822
v 0.512 		-0.512 		8.832
v 0.033 		-1.125 		6.77
v 0.4657 		-0.408 		8.96
v 0.471 		-0.382 		8.994
v 0.249 		-0.491 		8.994
v 0.4604 		-0.4106 		8.96
v 0.152 		2.268 		-3.766
v 0.4681 		-0.406 		8.96
v 0.154 		2.241 		-3.775
v 0.1742 		-0.5085 		8.994
v 0.1744 		-0.4982 		9.0028
v 0.18 		-0.4543 		9.0735
v 0.045 		-1.173 		6.717
v 0.0653 		-0.5088 		9.0157
v 0.1317 		-0.4693 		9.0623
v 0.15 		2.281 		-3.743
v 0.149 		2.293 		-3.746
v 0.05 		-1.151 		6.741
v 0.151 		2.284 		-3.768
v 0.072 		-1.074 		6.746
v 0.18 		-0.391 		9.121
v -9.036 		1.817 		4.745
v 0.503 		-1.074 		6.492
v -8.591 		1.775 		4.491
v 0.058 		-1.131 		6.564
v 0.045 		-1.173 		6.545
v 0.04 		-1.183 		6.545
v 0.202 		2.336 		-4.608
v 0.033 		-1.079 		6.589
v 0.0439 		-1.074 		6.5464
v -9.475 		1.86 		4.94
v -9.832 		1.584 		4.222
v 0.0331 		-1.074 		6.5829
v -9.779 		1.694 		5.049
v -9.779 		1.657 		4.689
v 0.0179 		-1.074 		6.5823
v -9.86 		1.613 		4.717
v 0.15 		2.389 		-3.474
v 0.149 		2.393 		-3.469
v 0.15 		2.371 		-3.464
v 0.148 		2.396 		-3.461
v 0.15 		2.383 		-3.476
v 0.198 		2.364 		-4.57
v -9.475 		1.722 		4.608
v 0.05 		-1.074 		6.4561
v 0.057 		-1.074 		6.407
v 0.15 		2.372 		-3.469
v 0.15 		2.379 		-3.475
v -9.475 		1.694 		4.137
v 0.503 		-1.074 		6.237
v -9.86 		1.613 		5.078
v -9.475 		1.75 		4.94
v 0.064 		-1.109 		6.388
v 0.054 		-1.074 		6.3826
v 0.0337 		-1.074 		6.3204
v 0.0291 		-1.074 		6.2853
v 0.037 		-1.074 		6.276
v 0.156 		2.319 		-3.508
v 0.156 		2.308 		-3.502
v 0.156 		2.329 		-3.517
v 0.224 		2.317 		-4.569
v 0.225 		2.319 		-4.585
v 0.013 		-1.074 		6.2356
v 0.045 		-1.082 		6.242
v 0.0524 		-1.074 		6.2705
v 0.0461 		-1.074 		6.2675
v 0.0461 		-1.074 		6.2672
v 0.0441 		-1.074 		6.2431
v 0.0451 		-1.074 		6.2459
v 0.135 		2.315 		-3.501
v 0.037 		-1.171 		6.261
v 0.222 		2.317 		-4.546
v 0.032 		-1.181 		6.261
v 0.151 		2.299 		-3.774
v 0.221 		2.341 		-4.545
v 0.222 		2.341 		-4.568
v 0.0136 		-1.074 		6.2559
v 0.221 		2.365 		-4.569
v 0.0206 		-1.074 		6.2577
v 0.135 		2.3062 		-3.5029
v 0.135 		2.315 		-3.5085
v 0.225 		2.338 		-4.607
v -9.475 		1.803 		4.608
v 0.1349 		2.3162 		-3.5093
v 0.1349 		2.3172 		-3.5098
v 0.1344 		2.3271 		-3.5189
v 2.374 		-1.017 		5.124
v -8.598 		1.623 		4.014
v 2.374 		-1.01 		5.265
v 0.157 		2.34 		-3.539
v -0.004 		2.307 		-3.271
v 0.159 		2.32 		-3.552
v 0.16 		2.318 		-3.568
v 0.159 		2.34 		-3.569
v -0.004 		2.309 		-3.288
v 2.374 		-1.017 		5.413
v -0.004 		2.307 		-3.304
v -0.004 		2.348 		-3.312
v -0.004 		2.344 		-3.308
v -0.004 		2.331 		-3.304
v -0.004 		2.307 		-3.328
v 0.0848 		-0.391 		9.121
v -0.004 		2.347 		-3.323
v -0.004 		2.349 		-3.317
v -0.028 		2.348 		-3.312
v -0.028 		2.348 		-3.319
v 0.067 		-0.3613 		9.1433
v 0.0363 		-0.3099 		9.1818
v -0.028 		2.307 		-3.271
v -0.028 		2.309 		-3.288
v -0.028 		2.307 		-3.304
v -0.028 		2.331 		-3.304
v -0.028 		2.344 		-3.308
v -0.028 		2.345 		-3.325
v -0.028 		2.307 		-3.328
v 2.232 		-1.176 		5.633
v 0.4831 		-0.4606 		8.8714
v 2.313 		-1.166 		5.76
v 2.374 		-1.137 		5.753
v 0.493 		-0.4536 		8.8745
v 0.475 		-0.4666 		8.8684
v 0.5057 		-0.4478 		8.8738
v 0.4934 		-0.4534 		8.8744
v 0.4474 		-0.5052 		8.832
v 0.4482 		-0.512 		8.832
v 0.45 		-0.5 		8.8377
v 0.4565 		-0.4867 		8.8524
v 0.457 		-0.4857 		8.8536
v 2.26 		-1.233 		5.753
v -0.004 		2.283 		-3.304
v 0.4663 		-0.4761 		8.8609
v -0.004 		2.283 		-3.327
v -0.004 		2.285 		-3.288
v -0.004 		2.296 		-3.264
v 0.4277 		-0.4994 		8.8545
v -0.004 		2.286 		-3.269
v -0.004 		2.284 		-3.276
v 0.4933 		-0.4533 		8.8746
v 2.483 		-1.233 		5.753
v -0.004 		2.303 		-3.266
v -0.028 		2.283 		-3.304
v 0.4336 		-0.512 		8.832
v -0.028 		2.283 		-3.327
v -0.028 		2.285 		-3.288
v 2.441 		-1.166 		5.753
v -0.028 		2.285 		-3.274
v -0.028 		2.288 		-3.268
v -0.028 		2.296 		-3.264
v -0.028 		2.303 		-3.266
v 0.5062 		-0.4421 		8.8748
v 0.4826 		-0.4544 		8.8726
v 2.2 		-1.3 		5.633
v 0.493 		-0.4459 		8.876
v -0.004 		2.214 		-3.325
v 2.1999 		-1.3924 		5.632
v 2.2036 		-1.3606 		5.6892
v 2.543 		-1.303 		5.636
v 2.543 		-1.423 		5.636
v -0.004 		2.202 		-3.301
v -0.004 		2.191 		-3.302
v -0.004 		2.183 		-3.304
v -0.004 		2.178 		-3.308
v -0.004 		2.176 		-3.314
v -0.004 		2.183 		-3.324
v -0.004 		2.187 		-3.325
v -0.028 		2.214 		-3.325
v -0.028 		2.187 		-3.325
v -0.028 		2.183 		-3.324
v -0.028 		2.177 		-3.318
v -0.028 		2.176 		-3.314
v -0.028 		2.178 		-3.308
v -0.028 		2.183 		-3.304
v -0.028 		2.191 		-3.302
v -0.028 		2.205 		-3.301
v 2.5463 		-1.5226 		5.646
v 2.5476 		-1.5312 		5.632
v 2.232 		-1.335 		5.753
v 0.493 		-0.35 		8.895
v 0.475 		-0.35 		8.892
v 2.515 		-1.335 		5.753
v 2.515 		-1.448 		5.753
v 2.5062 		-1.3337 		5.7614
v 2.5062 		-1.3337 		5.7614
v 2.5062 		-1.3337 		5.7614
v 2.5062 		-1.3337 		5.7614
v -0.004 		2.337 		-3.329
v 0.447 		-0.347 		8.863
v 0.457 		-0.347 		8.881
v 2.374 		-1.314 		5.887
v -0.004 		2.309 		-3.352
v -0.004 		2.306 		-3.385
v -0.028 		2.337 		-3.329
v -0.028 		2.309 		-3.352
v -0.028 		2.305 		-3.361
v -0.028 		2.308 		-3.389
v 2.5478 		-1.536 		5.632
v 2.1999 		-1.536 		5.632
v 2.589 		-1.261 		5.124
v 2.568 		-1.409 		5.265
v 2.56 		-1.4461 		5.4028
v 0.439 		-0.34 		8.842
v -0.004 		2.306 		-3.402
v -0.004 		2.309 		-3.396
v -0.028 		2.309 		-3.394
v -0.028 		2.306 		-3.402
v 2.568 		-1.261 		5.265
v -0.844 		-0.947 		5.046
v -0.004 		2.31 		-3.47
v -0.004 		2.307 		-3.477
v 2.56 		-1.536 		5.4556
v -0.004 		2.308 		-3.463
v -0.004 		2.336 		-3.513
v -0.004 		2.315 		-3.513
v -0.004 		2.366 		-3.517
v -0.004 		2.363 		-3.514
v -0.004 		2.355 		-3.51
v -0.028 		2.309 		-3.465
v -0.028 		2.309 		-3.472
v 2.374 		-1.07 		5.626
v -0.028 		2.307 		-3.477
v 2.515 		-1.176 		5.622
v -0.028 		2.315 		-3.513
v -0.028 		2.336 		-3.513
v -0.028 		2.361 		-3.512
v -0.028 		2.366 		-3.52
v -0.8003 		-0.7711 		5.046
v -0.7957 		-0.7816 		5.0596
v -0.028 		2.355 		-3.51
v 2.448 		-1.099 		5.626
v -0.851 		-0.954 		4.866
v -0.851 		-0.83 		4.873
v -0.002 		2.315 		-3.501
v 2.522 		-1.145 		5.413
v 2.455 		-1.046 		5.413
v -0.851 		-0.904 		4.809
v -0.004 		2.336 		-3.536
v -0.004 		2.354 		-3.533
v -0.004 		2.363 		-3.528
v -0.004 		2.366 		-3.525
v -0.028 		2.366 		-3.525
v -0.028 		2.363 		-3.528
v -0.028 		2.354 		-3.533
v -0.028 		2.336 		-3.536
v -0.7063 		-0.9322 		4.8407
v -0.709 		-0.9254 		4.8329
v 0.223 		2.343 		-4.585
v 0.224 		2.342 		-4.601
v 0.225 		2.319 		-4.594
v 0.226 		2.322 		-4.605
v -0.004 		2.285 		-3.353
v -0.004 		2.288 		-3.361
v -0.004 		2.294 		-3.363
v -0.004 		2.303 		-3.362
v -0.7935 		-0.7605 		4.8576
v -0.7584 		-0.8016 		4.6955
v -0.004 		2.302 		-3.383
v -0.004 		2.297 		-3.382
v -0.004 		2.253 		-3.384
v -0.028 		2.301 		-3.363
v -0.028 		2.294 		-3.363
v -0.028 		2.288 		-3.361
v -0.028 		2.285 		-3.353
v -0.028 		2.253 		-3.384
v -0.028 		2.297 		-3.382
v -0.028 		2.302 		-3.383
v 0.225 		2.33 		-4.608
v -0.872 		-0.273 		4.233
v -0.004 		2.184 		-3.384
v -0.004 		2.176 		-3.389
v -0.028 		2.178 		-3.387
v -0.904 		-0.273 		4.477
v -0.028 		2.184 		-3.384
v -0.004 		2.254 		-3.408
v -0.004 		2.298 		-3.405
v -0.028 		2.298 		-3.405
v -0.028 		2.254 		-3.408
v -0.004 		2.207 		-3.407
v -0.028 		2.18 		-3.455
v -0.028 		2.178 		-3.441
v -0.028 		2.18 		-3.423
v -0.028 		2.177 		-3.403
v -0.028 		2.203 		-3.425
v -0.028 		2.202 		-3.441
v -0.028 		2.203 		-3.448
v -0.028 		2.206 		-3.456
v -0.028 		2.185 		-3.407
v 0.493 		-0.333 		8.793
v -0.028 		2.207 		-3.407
v 0.457 		-0.333 		8.807
v 0.475 		-0.333 		8.796
v 0.161 		2.311 		-3.58
v -0.004 		2.18 		-3.423
v -0.004 		2.178 		-3.441
v -0.004 		2.18 		-3.455
v -0.004 		2.203 		-3.425
v -0.004 		2.202 		-3.441
v -0.004 		2.203 		-3.448
v -0.004 		2.206 		-3.456
v -0.004 		2.185 		-3.407
v -0.004 		2.177 		-3.403
v -0.028 		2.175 		-3.399
v -0.028 		2.175 		-3.393
v -0.004 		2.174 		-3.395
v -0.004 		2.263 		-3.461
v -0.004 		2.299 		-3.481
v -0.004 		2.298 		-3.458
v -0.028 		2.263 		-3.461
v 0.157 		2.341 		-3.552
v -0.028 		2.298 		-3.458
v -0.028 		2.303 		-3.459
v -0.028 		2.299 		-3.481
v -0.028 		2.263 		-3.484
v -0.028 		2.244 		-3.517
v 2.557 		-1.279 		5.413
v 0.158 		2.309 		-3.528
v 2.292 		-1.046 		5.413
v 2.225 		-1.145 		5.413
v 2.292 		-1.099 		5.626
v 0.158 		2.317 		-3.538
v 0.148 		2.293 		-3.722
v 0.156 		2.336 		-3.527
v 2.186 		-1.279 		5.413
v -0.706 		-0.933 		4.477
v -0.7402 		-0.8472 		4.5713
v -0.7418 		-0.8431 		4.5791
v -0.816 		-0.657 		4.477
v 0.148 		2.29 		-3.718
v -0.816 		-0.657 		4.233
v 2.1939 		-1.3555 		5.5369
v -0.706 		-0.933 		4.233
v 2.195 		-1.536 		5.5552
v 2.1774 		-1.536 		5.5471
v 0.173 		2.295 		-3.745
v 0.178 		2.243 		-3.774
v 0.174 		2.3 		-3.772
v -0.377 		-1.063 		4.894
v -0.377 		-1.053 		4.477
v 2.176 		-1.536 		5.413
v 2.186 		-1.427 		5.413
v -0.377 		-1.042 		4.233
v 0.447 		-0.336 		8.825
v 2.529 		-1.137 		5.265
v 2.462 		-1.046 		5.265
v 0.176 		2.245 		-3.746
v 0.175 		2.256 		-3.743
v 0.447 		-0.512 		8.8298
v 0.4466 		-0.512 		8.8289
v 0.4445 		-0.512 		8.8242
v 0.4429 		-0.512 		8.8204
v 0.4478 		-0.512 		8.8312
v 0.175 		2.27 		-3.765
v 0.5054 		-0.512 		8.7591
v 0.5081 		-0.512 		8.7595
v 0.174 		2.27 		-3.741
v 0.174 		2.286 		-3.767
v 0.173 		2.282 		-3.742
v 2.543 		-1.137 		5.124
v 0.5423 		-0.512 		8.832
v 0.5403 		-0.512 		8.832
v 2.469 		-1.046 		5.124
v 2.292 		-1.046 		5.265
v 2.218 		-1.137 		5.265
v 0.5429 		-0.512 		8.8269
v 0.176 		2.254 		-3.767
v 2.186 		-1.261 		5.265
v 0.4311 		-0.512 		8.832
v 2.285 		-1.046 		5.124
v 2.225 		-1.137 		5.124
v 0.514 		-0.657 		8.832
v 0.514 		-0.597 		8.842
v 0.531 		-0.594 		8.832
v 2.172 		-1.261 		5.124
v 0.5369 		-0.5446 		8.832
v 0.542 		-0.583 		8.775
v 0.531 		-0.64 		8.747
v 0.531 		-0.58 		8.757
v 0.514 		-0.636 		8.736
v 0.514 		-0.58 		8.747
v 0.5435 		-0.64 		8.7989
v 0.546 		-0.64 		8.785
v 0.546 		-0.604 		8.792
v 0.171 		2.294 		-3.72
v 0.171 		2.291 		-3.717
v 0.194 		2.262 		-4.414
v 0.194 		2.24 		-4.394
v 0.5472 		-0.64 		8.7915
v 0.192 		2.269 		-4.391
v 0.531 		-0.654 		8.821
v 0.192 		2.295 		-4.413
v 0.212 		2.278 		-4.356
v 0.514 		-0.768 		8.8087
v 0.514 		-0.721 		8.817
v 0.215 		2.297 		-4.412
v 0.213 		2.297 		-4.389
v 0.5291 		-0.768 		8.7984
v 0.531 		-0.768 		8.7972
v 0.215 		2.271 		-4.39
v 0.5471 		-0.768 		8.7652
v 0.217 		2.241 		-4.393
v 0.217 		2.263 		-4.413
v 0.542 		-0.768 		8.7386
v 0.542 		-0.71 		8.75
v 0.531 		-0.733 		8.727
v 0.531 		-0.768 		8.7206
v 0.5342 		-0.768 		8.7255
v 0.5249 		-0.768 		8.7162
v 0.514 		-0.768 		8.7095
v 0.512 		-0.768 		8.7091
v 0.512 		-0.7925 		8.704
v 0.512 		-0.768 		8.7088
v 0.512 		-0.7932 		8.704
v 0.211 		-0.609 		9.167
v 0.18 		-0.588 		9.121
v -0.004 		2.263 		-3.484
v -0.004 		2.244 		-3.517
v 0.475 		-0.657 		8.832
v 0.493 		-0.657 		8.835
v 0.493 		-0.597 		8.846
v -0.004 		2.229 		-3.46
v 0.189 		2.277 		-4.358
v -0.004 		2.185 		-3.467
v -0.004 		2.194 		-3.475
v -0.004 		2.207 		-3.48
v -0.004 		2.236 		-3.483
v -0.004 		2.19 		-3.514
v -0.004 		2.182 		-3.517
v -0.028 		2.229 		-3.46
v 0.475 		-0.597 		8.842
v -0.028 		2.236 		-3.483
v -0.028 		2.207 		-3.48
v -0.028 		2.194 		-3.475
v -0.028 		2.185 		-3.467
v -0.028 		2.182 		-3.517
v -0.028 		2.19 		-3.514
v 0.19 		2.295 		-4.39
v -0.004 		2.26 		-3.561
v -0.004 		2.283 		-3.56
v -0.004 		2.262 		-3.539
v -0.004 		2.285 		-3.537
v -0.004 		2.244 		-3.539
v 0.193 		2.223 		-4.36
v 0.193 		2.219 		-4.359
v -0.028 		2.26 		-3.561
v 0.4215 		-0.518 		8.832
v -0.028 		2.283 		-3.56
v 0.195 		2.227 		-4.399
v -0.028 		2.262 		-3.539
v -0.028 		2.285 		-3.537
v -0.028 		2.244 		-3.539
v 0.447 		-0.566 		8.819
v 0.196 		2.218 		-4.408
v 0.447 		-0.557 		8.78
v 0.439 		-0.56 		8.802
v -0.004 		2.18 		-3.521
v -0.004 		2.179 		-3.528
v -0.004 		2.182 		-3.533
v -0.004 		2.19 		-3.537
v -0.028 		2.19 		-3.537
v -0.028 		2.184 		-3.535
v -0.028 		2.179 		-3.528
v -0.028 		2.18 		-3.521
v -0.004 		2.356 		-3.66
v -0.004 		2.364 		-3.657
v -0.004 		2.367 		-3.649
v -0.004 		2.364 		-3.64
v -0.004 		2.356 		-3.637
v -0.028 		2.366 		-3.644
v -0.028 		2.367 		-3.649
v -0.028 		2.356 		-3.637
v -0.028 		2.362 		-3.639
v -0.028 		2.364 		-3.657
v -0.028 		2.356 		-3.66
v 0.216 		2.216 		-4.355
v 0.216 		2.225 		-4.359
v 0.218 		2.228 		-4.397
v 0.219 		2.219 		-4.406
v -1.077 		-0.961 		5.0879
v -1.077 		-0.961 		4.912
v -1.077 		-0.961 		4.9294
v -1.0841 		-0.961 		4.9347
v -1.0906 		-0.961 		5.0821
v -0.002 		2.315 		-3.671
v -1.247 		-0.961 		4.912
v -1.0841 		-0.961 		4.9645
v -1.077 		-0.929 		4.912
v -1.247 		-0.929 		4.912
v -0.028 		2.306 		-3.784
v -0.028 		2.309 		-3.792
v -0.028 		2.31 		-3.801
v -0.028 		2.308 		-3.811
v -0.0083 		2.308 		-3.811
v -0.0078 		2.3099 		-3.8013
v -0.0074 		2.309 		-3.792
v -0.0078 		2.31 		-3.8006
v -0.0071 		2.306 		-3.784
v -1.077 		-0.957 		4.9329
v -1.077 		-0.9533 		5.0797
v -1.077 		-0.957 		4.9618
v -0.0078 		2.31 		-3.801
v -2.048 		-1.5512 		5.1068
v -2.0338 		-1.5432 		5.1042
v -0.004 		2.246 		-3.638
v -0.004 		2.269 		-3.639
v -0.004 		2.299 		-3.64
v -2.048 		-1.6265 		5.0315
v 0.198 		2.24 		-4.467
v 0.196 		2.287 		-4.467
v -2.043 		-1.3 		4.894
v -0.028 		2.246 		-3.638
v -0.028 		2.269 		-3.639
v -0.028 		2.299 		-3.64
v -2.036 		-1.434 		4.894
v -2.048 		-1.536 		4.8842
v -2.048 		-1.5093 		4.8409
v 0.219 		2.24 		-4.417
v -0.004 		2.185 		-3.643
v -0.004 		2.1825 		-3.6444
v -0.028 		2.177 		-3.646
v -0.028 		2.185 		-3.643
v 0.222 		2.241 		-4.465
v -0.0043 		2.176 		-3.648
v 0.219 		2.288 		-4.465
v -0.004 		2.26 		-3.661
v -0.004 		2.3 		-3.662
v -0.028 		2.3 		-3.662
v -0.028 		2.26 		-3.661
v -1.622 		-1.367 		5.078
v -1.622 		-1.31 		5.028
v 0.135 		2.297 		-4.438
v -0.004 		2.2127 		-3.6635
v -1.625 		-1.265 		5.078
v -0.028 		2.185 		-3.665
v -0.028 		2.181 		-3.665
v -0.028 		2.177 		-3.662
v 0.195 		2.239 		-4.418
v 0.196 		2.236 		-4.426
v 0.197 		2.213 		-4.419
v 0.199 		2.213 		-4.451
v 0.198 		2.211 		-4.433
v -2.048 		-1.4478 		5.413
v 0.2 		2.218 		-4.467
v -2.048 		-1.465 		5.615
v -2.048 		-1.536 		5.623
v -2.048 		-1.3811 		5.6066
v -2.048 		-1.3837 		5.608
v 0.197 		2.235 		-4.433
v -2.048 		-1.536 		5.2974
v -2.048 		-1.5499 		5.3102
v -2.048 		-1.536 		5.122
v -2.048 		-1.536 		4.8263
v 0.136 		2.319 		-3.553
v 0.135 		2.317 		-3.543
v 0.135 		2.308 		-3.529
v 0.135 		2.315 		-3.5399
v -2.237 		-1.017 		5.124
v 0.201 		2.207 		-4.479
v -2.237 		-1.017 		5.413
v 0.137 		2.313 		-3.576
v 0.137 		2.316 		-3.569
v -2.237 		-1.01 		5.265
v -2.304 		-1.166 		5.753
v 0.136 		2.338 		-3.571
v -2.347 		-1.233 		5.753
v -2.124 		-1.233 		5.753
v 0.201 		2.21 		-4.471
v -2.096 		-1.176 		5.633
v 0.138 		2.309 		-3.581
v -2.177 		-1.166 		5.76
v 0.198 		2.236 		-4.45
v -2.237 		-1.137 		5.753
v -2.237 		-1.314 		5.887
v -2.378 		-1.448 		5.753
v -2.0639 		-1.3921 		5.632
v -2.0676 		-1.3605 		5.6891
v -2.096 		-1.335 		5.753
v -2.4103 		-1.5228 		5.646
v -2.4117 		-1.5315 		5.632
v -2.407 		-1.423 		5.636
v -2.378 		-1.335 		5.753
v -2.064 		-1.3 		5.633
v -2.407 		-1.303 		5.636
v 0.224 		2.211 		-4.47
v 0.223 		2.22 		-4.466
v -2.0639 		-1.536 		5.632
v -2.4118 		-1.536 		5.632
v 0.1348 		2.3186 		-3.5417
v 0.1349 		2.3177 		-3.5413
v 0.134 		2.339 		-3.54
v 0.134 		2.34 		-3.553
v 0.1338 		2.3381 		-3.5379
v 0.4481 		-0.5324 		8.783
v 0.447 		-0.5317 		8.7851
v 0.4557 		-0.5372 		8.768
v 0.446 		-0.5309 		8.7875
v 0.134 		2.3341 		-3.5289
v 0.439 		-0.5216 		8.809
v 0.4406 		-0.5173 		8.8142
v 2.1743 		-1.4925 		5.248
v 2.1767 		-1.4938 		5.2609
v 2.1747 		-1.536 		5.3005
v 2.1775 		-1.5025 		5.2687
v 2.186 		-1.409 		5.265
v 2.1826 		-1.4082 		5.248
v 2.1821 		-1.4968 		5.248
v 0.493 		-0.636 		8.733
v 0.475 		-0.58 		8.747
v 2.158 		-1.402 		5.124
v 0.457 		-0.64 		8.747
v 0.457 		-0.58 		8.757
v 2.158 		-1.5108 		5.127
v 2.1638 		-1.4867 		5.1556
v 2.163 		-1.4899 		5.1516
v 0.493 		-0.527 		8.754
v 2.455 		-1.536 		5.594
v 2.501 		-1.536 		5.5304
v 2.511 		-1.536 		5.5169
v 0.493 		-0.5242 		8.7546
v 0.4928 		-0.5244 		8.7546
v 2.398 		-1.536 		5.6221
v 2.4434 		-1.536 		5.5992
v 0.4933 		-0.524 		8.7547
v 2.342 		-1.536 		5.6222
v 2.3541 		-1.536 		5.6221
v 0.384 		-0.6222 		8.704
v 0.4025 		-0.5756 		8.7593
v 0.384 		-0.6077 		8.7267
v 2.3292 		-1.536 		5.6163
v 0.4926 		-0.5226 		8.755
v 0.475 		-0.5325 		8.7564
v 0.4601 		-0.5371 		8.7638
v 0.457 		-0.5379 		8.7655
v 2.285 		-1.536 		5.594
v 0.153 		2.233 		-3.752
v 0.154 		2.224 		-3.759
v 0.4936 		-0.5219 		8.7551
v 0.493 		-0.5223 		8.7549
v 2.2711 		-1.536 		5.5752
v 2.229 		-1.536 		5.5201
v 0.156 		2.216 		-3.771
v 0.384 		-0.622 		8.704
v 0.177 		2.235 		-3.751
v 0.178 		2.226 		-3.758
v 0.3711 		-0.63 		8.704
v 0.447 		-0.65 		8.803
v 0.457 		-0.721 		8.807
v 0.178 		2.219 		-3.765
v 0.439 		-0.68 		8.777
v 2.197 		-1.536 		5.131
v 0.155 		2.289 		-3.825
v 0.4559 		-0.768 		8.7948
v 0.156 		2.269 		-3.826
v 2.197 		-1.536 		5.2937
v 2.2093 		-1.536 		5.3188
v 2.218 		-1.536 		5.3453
v 0.4565 		-0.768 		8.7963
v 0.4569 		-0.768 		8.797
v 2.455 		-1.734 		5.548
v 0.459 		-0.768 		8.7984
v 0.475 		-0.721 		8.817
v 2.511 		-1.695 		5.481
v 0.475 		-0.768 		8.8086
v 2.511 		-1.565 		5.519
v 2.455 		-1.572 		5.597
v 0.4781 		-0.768 		8.8101
v -0.0047 		2.1769 		-3.6618
v -0.0047 		2.177 		-3.662
v -0.0047 		2.1771 		-3.6621
v -0.0047 		2.1849 		-3.665
v -0.0047 		2.185 		-3.665
v 2.398 		-1.748 		5.573
v 2.398 		-1.575 		5.626
v 2.342 		-1.748 		5.573
v 0.157 		2.243 		-3.815
v 2.342 		-1.575 		5.626
v 0.157 		2.248 		-3.819
v -0.028 		2.174 		-3.656
v -0.028 		2.175 		-3.65
v -0.0043 		2.176 		-3.648
v 0.493 		-0.724 		8.825
v -0.0043 		2.176 		-3.6481
v 2.511 		-1.794 		5.396
v 2.455 		-1.861 		5.442
v -0.028 		2.26 		-3.769
v -0.028 		2.28 		-3.77
v -0.028 		2.293 		-3.774
v -0.007 		2.293 		-3.774
v -0.0071 		2.28 		-3.77
v -0.0071 		2.2774 		-3.7699
v 2.398 		-1.882 		5.456
v -0.0078 		2.2415 		-3.769
v 2.342 		-1.886 		5.456
v 0.127 		2.373 		-3.474
v -0.028 		2.177 		-3.769
v -0.028 		2.182 		-3.764
v -0.028 		2.187 		-3.764
v -0.028 		2.238 		-3.769
v 0.125 		2.394 		-3.462
v 0.126 		2.37 		-3.458
v -0.0088 		2.187 		-3.764
v 0.5084 		-0.768 		8.8095
v 0.126 		2.392 		-3.47
v 0.127 		2.37 		-3.47
v 0.127 		2.369 		-3.465
v 0.5041 		-0.768 		8.8101
v 0.127 		2.382 		-3.477
v 2.285 		-1.861 		5.442
v 0.493 		-0.768 		8.8125
v 2.285 		-1.734 		5.548
v 0.4964 		-0.768 		8.8111
v 0.496 		-0.768 		8.8113
v 0.493 		-0.73 		8.713
v 0.475 		-0.703 		8.722
v 0.127 		2.388 		-3.475
v 2.285 		-1.572 		5.597
v 0.493 		-0.768 		8.7056
v 2.229 		-1.798 		5.399
v 0.4844 		-0.768 		8.7073
v 2.229 		-1.695 		5.484
v 0.457 		-0.733 		8.727
v 2.229 		-1.565 		5.523
v 0.475 		-0.768 		8.7092
v 0.4635 		-0.768 		8.7162
v -0.0079 		2.238 		-3.769
v -0.0088 		2.186 		-3.764
v -0.0089 		2.185 		-3.765
v -0.0091 		2.1786 		-3.7674
v 2.511 		-1.851 		5.148
v 2.455 		-1.932 		5.131
v -0.0093 		2.1762 		-3.7706
v -0.0095 		2.1762 		-3.7759
v 2.511 		-1.851 		5.279
v 2.455 		-1.932 		5.293
v 2.398 		-1.956 		5.127
v 2.398 		-1.956 		5.3
v 2.342 		-1.96 		5.124
v -2.237 		-1.07 		5.626
v 2.342 		-1.96 		5.3
v -2.156 		-1.099 		5.626
v -0.028 		2.254 		-3.835
v -0.028 		2.27 		-3.826
v -0.028 		2.28 		-3.817
v -0.028 		2.285 		-3.807
v -0.028 		2.286 		-3.801
v 0.457 		-0.768 		8.7206
v -2.089 		-1.145 		5.413
v 0.447 		-0.763 		8.74
v 0.4474 		-0.768 		8.7384
v 0.447 		-0.768 		8.739
v 0.439 		-0.768 		8.7608
v 0.439 		-0.767 		8.761
v 0.4416 		-0.768 		8.766
v 0.501 		-0.768 		8.7069
v 0.0692 		-0.6843 		8.7306
v 0.065 		-0.6839 		8.733
v 2.197 		-1.618 		5.162
v 0.1603 		-0.6086 		8.8254
v 0.1008 		-0.6875 		8.7122
v -2.156 		-1.046 		5.413
v 2.218 		-1.674 		5.138
v -0.028 		2.303 		-3.821
v -0.028 		2.295 		-3.831
v -0.028 		2.285 		-3.796
v 2.197 		-1.618 		5.265
v -0.028 		2.28 		-3.793
v -0.028 		2.266 		-3.791
v 2.218 		-1.674 		5.297
v 2.197 		-1.558 		5.314
v -0.028 		2.301 		-3.779
v 2.218 		-1.558 		5.357
v -0.01 		2.2639 		-3.8294
v -0.0097 		2.27 		-3.826
v -2.05 		-1.279 		5.413
v -0.0091 		2.28 		-3.817
v -0.009 		2.281 		-3.8149
v -0.0083 		2.2858 		-3.8021
v -0.0083 		2.286 		-3.801
v -0.01 		2.2852 		-3.8399
v -0.0081 		2.285 		-3.796
v -0.0094 		2.295 		-3.831
v -0.0088 		2.303 		-3.821
v -0.0081 		2.28 		-3.793
v -0.0081 		2.2776 		-3.7927
v -0.0088 		2.2436 		-3.7918
v -0.0084 		2.2619 		-3.791
v -0.007 		2.301 		-3.779
v -2.311 		-1.099 		5.626
v -2.318 		-1.046 		5.413
v -2.386 		-1.145 		5.413
v 0.22 		2.214 		-4.418
v 0.221 		2.212 		-4.432
v -2.421 		-1.279 		5.413
v -0.01 		2.254 		-3.835
v -2.378 		-1.176 		5.622
v 0.22 		2.236 		-4.432
v 0.219 		2.237 		-4.424
v 0.222 		2.214 		-4.45
v -0.028 		2.238 		-3.792
v -0.028 		2.186 		-3.787
v -0.028 		2.182 		-3.786
v -0.0097 		2.1773 		-3.7811
v -0.0098 		2.179 		-3.7837
v -0.0098 		2.185 		-3.7868
v 0.221 		2.237 		-4.448
v -0.0098 		2.186 		-3.787
v -0.0089 		2.238 		-3.792
v 0.157 		2.254 		-3.822
v 0.224 		2.209 		-4.477
v -0.01 		2.1829 		-3.7898
v -0.028 		2.175 		-3.775
v -0.0096 		2.1758 		-3.7773
v 0.18 		2.256 		-3.821
v 0.18 		2.244 		-3.813
v 2.285 		-1.932 		5.131
v -0.028 		2.312 		-3.858
v -0.028 		2.309 		-3.862
v 2.285 		-1.932 		5.293
v -0.028 		2.309 		-3.845
v -0.028 		2.312 		-3.849
v 2.229 		-1.854 		5.148
v 0.178 		2.291 		-3.823
v 2.229 		-1.854 		5.279
v 2.575 		-1.434 		4.894
v 2.56 		-1.5681 		4.8709
v 0.179 		2.271 		-3.824
v 2.56 		-1.536 		4.8342
v 2.575 		-1.3 		4.894
v 2.56 		-1.536 		5.0109
v 2.374 		-1.06 		4.894
v 2.536 		-1.159 		4.894
v 0.457 		-0.774 		8.796
v 2.455 		-1.092 		4.894
v 0.493 		-0.7757 		8.8104
v 0.493 		-0.777 		8.81
v 0.5038 		-0.8069 		8.8033
v 0.5048 		-0.7862 		8.704
v 0.5952 		-0.512 		8.704
v 0.835 		-0.22 		8.644
v 0.6211 		-0.512 		8.644
v 0.945 		-0.304 		8.202
v 2.299 		-1.084 		4.894
v 2.232 		-1.159 		4.894
v 0.6096 		-0.512 		8.6643
v 0.613 		-0.523 		8.644
v 0.779 		-0.636 		8.202
v 0.337 		-0.689 		8.644
v 2.179 		-1.3 		4.894
v 0.1499 		-0.6908 		8.6931
v 0.065 		-0.735 		8.644
v 2.1725 		-1.4347 		4.8872
v 0.155 		2.236 		-3.784
v 0.157 		2.21 		-3.794
v 0.158 		2.211 		-3.805
v 2.1744 		-1.4752 		4.864
v 2.1723 		-1.471 		4.8908
v 2.172 		-1.434 		4.894
v 2.1744 		-1.4876 		4.864
v 0.156 		2.234 		-3.794
v 2.1739 		-1.4884 		4.864
v 0.159 		2.231 		-3.834
v 2.174 		-1.536 		4.864
v 0.159 		2.222 		-3.825
v 0.157 		2.236 		-3.805
v 0.394 		-0.823 		8.199
v 0.159 		2.215 		-3.816
v 2.1595 		-1.536 		5.1029
v 0.0422 		-0.8891 		8.199
v 0.043 		-0.8888 		8.2002
v 2.116 		-1.536 		4.864
v 2.515 		-1.24 		4.632
v 0.0471 		-0.8884 		8.2038
v 0.054 		-0.8875 		8.2105
v 2.455 		-1.166 		4.632
v 2.374 		-1.137 		4.632
v 2.299 		-1.166 		4.632
v 2.239 		-1.24 		4.632
v 0.065 		-0.8885 		8.2144
v 0.063 		-0.8883 		8.2137
v 0.068 		-0.8877 		8.2153
v 0.15 		2.263 		-3.356
v 0.149 		2.257 		-3.333
v 0.0739 		-0.8873 		8.2136
v 0.0746 		-0.8872 		8.2134
v 0.086 		-0.8858 		8.2101
v 0.149 		2.246 		-3.335
v 0.151 		2.247 		-3.361
v 0.15 		2.254 		-3.358
v -2.05 		-1.427 		5.413
v 2.55 		-1.462 		4.632
v 2.5428 		-1.536 		4.632
v 2.5328 		-1.536 		4.608
v 0.0927 		-0.8865 		8.2035
v 0.097 		-0.8869 		8.1997
v 2.55 		-1.342 		4.632
v 0.0976 		-0.887 		8.199
v 2.193 		-1.462 		4.632
v 2.193 		-1.342 		4.632
v 0.101 		-0.8871 		8.1952
v 2.2016 		-1.536 		4.632
v 2.1886 		-1.536 		4.8226
v 2.2117 		-1.536 		4.608
v 0.068 		-0.926 		8.224
v 0.064 		-0.9269 		8.2229
v 2.511 		-1.536 		4.9039
v 0.086 		-0.929 		8.22
v 0.097 		-0.929 		8.209
v 2.229 		-1.536 		4.9002
v 0.0932 		-0.929 		8.2128
v 0.0938 		-0.929 		8.2122
v -2.0559 		-1.3817 		5.6067
v 2.218 		-1.536 		5.0893
v 2.2009 		-1.536 		5.1145
v -2.0557 		-1.3841 		5.608
v -2.062 		-1.3182 		5.6015
v 0.107 		-0.933 		8.195
v 2.4689 		-1.536 		4.8458
v -2.0634 		-1.536 		5.6229
v 2.455 		-1.536 		4.8268
v 2.4108 		-1.536 		4.8054
v 2.398 		-1.536 		4.7996
v 2.3541 		-1.536 		4.7996
v 2.342 		-1.536 		4.7988
v -2.4256 		-1.4389 		5.376
v -2.4295 		-1.536 		5.376
v 0.0888 		-0.9321 		8.1998
v -2.4181 		-1.536 		5.5416
v 0.086 		-0.9322 		8.202
v 0.089 		-0.9321 		8.1997
v 2.2964 		-1.536 		4.821
v 2.285 		-1.536 		4.8268
v -2.4142 		-1.536 		5.376
v 0.0921 		-0.932 		8.197
v 2.2711 		-1.536 		4.8451
v -2.081 		-1.137 		5.265
v 2.511 		-1.565 		4.901
v 0.086 		-0.9304 		8.2122
v 0.0679 		-0.9294 		8.2097
v 0.068 		-0.9294 		8.2097
v 0.0788 		-0.9304 		8.207
v 0.0713 		-0.9292 		8.2088
v 0.148 		2.263 		-3.334
v 0.079 		-0.9304 		8.207
v 0.149 		2.27 		-3.351
v 0.148 		2.268 		-3.336
v 0.064 		-0.929 		8.2139
v 0.148 		2.27 		-3.34
v 0.0711 		-0.9289 		8.21
v 0.149 		2.268 		-3.354
v 0.0679 		-0.9286 		8.2096
v 0.0678 		-0.9286 		8.2095
v 0.065 		-0.9263 		8.2199
v 0.0923 		-0.9289 		8.2127
v 0.068 		-0.9286 		8.2096
v 0.064 		-0.9288 		8.2079
v 0.079 		-0.9295 		8.2068
v 0.0788 		-0.9295 		8.2068
v 0.089 		-0.9314 		8.1996
v 0.0889 		-0.9314 		8.1996
v 0.064 		-0.9265 		8.219
v 0.068 		-0.926 		8.209
v 0.129 		2.236 		-3.372
v 0.1294 		2.2335 		-3.3766
v 0.079 		-0.926 		8.206
v 0.089 		-0.929 		8.199
v 0.129 		2.217 		-3.357
v 0.1295 		2.2313 		-3.3755
v 0.1296 		2.2329 		-3.3778
v 0.15 		2.237 		-3.339
v 0.154 		2.21 		-3.371
v 0.155 		2.205 		-3.386
v 0.151 		2.227 		-3.346
v 0.064 		-0.929 		8.208
v 0.152 		2.237 		-3.371
v 0.033 		-0.933 		8.195
v 0.152 		2.219 		-3.355
v 0.043 		-0.929 		8.209
v 0.054 		-0.929 		8.22
v 0.153 		2.231 		-3.384
v 0.061 		-0.9311 		8.2072
v 0.0597 		-0.9315 		8.2062
v 0.197 		2.286 		-4.49
v 0.043 		-0.933 		8.1928
v 0.201 		2.217 		-4.49
v 0.201 		2.211 		-4.487
v 0.0509 		-0.9312 		8.1994
v 0.0498 		-0.9312 		8.1984
v 0.0511 		-0.9312 		8.1996
v 0.2 		2.231 		-4.49
v 0.051 		-0.929 		8.199
v 0.061 		-0.929 		8.2067
v 0.061 		-0.926 		8.206
v 0.224 		2.228 		-4.489
v 0.22 		2.287 		-4.488
v 0.225 		2.211 		-4.484
v 0.225 		2.216 		-4.488
v 0.1302 		2.2201 		-3.372
v 0.1308 		2.229 		-3.3854
v 0.1307 		2.2291 		-3.385
v 0.1297 		2.214 		-3.3626
v 0.1313 		2.209 		-3.3722
v 0.1312 		2.209 		-3.372
v 0.033 		-1.328 		8.708
v 0.178 		-1.663 		8.708
v 0.075 		-1.663 		8.708
v 0.152 		2.288 		-3.41
v 0.155 		2.253 		-3.429
v 0.075 		-1.462 		8.81
v 0.153 		2.282 		-3.432
v 0.203 		2.247 		-4.549
v 0.226 		2.248 		-4.548
v 0.206 		2.216 		-4.57
v 0.205 		2.216 		-4.549
v 0.205 		2.22 		-4.549
v 0.178 		2.237 		-3.782
v 0.18 		2.213 		-3.778
v 0.18 		2.237 		-3.804
v 0.206 		2.209 		-4.56
v 0.206 		2.211 		-4.566
v 0.179 		2.235 		-3.792
v -2.156 		-1.046 		5.265
v 0.182 		2.216 		-3.815
v 0.205 		2.235 		-4.573
v 0.206 		2.224 		-4.572
v 0.182 		2.232 		-3.832
v 0.182 		2.223 		-3.824
v -2.05 		-1.261 		5.265
v 0.206 		2.212 		-4.552
v 0.181 		2.211 		-3.792
v 0.181 		2.212 		-3.804
v 0.229 		2.211 		-4.554
v 0.228 		2.221 		-4.547
v 0.228 		2.217 		-4.548
v 0.23 		2.212 		-4.564
v 0.23 		2.217 		-4.568
v -2.089 		-1.137 		5.124
v 0.229 		2.225 		-4.571
v 0.228 		2.239 		-4.571
v 0.019 		-1.247 		8.453
v 0.075 		-1.226 		8.453
v 2.455 		-1.734 		4.873
v 2.511 		-1.695 		4.94
v 2.511 		-1.794 		5.028
v 2.455 		-1.861 		4.982
v 0.135 		-1.247 		8.453
v 2.398 		-1.882 		4.968
v -2.149 		-1.046 		5.124
v 0.075 		-1.261 		8.612
v 2.342 		-1.886 		4.965
v 2.285 		-1.734 		4.873
v 2.229 		-1.565 		4.897
v -2.325 		-1.046 		5.265
v 2.229 		-1.695 		4.94
v -2.393 		-1.137 		5.265
v 2.197 		-1.558 		5.109
v -2.432 		-1.261 		5.265
v 2.218 		-1.558 		5.078
v 0.157 		2.327 		-3.894
v 0.157 		2.334 		-3.904
v -2.333 		-1.046 		5.124
v -2.407 		-1.137 		5.124
v 0.157 		2.317 		-3.886
v 2.285 		-1.861 		4.982
v 2.229 		-1.798 		5.028
v 0.157 		2.306 		-3.879
v -2.453 		-1.261 		5.124
v 2.455 		-1.572 		4.823
v -2.05 		-1.409 		5.265
v -2.432 		-1.409 		5.265
v 0.229 		2.211 		-4.559
v 0.18 		2.319 		-3.884
v 0.18 		2.329 		-3.893
v -2.092 		-1.536 		5.5201
v 0.18 		2.336 		-3.903
v -2.149 		-1.536 		5.594
v -2.1348 		-1.536 		5.5752
v 0.18 		2.319 		-3.884
v 0.18 		2.319 		-3.884
v 0.18 		2.319 		-3.884
v -2.1924 		-1.536 		5.6163
v 0.182 		2.309 		-3.903
v 0.18 		2.308 		-3.877
v 0.015 		2.297 		-4.558
v -2.205 		-1.536 		5.6222
v -2.2174 		-1.536 		5.6221
v 0.125 		2.297 		-4.558
v -2.262 		-1.536 		5.6221
v -2.375 		-1.536 		5.5169
v -2.3066 		-1.536 		5.5992
v -2.318 		-1.536 		5.594
v 2.398 		-1.575 		4.795
v -2.3649 		-1.536 		5.5304
v 2.398 		-1.748 		4.851
v -2.081 		-1.536 		5.3453
v -2.0723 		-1.536 		5.3188
v -2.06 		-1.536 		5.2937
v 2.342 		-1.575 		4.795
v 2.342 		-1.748 		4.848
v -2.06 		-1.536 		5.131
v 0.159 		2.319 		-3.929
v 2.285 		-1.572 		4.823
v 0.157 		2.339 		-3.916
v 0.159 		2.317 		-3.919
v -2.149 		-1.572 		5.597
v -2.092 		-1.565 		5.523
v -2.149 		-1.734 		5.548
v -2.092 		-1.695 		5.484
v -2.205 		-1.575 		5.626
v 0.015 		2.294 		-4.689
v -2.205 		-1.748 		5.573
v 0.068 		2.29 		-4.834
v 0.159 		2.308 		-3.905
v -2.262 		-1.575 		5.626
v 0.158 		2.34 		-3.929
v 0.159 		2.338 		-3.947
v 0.202 		2.329 		-4.61
v 0.161 		2.329 		-3.967
v 0.202 		2.324 		-4.609
v -2.262 		-1.748 		5.573
v 0.125 		2.294 		-4.689
v 2.5188 		-1.6775 		4.608
v 2.5195 		-1.673 		4.608
v 0.162 		2.309 		-3.957
v 2.2276 		-1.673 		4.608
v 2.2283 		-1.6775 		4.608
v 2.374 		-1.6843 		4.608
v 0.135 		1.997 		-4.123
v 0.161 		2.316 		-3.945
v 0.008 		1.567 		-4.215
v 2.374 		-1.427 		4.215
v 2.374 		-1.508 		4.215
v 2.374 		-1.671 		4.268
v 2.374 		-1.596 		4.24
v 0.125 		1.567 		-4.215
v 0.135 		1.997 		-4.265
v 2.374 		-1.342 		4.24
v 0.161 		2.333 		-3.961
v 0.015 		1.997 		-4.558
v 0.008 		1.56 		-4.364
v 0.015 		1.997 		-4.399
v 0.15 		-1.321 		8.612
v -2.092 		-1.798 		5.399
v 0.178 		-1.342 		8.612
v 0.157 		-1.381 		8.701
v -2.149 		-1.861 		5.442
v -2.262 		-1.882 		5.456
v -2.205 		-1.886 		5.456
v 0.135 		-1.282 		8.612
v -2.375 		-1.695 		5.481
v -2.375 		-1.565 		5.519
v -2.375 		-1.794 		5.396
v 0.019 		-1.282 		8.612
v -2.318 		-1.734 		5.548
v 0.075 		-1.321 		8.612
v -2.318 		-1.572 		5.597
v 0.118 		-1.328 		8.701
v -2.318 		-1.861 		5.442
v -2.081 		-1.674 		5.297
v -2.081 		-1.558 		5.357
v -2.081 		-1.674 		5.138
v -2.06 		-1.558 		5.314
v -2.06 		-1.618 		5.265
v 0.075 		-1.314 		8.701
v -2.06 		-1.618 		5.162
v 0.068 		1.56 		-4.537
v 0.125 		1.997 		-4.558
v 0.199 		-1.423 		8.612
v 0.199 		-1.522 		8.612
v 0.178 		-1.455 		8.701
v -2.092 		-1.854 		5.279
v -2.092 		-1.854 		5.148
v -2.149 		-1.932 		5.293
v -2.149 		-1.932 		5.131
v 0.185 		2.311 		-3.956
v -2.205 		-1.96 		5.3
v 0.184 		2.335 		-3.959
v -2.205 		-1.96 		5.124
v 0.181 		2.34 		-3.914
v 0.183 		2.32 		-3.927
v -2.262 		-1.956 		5.3
v -2.262 		-1.956 		5.127
v 0.183 		2.34 		-3.945
v 0.184 		2.318 		-3.944
v 0.019 		-1.526 		8.577
v 0.125 		1.56 		-4.364
v 0.125 		1.997 		-4.399
v 0.054 		-1.519 		8.598
v 0.068 		1.997 		-4.714
v 0.086 		-1.519 		8.598
v 0.072 		1.083 		-4.346
v 0.128 		1.087 		-4.148
v 0.019 		1.087 		-4.148
v 0.121 		-1.526 		8.577
v 0.157 		-1.289 		8.464
v 0.185 		-1.314 		8.453
v 0.184 		2.33 		-3.966
v -2.375 		-1.851 		5.148
v -2.375 		-1.851 		5.279
v -2.318 		-1.932 		5.293
v 0.182 		2.317 		-3.914
v -2.318 		-1.932 		5.131
v -0.961 		2.182 		9.553
v -0.989 		2.163 		9.566
v 0.181 		2.341 		-3.927
v -1.007 		2.147 		9.589
v -0.943 		2.193 		9.554
v -0.943 		2.188 		9.568
v -0.961 		2.168 		9.591
v -0.985 		2.15 		9.604
v -1.003 		2.139 		9.607
v -0.741 		1.839 		9.505
v -0.706 		1.865 		9.482
v -0.703 		1.859 		9.524
v 0.054 		-1.402 		8.531
v 0.075 		-1.282 		8.471
v -0.734 		1.82 		9.606
v -0.904 		1.914 		9.674
v -0.876 		1.937 		9.658
v -0.908 		1.924 		9.639
v -2.096 		-1.159 		4.894
v -0.809 		2.035 		9.492
v -2.237 		-1.06 		4.894
v -2.163 		-1.084 		4.894
v -2.318 		-1.092 		4.894
v -0.787 		1.794 		9.579
v -2.4 		-1.159 		4.894
v -2.4343 		-1.4513 		4.993
v -2.425 		-1.536 		4.9718
v -2.4261 		-1.536 		4.9339
v -2.4335 		-1.4836 		4.8855
v -2.4323 		-1.498 		4.864
v -2.4279 		-1.536 		4.864
v -2.4305 		-1.4949 		4.864
v -2.439 		-1.3 		4.894
v -2.439 		-1.434 		4.894
v -2.4265 		-1.536 		4.864
v -2.163 		-1.166 		4.632
v -2.237 		-1.137 		4.632
v -2.318 		-1.166 		4.632
v -2.103 		-1.24 		4.632
v -2.378 		-1.24 		4.632
v 0.164 		2.345 		-4.027
v 0.164 		2.334 		-4.01
v -2.0521 		-1.536 		4.8239
v 0.165 		2.342 		-4.03
v -2.0606 		-1.536 		4.6996
v -2.057 		-1.342 		4.632
v -2.057 		-1.462 		4.632
v 0.163 		2.308 		-3.976
v -2.414 		-1.342 		4.632
v -2.414 		-1.462 		4.632
v -2.4068 		-1.536 		4.632
v -2.3968 		-1.536 		4.608
v -2.081 		-1.536 		5.0893
v -2.0639 		-1.536 		5.1145
v 0.165 		2.312 		-4.011
v -2.092 		-1.536 		4.9002
v -2.375 		-1.536 		4.9039
v -2.1348 		-1.536 		4.8451
v -2.149 		-1.536 		4.8268
v -2.1602 		-1.536 		4.821
v -2.205 		-1.536 		4.7988
v 0.162 		2.323 		-3.972
v 0.164 		2.345 		-4.017
v 0.164 		2.339 		-4.011
v -2.2174 		-1.536 		4.7996
v -2.262 		-1.536 		4.7996
v -2.2746 		-1.536 		4.8054
v -2.318 		-1.536 		4.8268
v -2.304 		-1.536 		4.8199
v -2.3322 		-1.536 		4.8458
v -2.304 		-1.536 		4.608
v -2.081 		-1.558 		5.078
v -2.06 		-1.558 		5.109
v -2.092 		-1.695 		4.94
v -2.092 		-1.565 		4.897
v -2.149 		-1.734 		4.873
v 0.163 		2.316 		-3.975
v -2.149 		-1.861 		4.982
v -2.092 		-1.798 		5.028
v 0.187 		2.345 		-4.014
v 0.186 		2.318 		-3.974
v 0.185 		2.324 		-3.971
v -2.205 		-1.886 		4.965
v 0.086 		-1.399 		8.535
v -2.262 		-1.882 		4.968
v 0.188 		2.313 		-4.009
v -2.375 		-1.565 		4.901
v -2.375 		-1.695 		4.94
v -2.375 		-1.794 		5.028
v -2.318 		-1.861 		4.982
v -2.318 		-1.734 		4.873
v 0.157 		-1.455 		8.475
v 0.186 		2.31 		-3.974
v 0.187 		2.335 		-4.009
v 0.019 		-1.416 		8.517
v -2.205 		-1.748 		4.848
v -2.205 		-1.575 		4.795
v -2.149 		-1.572 		4.823
v 0.188 		2.343 		-4.029
v 0.187 		2.346 		-4.025
v 0.121 		-1.416 		8.517
v -2.262 		-1.748 		4.851
v 0.164 		-1.275 		8.344
v -2.262 		-1.575 		4.795
v -2.304 		-1.5727 		4.816
v -2.304 		-1.6889 		4.8037
v -2.237 		-1.6907 		4.7704
v -2.0771 		-1.6802 		4.6925
v -2.081 		-1.678 		4.632
v 0.075 		-1.261 		8.344
v -2.304 		-1.6812 		4.608
v 0.142 		-1.24 		8.344
v -2.318 		-1.572 		4.823
v -2.3834 		-1.673 		4.608
v -2.3827 		-1.6775 		4.608
v -2.237 		-1.342 		4.24
v 0.019 		-1.24 		8.344
v 0.075 		-1.215 		8.344
v -2.237 		-1.427 		4.215
v -2.237 		-1.596 		4.24
v -2.237 		-1.508 		4.215
v -2.237 		-1.671 		4.268
v -0.872 		-0.273 		3.816
v -0.8371 		-0.512 		3.6286
v 0.0816 		-1.152 		8.256
v -0.8718 		-0.2745 		3.584
v 0.0791 		-1.1445 		8.256
v -0.8705 		-0.2831 		3.584
v 0.0689 		-1.1408 		8.256
v -0.8371 		-0.512 		3.584
v -0.8575 		-0.0456 		3.584
v 0.061 		-1.1453 		8.256
v 0.0596 		-1.152 		8.256
v -0.832 		-0.512 		3.584
v -0.377 		-1.021 		3.816
v -0.851 		-0.657 		3.816
v -0.8288 		-0.5704 		3.584
v -0.685 		-0.912 		3.816
v 0.193 		2.314 		-4.08
v 0.192 		2.34 		-4.089
v -0.8567 		-0.0599 		3.584
v -0.8714 		-0.2964 		3.584
v 0.068 		-1.137 		8.195
v 0.0785 		-1.152 		8.1925
v -0.8716 		-0.2777 		3.5014
v 0.0764 		-1.152 		8.1929
v 0.0757 		-1.152 		8.193
v -0.872 		-0.22 		3.24
v 0.0771 		-1.152 		8.1926
v 0.0744 		-1.152 		8.1929
v 0.074 		-1.152 		8.193
v -0.816 		-0.59 		3.286
v -0.816 		-0.636 		3.505
v 0.0736 		-1.152 		8.193
v 0.0705 		-1.152 		8.1926
v 0.069 		-1.152 		8.1929
v 0.166 		2.336 		-4.054
v 0.0676 		-1.152 		8.1923
v 0.0724 		-1.152 		8.1929
v 0.071 		-1.152 		8.1926
v 0.075 		-1.152 		8.193
v 0.078 		-1.152 		8.1928
v 0.0774 		-1.152 		8.1926
v -0.685 		-0.876 		3.515
v -0.685 		-0.855 		3.275
v 0.097 		-1.137 		8.195
v 0.0966 		-1.152 		8.1982
v 0.0781 		-1.152 		8.1929
v 0.168 		2.315 		-4.062
v 0.097 		-1.152 		8.1982
v 0.068 		-1.123 		8.252
v 0.169 		2.317 		-4.079
v 0.079 		-1.127 		8.252
v -0.377 		-0.986 		3.515
v -0.377 		-0.964 		3.296
v 0.089 		-1.127 		8.245
v 0.0883 		-1.152 		8.2513
v 0.167 		2.343 		-4.075
v 0.097 		-1.152 		8.2393
v 0.168 		2.342 		-4.084
v 0.107 		-1.134 		8.209
v 0.097 		-1.13 		8.224
v 0.097 		-1.134 		8.213
v 0.1075 		-1.152 		8.2153
v 0.107 		-1.152 		8.2129
v 0.097 		-1.152 		8.2328
v -0.353 		-0.933 		2.964
v -0.353 		-0.912 		2.766
v 0.097 		-1.152 		8.1982
v 0.089 		-1.134 		8.206
v 0.079 		-1.137 		8.199
v 0.061 		-1.137 		8.199
v 0.033 		-1.134 		8.209
v 0.043 		-1.137 		8.195
v 0.033 		-1.152 		8.2129
v 0.051 		-1.134 		8.206
v 0.0296 		-1.152 		8.2262
v 0.029 		-1.13 		8.224
v 0.043 		-1.134 		8.213
v 0.17 		2.313 		-4.082
v 0.043 		-1.127 		8.234
v 0.043 		-1.152 		8.236
v 0.043 		-1.152 		8.2394
v 0.061 		-1.127 		8.252
v 0.169 		2.339 		-4.091
v 0.192 		2.32 		-4.073
v 0.19 		2.338 		-4.053
v 0.15 		-1.261 		8.238
v 0.142 		-1.247 		8.238
v 0.068 		-1.194 		8.202
v 0.065 		-1.19 		8.202
v 0.082 		-1.187 		8.202
v 0.075 		-1.19 		8.202
v 0.086 		-1.18 		8.199
v 0.086 		-1.169 		8.195
v 0.086 		-1.162 		8.195
v 0.054 		-1.162 		8.195
v 0.054 		-1.169 		8.195
v 0.054 		-1.18 		8.199
v 0.061 		-1.187 		8.202
# 5130 vertices

g group_0_15277357

usemtl color_15277357
s 0

f 1 	2 	3
f 1 	3 	4
f 1 	4 	5
f 1 	5 	6
f 1 	6 	7
f 1 	7 	8
f 19 	21 	3781
f 1381 	18 	12
f 23 	3781 	22
f 21 	22 	3781
f 17 	16 	20
f 36 	10 	12
f 24 	17 	20
f 11 	25 	27
f 12 	18 	39
f 12 	39 	36
f 11 	27 	28
f 23 	26 	3781
f 29 	20 	16
f 26 	71 	3781
f 25 	4707 	27
f 31 	29 	16
f 31 	16 	5062
f 43 	35 	11
f 644 	36 	37
f 33 	59 	34
f 41 	42 	39
f 36 	44 	38
f 42 	44 	39
f 36 	39 	44
f 35 	43 	46
f 61 	62 	40
f 44 	2563 	38
f 44 	42 	2563
f 41 	2563 	42
f 46 	43 	47
f 48 	49 	50
f 24 	51 	45
f 54 	46 	47
f 20 	29 	53
f 51 	20 	53
f 51 	24 	20
f 59 	54 	47
f 228 	230 	60
f 4716 	35 	71
f 209 	217 	55
f 45 	61 	40
f 55 	60 	56
f 84 	47 	43
f 59 	47 	34
f 56 	60 	52
f 58 	62 	61
f 58 	63 	62
f 917 	1229 	62
f 46 	94 	35
f 95 	46 	54
f 63 	917 	62
f 40 	62 	868
f 53 	72 	51
f 45 	51 	68
f 68 	61 	45
f 68 	57 	61
f 57 	58 	61
f 68 	51 	72
f 93 	35 	94
f 68 	72 	57
f 73 	57 	72
f 46 	95 	94
f 54 	96 	95
f 59 	98 	99
f 100 	98 	59
f 58 	57 	76
f 96 	54 	99
f 59 	99 	54
f 77 	58 	76
f 33 	100 	59
f 3186 	76 	73
f 79 	100 	33
f 78 	79 	33
f 75 	81 	77
f 4680 	82 	33
f 81 	87 	77
f 75 	77 	76
f 28 	84 	43
f 63 	58 	77
f 43 	11 	28
f 47 	84 	86
f 81 	85 	87
f 47 	86 	88
f 34 	47 	88
f 34 	88 	89
f 87 	63 	77
f 78 	82 	2372
f 57 	73 	76
f 1613 	1612 	75
f 92 	130 	91
f 81 	75 	1612
f 97 	139 	92
f 352 	106 	75
f 70 	97 	4922
f 1613 	75 	106
f 101 	102 	2417
f 2417 	102 	103
f 104 	102 	101
f 103 	102 	104
f 102 	2419 	103
f 101 	2419 	102
f 103 	1602 	102
f 101 	102 	107
f 109 	80 	74
f 2417 	2418 	101
f 104 	101 	112
f 99 	2387 	96
f 96 	2387 	95
f 112 	2420 	101
f 1603 	103 	2419
f 2417 	1597 	2419
f 107 	108 	2421
f 112 	101 	2421
f 91 	90 	4934
f 2421 	101 	107
f 115 	116 	117
f 115 	117 	118
f 111 	80 	109
f 122 	123 	121
f 120 	121 	123
f 83 	80 	111
f 113 	83 	111
f 90 	83 	113
f 113 	4934 	90
f 121 	125 	128
f 125 	126 	128
f 138 	141 	126
f 181 	127 	129
f 134 	135 	133
f 132 	133 	135
f 135 	136 	132
f 131 	132 	136
f 110 	135 	134
f 92 	139 	130
f 140 	141 	138
f 128 	126 	141
f 142 	143 	144
f 142 	144 	145
f 143 	141 	144
f 140 	144 	141
f 146 	133 	132
f 139 	189 	130
f 131 	136 	105
f 106 	108 	107
f 134 	106 	110
f 107 	110 	106
f 148 	165 	139
f 149 	150 	151
f 152 	151 	153
f 151 	152 	149
f 154 	37 	155
f 154 	155 	153
f 154 	153 	151
f 463 	3227 	464
f 185 	156 	154
f 157 	37 	154
f 160 	157 	154
f 159 	160 	158
f 156 	166 	160
f 154 	156 	160
f 161 	164 	158
f 95 	2387 	94
f 349 	93 	2387
f 163 	159 	158
f 163 	158 	164
f 2387 	99 	98
f 98 	100 	2387
f 158 	160 	166
f 161 	158 	166
f 167 	165 	148
f 642 	166 	165
f 168 	169 	170
f 161 	166 	164
f 642 	171 	166
f 164 	171 	163
f 496 	167 	148
f 174 	167 	496
f 172 	180 	173
f 174 	175 	176
f 178 	176 	175
f 168 	170 	177
f 179 	172 	173
f 178 	175 	184
f 174 	176 	645
f 179 	173 	170
f 127 	181 	182
f 184 	175 	182
f 183 	197 	180
f 172 	183 	180
f 4595 	4591 	180
f 185 	181 	129
f 154 	151 	181
f 4596 	183 	4597
f 130 	185 	129
f 189 	185 	130
f 169 	179 	170
f 154 	181 	185
f 189 	156 	185
f 139 	165 	189
f 151 	150 	182
f 181 	151 	182
f 191 	168 	177
f 180 	4591 	173
f 119 	114 	187
f 5116 	190 	195
f 197 	183 	196
f 4672 	3656 	4676
f 14 	3656 	13
f 2372 	2387 	79
f 5090 	190 	5115
f 114 	124 	187
f 198 	199 	200
f 201 	202 	203
f 201 	198 	206
f 200 	207 	198
f 52 	64 	209
f 55 	56 	209
f 210 	211 	247
f 56 	52 	209
f 198 	207 	206
f 64 	1450 	209
f 210 	213 	212
f 210 	212 	211
f 300 	211 	212
f 206 	202 	201
f 30 	217 	209
f 55 	217 	32
f 217 	30 	32
f 32 	225 	55
f 215 	64 	222
f 50 	219 	48
f 219 	49 	48
f 49 	219 	50
f 520 	207 	524
f 681 	668 	52
f 221 	222 	64
f 214 	216 	222
f 221 	214 	222
f 221 	64 	52
f 220 	221 	52
f 224 	223 	233
f 232 	233 	223
f 222 	216 	215
f 225 	32 	1573
f 225 	226 	55
f 228 	60 	227
f 227 	60 	229
f 226 	229 	60
f 60 	55 	226
f 228 	227 	230
f 224 	218 	3689
f 231 	230 	236
f 230 	227 	236
f 229 	236 	227
f 229 	235 	236
f 229 	226 	235
f 234 	224 	233
f 223 	491 	232
f 491 	223 	500
f 499 	500 	605
f 218 	224 	487
f 237 	239 	238
f 242 	239 	237
f 239 	235 	226
f 240 	242 	237
f 223 	241 	605
f 349 	206 	520
f 200 	524 	207
f 239 	244 	238
f 200 	525 	524
f 235 	239 	242
f 242 	236 	235
f 244 	1591 	238
f 239 	226 	244
f 208 	300 	204
f 247 	248 	210
f 119 	187 	250
f 254 	531 	252
f 250 	187 	256
f 489 	204 	257
f 489 	257 	249
f 204 	489 	493
f 252 	251 	259
f 251 	249 	259
f 213 	259 	249
f 249 	257 	213
f 257 	212 	213
f 254 	252 	259
f 254 	259 	260
f 258 	119 	250
f 531 	254 	243
f 244 	226 	225
f 259 	248 	247
f 263 	261 	262
f 193 	5027 	192
f 261 	265 	262
f 266 	262 	265
f 268 	261 	263
f 268 	265 	261
f 268 	264 	265
f 263 	264 	268
f 4904 	267 	269
f 264 	271 	270
f 283 	271 	264
f 264 	270 	265
f 270 	272 	265
f 270 	271 	272
f 271 	534 	272
f 534 	535 	272
f 265 	274 	266
f 274 	275 	266
f 274 	272 	275
f 1830 	1826 	2546
f 2370 	2546 	1826
f 265 	272 	274
f 272 	537 	275
f 535 	537 	272
f 262 	277 	263
f 279 	276 	4923
f 262 	278 	277
f 450 	276 	279
f 277 	278 	298
f 125 	1262 	285
f 267 	4876 	288
f 264 	282 	283
f 278 	262 	266
f 278 	266 	289
f 287 	289 	275
f 2696 	297 	527
f 273 	527 	290
f 275 	289 	266
f 296 	289 	312
f 289 	287 	312
f 319 	282 	277
f 277 	298 	319
f 292 	269 	291
f 263 	277 	282
f 282 	264 	263
f 288 	291 	267
f 267 	291 	269
f 295 	298 	296
f 278 	296 	298
f 259 	247 	260
f 213 	210 	248
f 213 	248 	259
f 296 	278 	289
f 243 	302 	301
f 243 	254 	302
f 531 	243 	245
f 531 	245 	517
f 295 	299 	303
f 517 	245 	246
f 295 	303 	298
f 305 	294 	299
f 204 	300 	257
f 247 	211 	300
f 247 	300 	301
f 247 	301 	302
f 294 	303 	299
f 254 	260 	302
f 247 	302 	260
f 294 	293 	303
f 257 	300 	212
f 576 	1830 	304
f 218 	487 	304
f 305 	299 	295
f 186 	119 	258
f 4203 	908 	308
f 306 	307 	908
f 908 	1040 	306
f 305 	312 	515
f 295 	296 	312
f 305 	295 	312
f 313 	1055 	318
f 314 	313 	318
f 316 	315 	1055
f 316 	1055 	313
f 315 	317 	1055
f 298 	303 	293
f 354 	4526 	320
f 298 	293 	319
f 318 	320 	314
f 293 	526 	319
f 528 	321 	293
f 311 	1055 	317
f 324 	331 	329
f 324 	329 	325
f 331 	324 	332
f 323 	332 	324
f 323 	482 	333
f 332 	323 	333
f 329 	331 	1055
f 331 	332 	1055
f 1055 	332 	333
f 1055 	333 	318
f 339 	756 	338
f 336 	335 	340
f 338 	345 	344
f 338 	344 	339
f 335 	341 	340
f 337 	346 	338
f 335 	342 	341
f 335 	343 	717
f 329 	1055 	483
f 207 	520 	206
f 345 	338 	346
f 345 	2606 	344
f 335 	717 	342
f 663 	1055 	2571
f 348 	347 	349
f 347 	350 	349
f 998 	999 	2606
f 330 	336 	340
f 353 	2421 	108
f 345 	346 	2606
f 2606 	346 	767
f 115 	284 	116
f 356 	357 	355
f 126 	125 	286
f 285 	286 	125
f 108 	352 	358
f 106 	352 	108
f 354 	355 	357
f 4450 	355 	387
f 353 	108 	358
f 421 	359 	360
f 361 	2814 	360
f 364 	473 	363
f 365 	473 	364
f 359 	421 	366
f 377 	355 	354
f 378 	369 	356
f 357 	356 	369
f 357 	369 	367
f 355 	377 	391
f 365 	364 	380
f 365 	380 	379
f 3479 	3264 	373
f 381 	380 	363
f 364 	363 	380
f 363 	362 	381
f 369 	4490 	367
f 376 	377 	354
f 320 	376 	354
f 381 	362 	382
f 377 	376 	380
f 379 	380 	376
f 318 	508 	376
f 318 	376 	320
f 380 	381 	377
f 381 	382 	377
f 143 	386 	1645
f 416 	377 	411
f 382 	509 	411
f 388 	370 	1645
f 386 	388 	1645
f 387 	391 	389
f 330 	390 	336
f 391 	397 	389
f 393 	389 	397
f 392 	393 	397
f 396 	392 	397
f 398 	395 	397
f 395 	396 	397
f 404 	405 	401
f 403 	404 	402
f 401 	402 	404
f 405 	406 	401
f 406 	550 	401
f 400 	401 	550
f 399 	400 	550
f 4774 	407 	390
f 373 	3264 	372
f 377 	418 	391
f 405 	411 	408
f 405 	408 	406
f 390 	407 	336
f 389 	420 	412
f 413 	389 	412
f 387 	389 	413
f 387 	413 	409
f 411 	405 	416
f 404 	416 	405
f 1620 	1979 	142
f 420 	389 	393
f 418 	428 	391
f 404 	419 	416
f 422 	420 	393
f 423 	392 	424
f 393 	392 	423
f 393 	423 	422
f 397 	391 	428
f 403 	429 	419
f 403 	419 	404
f 424 	392 	430
f 396 	430 	392
f 396 	431 	430
f 434 	435 	395
f 396 	395 	435
f 3287 	104 	436
f 437 	3287 	438
f 396 	435 	431
f 437 	105 	104
f 437 	104 	3287
f 395 	439 	434
f 395 	398 	439
f 440 	439 	398
f 398 	441 	440
f 427 	691 	690
f 442 	441 	397
f 398 	397 	441
f 359 	1370 	360
f 397 	428 	442
f 427 	740 	336
f 403 	443 	429
f 427 	336 	480
f 444 	443 	402
f 403 	402 	443
f 122 	384 	383
f 122 	383 	123
f 402 	401 	445
f 402 	445 	444
f 386 	143 	142
f 401 	400 	446
f 401 	446 	445
f 386 	142 	388
f 142 	375 	388
f 400 	399 	447
f 400 	447 	446
f 370 	388 	375
f 131 	105 	385
f 372 	385 	437
f 375 	374 	370
f 411 	509 	408
f 437 	385 	105
f 413 	4519 	409
f 415 	433 	448
f 382 	411 	377
f 433 	427 	690
f 412 	4519 	413
f 433 	690 	448
f 416 	419 	377
f 2236 	2238 	449
f 2713 	449 	2238
f 419 	429 	377
f 422 	423 	4519
f 423 	424 	4519
f 444 	418 	443
f 443 	418 	429
f 343 	433 	432
f 430 	969 	424
f 435 	434 	976
f 451 	414 	4522
f 434 	439 	976
f 439 	440 	976
f 446 	447 	442
f 442 	428 	445
f 444 	445 	428
f 428 	418 	444
f 377 	429 	418
f 450 	279 	452
f 445 	446 	442
f 441 	442 	447
f 441 	447 	440
f 459 	460 	456
f 976 	440 	447
f 454 	475 	460
f 452 	280 	457
f 470 	461 	462
f 470 	462 	463
f 470 	463 	464
f 279 	280 	452
f 462 	466 	463
f 465 	463 	466
f 470 	478 	455
f 455 	472 	470
f 469 	470 	472
f 457 	281 	471
f 468 	473 	481
f 365 	481 	473
f 464 	478 	470
f 457 	280 	281
f 476 	477 	474
f 456 	460 	475
f 473 	474 	477
f 477 	362 	473
f 362 	363 	473
f 475 	455 	478
f 454 	455 	475
f 467 	325 	479
f 290 	2624 	471
f 481 	482 	468
f 468 	323 	467
f 323 	468 	482
f 323 	324 	467
f 325 	467 	324
f 281 	273 	471
f 325 	329 	483
f 676 	652 	483
f 471 	273 	290
f 507 	333 	482
f 481 	365 	379
f 477 	509 	362
f 3195 	3290 	455
f 484 	3195 	454
f 288 	595 	291
f 273 	5002 	527
f 459 	3117 	460
f 454 	460 	484
f 224 	485 	487
f 455 	454 	3195
f 485 	224 	486
f 486 	224 	234
f 465 	466 	3220
f 465 	3220 	463
f 464 	3226 	478
f 414 	453 	4535
f 485 	486 	489
f 249 	251 	489
f 469 	3219 	470
f 166 	156 	189
f 165 	166 	189
f 232 	491 	490
f 127 	90 	129
f 475 	253 	456
f 127 	502 	83
f 490 	493 	232
f 233 	232 	493
f 127 	182 	502
f 233 	493 	234
f 83 	90 	127
f 91 	129 	90
f 91 	130 	129
f 234 	493 	486
f 148 	97 	70
f 486 	493 	489
f 496 	148 	70
f 496 	70 	74
f 498 	496 	74
f 498 	174 	496
f 499 	490 	500
f 80 	498 	74
f 490 	491 	500
f 605 	500 	223
f 175 	174 	498
f 502 	175 	498
f 350 	347 	351
f 498 	80 	502
f 327 	287 	793
f 503 	489 	251
f 252 	503 	251
f 4877 	495 	497
f 83 	502 	80
f 477 	476 	510
f 182 	175 	502
f 468 	467 	514
f 514 	473 	468
f 538 	474 	473
f 149 	152 	153
f 149 	153 	504
f 149 	504 	150
f 163 	504 	160
f 159 	163 	160
f 184 	176 	178
f 540 	543 	479
f 176 	184 	506
f 203 	350 	351
f 157 	160 	153
f 155 	157 	153
f 203 	202 	350
f 202 	206 	350
f 482 	481 	507
f 508 	507 	481
f 153 	160 	504
f 481 	379 	508
f 515 	327 	322
f 382 	362 	509
f 477 	510 	509
f 488 	2296 	2290
f 511 	348 	349
f 467 	513 	514
f 473 	514 	516
f 327 	515 	312
f 512 	348 	511
f 515 	322 	305
f 287 	327 	312
f 490 	499 	517
f 519 	517 	518
f 499 	518 	517
f 246 	490 	517
f 350 	206 	349
f 294 	305 	322
f 282 	319 	523
f 319 	526 	523
f 283 	282 	523
f 519 	518 	522
f 283 	523 	839
f 526 	321 	523
f 321 	526 	293
f 499 	605 	518
f 294 	528 	293
f 322 	528 	294
f 489 	503 	530
f 529 	530 	503
f 530 	485 	489
f 531 	589 	503
f 533 	529 	503
f 589 	533 	503
f 94 	2387 	93
f 534 	536 	535
f 520 	71 	349
f 536 	534 	271
f 524 	71 	520
f 516 	538 	473
f 532 	488 	2290
f 93 	349 	71
f 524 	525 	71
f 532 	579 	539
f 467 	479 	543
f 537 	544 	275
f 539 	488 	532
f 513 	467 	543
f 537 	535 	544
f 539 	492 	488
f 542 	351 	347
f 507 	508 	318
f 318 	333 	507
f 545 	501 	492
f 379 	376 	508
f 509 	510 	408
f 545 	492 	539
f 626 	408 	510
f 203 	546 	201
f 275 	544 	287
f 538 	516 	514
f 538 	514 	513
f 538 	513 	543
f 540 	538 	543
f 536 	549 	535
f 549 	551 	535
f 549 	552 	551
f 553 	557 	550
f 536 	552 	549
f 554 	558 	553
f 556 	621 	554
f 399 	550 	557
f 557 	553 	558
f 559 	622 	556
f 547 	541 	555
f 548 	501 	545
f 541 	547 	542
f 546 	542 	547
f 501 	548 	505
f 503 	252 	531
f 203 	351 	546
f 351 	542 	546
f 535 	562 	544
f 563 	560 	517
f 560 	531 	517
f 562 	564 	544
f 517 	519 	563
f 562 	551 	564
f 535 	551 	562
f 348 	574 	347
f 542 	347 	565
f 529 	487 	530
f 533 	487 	529
f 485 	530 	487
f 564 	551 	577
f 542 	565 	541
f 564 	577 	578
f 551 	570 	577
f 4877 	497 	561
f 563 	586 	560
f 519 	522 	563
f 586 	563 	522
f 605 	607 	522
f 548 	566 	505
f 567 	348 	512
f 521 	505 	566
f 567 	199 	348
f 533 	591 	487
f 552 	568 	551
f 568 	570 	551
f 568 	572 	570
f 589 	591 	533
f 552 	572 	568
f 572 	573 	570
f 591 	304 	487
f 572 	600 	573
f 348 	571 	574
f 577 	570 	578
f 574 	571 	3026
f 580 	201 	546
f 580 	546 	547
f 532 	569 	579
f 201 	580 	347
f 570 	581 	578
f 581 	602 	578
f 581 	599 	602
f 609 	610 	579
f 610 	582 	579
f 539 	579 	582
f 539 	582 	545
f 304 	591 	576
f 590 	589 	531
f 198 	201 	584
f 531 	560 	585
f 531 	585 	590
f 586 	585 	560
f 583 	548 	545
f 583 	545 	582
f 584 	587 	198
f 601 	591 	597
f 583 	618 	548
f 590 	591 	589
f 586 	591 	590
f 586 	590 	585
f 586 	608 	597
f 561 	5013 	593
f 598 	596 	594
f 599 	570 	573
f 288 	4877 	561
f 573 	600 	599
f 599 	581 	570
f 588 	599 	600
f 600 	1298 	588
f 586 	597 	591
f 688 	580 	547
f 688 	547 	555
f 288 	561 	593
f 697 	575 	601
f 599 	592 	602
f 576 	601 	575
f 595 	288 	593
f 580 	565 	347
f 576 	591 	601
f 3026 	3060 	574
f 3101 	3046 	521
f 741 	3101 	521
f 566 	618 	521
f 347 	574 	201
f 201 	574 	584
f 522 	518 	605
f 598 	594 	606
f 607 	586 	522
f 579 	569 	604
f 586 	607 	608
f 198 	571 	348
f 579 	604 	609
f 598 	606 	596
f 608 	607 	603
f 198 	587 	571
f 603 	831 	608
f 198 	348 	199
f 613 	583 	610
f 615 	603 	607
f 583 	582 	610
f 583 	616 	618
f 558 	554 	621
f 621 	556 	622
f 613 	616 	583
f 617 	594 	619
f 511 	2387 	567
f 512 	511 	567
f 620 	619 	596
f 594 	596 	619
f 618 	566 	548
f 623 	621 	622
f 623 	622 	624
f 617 	606 	594
f 611 	620 	596
f 626 	550 	408
f 406 	408 	550
f 741 	521 	616
f 618 	616 	521
f 550 	626 	627
f 550 	627 	553
f 606 	787 	612
f 553 	627 	630
f 553 	630 	554
f 554 	630 	632
f 554 	632 	556
f 447 	399 	557
f 447 	557 	633
f 604 	628 	609
f 631 	609 	628
f 556 	632 	635
f 556 	635 	559
f 557 	558 	636
f 557 	636 	633
f 634 	610 	609
f 634 	609 	631
f 620 	1136 	619
f 163 	171 	504
f 623 	636 	621
f 558 	621 	636
f 476 	719 	510
f 625 	638 	639
f 641 	182 	150
f 504 	641 	150
f 632 	510 	635
f 630 	510 	632
f 627 	510 	630
f 626 	510 	627
f 738 	737 	510
f 447 	633 	976
f 976 	633 	636
f 665 	625 	639
f 171 	164 	166
f 167 	642 	165
f 645 	642 	167
f 645 	648 	642
f 167 	174 	645
f 430 	431 	969
f 431 	435 	976
f 636 	623 	976
f 624 	976 	623
f 666 	629 	665
f 646 	645 	176
f 719 	476 	647
f 648 	645 	646
f 629 	625 	665
f 649 	656 	647
f 650 	654 	649
f 648 	646 	176
f 648 	176 	506
f 641 	184 	182
f 641 	648 	184
f 506 	184 	648
f 654 	650 	653
f 650 	479 	653
f 655 	649 	654
f 656 	649 	655
f 651 	647 	656
f 652 	653 	479
f 652 	479 	325
f 643 	155 	37
f 625 	555 	638
f 644 	37 	157
f 644 	157 	643
f 155 	643 	157
f 504 	171 	641
f 642 	641 	171
f 648 	641 	642
f 651 	656 	670
f 38 	37 	36
f 644 	2798 	36
f 653 	675 	654
f 643 	659 	644
f 675 	653 	676
f 652 	676 	653
f 565 	639 	541
f 638 	541 	639
f 325 	483 	652
f 580 	688 	565
f 2798 	644 	660
f 660 	644 	659
f 677 	647 	538
f 474 	538 	647
f 660 	2801 	2798
f 677 	679 	647
f 649 	647 	679
f 659 	2563 	660
f 650 	649 	679
f 650 	679 	680
f 640 	666 	661
f 37 	2563 	643
f 680 	682 	650
f 1055 	663 	483
f 683 	658 	657
f 657 	684 	683
f 664 	681 	52
f 640 	629 	666
f 52 	60 	664
f 767 	663 	2606
f 664 	60 	662
f 651 	670 	667
f 672 	670 	655
f 656 	655 	670
f 672 	655 	673
f 654 	673 	655
f 654 	675 	673
f 763 	2813 	681
f 479 	650 	682
f 664 	662 	681
f 540 	479 	682
f 668 	669 	686
f 220 	668 	686
f 220 	52 	668
f 671 	220 	686
f 555 	687 	688
f 427 	480 	458
f 663 	676 	483
f 427 	458 	691
f 667 	670 	683
f 667 	684 	736
f 670 	672 	683
f 771 	683 	672
f 672 	663 	771
f 673 	675 	663
f 672 	673 	663
f 695 	678 	674
f 676 	663 	675
f 458 	390 	330
f 666 	665 	674
f 458 	330 	691
f 689 	688 	687
f 607 	605 	615
f 740 	427 	949
f 689 	692 	674
f 693 	674 	692
f 693 	695 	674
f 699 	1848 	694
f 694 	1848 	575
f 342 	717 	415
f 3015 	678 	3043
f 448 	341 	415
f 696 	697 	601
f 696 	601 	597
f 415 	341 	342
f 689 	674 	665
f 690 	340 	448
f 448 	340 	341
f 629 	695 	693
f 687 	692 	689
f 696 	698 	714
f 330 	340 	691
f 691 	340 	690
f 692 	629 	693
f 694 	575 	697
f 625 	692 	687
f 687 	555 	625
f 692 	625 	629
f 597 	698 	696
f 555 	541 	638
f 343 	335 	433
f 674 	661 	666
f 1348 	343 	432
f 661 	674 	678
f 823 	822 	698
f 665 	639 	689
f 688 	689 	639
f 640 	3304 	695
f 810 	5084 	715
f 640 	695 	629
f 988 	1848 	699
f 336 	407 	480
f 699 	700 	988
f 639 	565 	688
f 425 	453 	326
f 700 	699 	706
f 453 	328 	326
f 368 	453 	414
f 702 	701 	703
f 453 	368 	328
f 694 	697 	704
f 706 	699 	704
f 705 	869 	707
f 368 	414 	451
f 368 	451 	334
f 707 	703 	705
f 699 	694 	704
f 830 	709 	707
f 697 	696 	708
f 830 	836 	709
f 697 	708 	704
f 709 	710 	703
f 707 	709 	703
f 715 	713 	714
f 703 	710 	702
f 713 	861 	716
f 714 	713 	716
f 343 	712 	717
f 880 	7 	6
f 1103 	711 	712
f 679 	538 	680
f 682 	680 	538
f 677 	538 	679
f 540 	682 	538
f 667 	683 	684
f 713 	5097 	861
f 2571 	2606 	663
f 725 	720 	719
f 720 	721 	719
f 718 	719 	721
f 721 	722 	718
f 559 	718 	722
f 559 	722 	723
f 559 	723 	622
f 698 	715 	714
f 728 	727 	712
f 725 	719 	724
f 719 	647 	724
f 474 	647 	476
f 651 	724 	647
f 657 	792 	726
f 658 	749 	657
f 432 	433 	727
f 624 	622 	723
f 624 	723 	729
f 728 	432 	727
f 723 	722 	730
f 723 	730 	729
f 722 	721 	732
f 722 	732 	730
f 720 	734 	732
f 720 	732 	721
f 415 	727 	433
f 725 	734 	720
f 725 	735 	734
f 724 	736 	735
f 724 	735 	725
f 733 	704 	708
f 731 	1348 	728
f 432 	728 	1348
f 696 	714 	708
f 736 	724 	667
f 651 	667 	724
f 708 	714 	716
f 731 	711 	1113
f 708 	716 	733
f 737 	718 	635
f 559 	635 	718
f 728 	712 	711
f 719 	718 	737
f 719 	737 	738
f 733 	706 	704
f 728 	711 	731
f 738 	510 	719
f 717 	712 	727
f 726 	739 	657
f 717 	727 	415
f 684 	657 	739
f 730 	976 	729
f 739 	814 	734
f 610 	634 	613
f 637 	613 	634
f 734 	735 	739
f 739 	736 	684
f 735 	736 	739
f 686 	685 	671
f 741 	616 	613
f 741 	613 	637
f 635 	510 	737
f 2812 	685 	669
f 686 	669 	685
f 746 	747 	745
f 748 	753 	744
f 749 	658 	748
f 743 	744 	761
f 759 	760 	758
f 668 	681 	2813
f 2812 	669 	668
f 750 	751 	752
f 792 	657 	749
f 658 	753 	748
f 761 	744 	753
f 746 	754 	752
f 745 	747 	758
f 747 	759 	758
f 757 	758 	760
f 339 	1176 	756
f 742 	338 	756
f 743 	337 	742
f 761 	762 	743
f 337 	743 	762
f 338 	742 	337
f 765 	769 	764
f 681 	766 	763
f 346 	337 	767
f 761 	768 	767
f 761 	767 	762
f 766 	775 	763
f 770 	764 	769
f 662 	766 	681
f 761 	753 	771
f 761 	771 	768
f 766 	662 	775
f 765 	772 	769
f 683 	771 	658
f 753 	658 	771
f 742 	773 	774
f 218 	304 	1830
f 743 	742 	774
f 743 	774 	776
f 777 	772 	765
f 776 	778 	743
f 744 	743 	778
f 744 	778 	779
f 780 	748 	779
f 744 	779 	748
f 748 	780 	781
f 748 	781 	749
f 781 	792 	749
f 750 	759 	782
f 756 	755 	783
f 756 	783 	786
f 3603 	1130 	3400
f 773 	742 	784
f 786 	784 	756
f 742 	756 	784
f 767 	768 	663
f 771 	663 	768
f 614 	787 	617
f 617 	787 	606
f 1167 	787 	614
f 780 	779 	781
f 779 	778 	781
f 781 	778 	776
f 781 	776 	774
f 781 	774 	773
f 781 	773 	784
f 784 	786 	781
f 781 	786 	783
f 1208 	1207 	781
f 1176 	339 	1205
f 762 	767 	337
f 865 	552 	789
f 790 	564 	578
f 788 	4550 	791
f 790 	793 	564
f 544 	564 	793
f 795 	799 	794
f 794 	726 	792
f 801 	802 	796
f 794 	799 	726
f 544 	793 	287
f 804 	806 	797
f 798 	799 	795
f 1844 	1830 	576
f 800 	1335 	797
f 795 	796 	802
f 798 	795 	802
f 796 	797 	806
f 801 	796 	806
f 803 	283 	839
f 808 	804 	809
f 809 	804 	1335
f 817 	814 	799
f 818 	819 	816
f 815 	816 	819
f 819 	1031 	815
f 1014 	815 	1031
f 805 	811 	813
f 807 	805 	813
f 536 	789 	552
f 799 	814 	726
f 739 	726 	814
f 803 	536 	271
f 813 	811 	812
f 810 	812 	811
f 803 	271 	283
f 822 	823 	821
f 820 	821 	823
f 820 	832 	813
f 824 	817 	798
f 799 	798 	817
f 536 	803 	789
f 813 	812 	821
f 813 	821 	820
f 825 	322 	826
f 822 	821 	827
f 812 	827 	821
f 322 	327 	826
f 822 	827 	715
f 715 	698 	822
f 3 	2 	840
f 844 	826 	790
f 608 	698 	597
f 831 	820 	823
f 826 	793 	790
f 831 	832 	820
f 807 	813 	832
f 6 	5 	838
f 327 	793 	826
f 823 	698 	831
f 698 	608 	831
f 528 	322 	825
f 831 	603 	832
f 603 	807 	832
f 827 	812 	810
f 5 	4 	837
f 827 	810 	715
f 4 	3 	840
f 710 	709 	836
f 837 	838 	5
f 837 	4 	840
f 321 	833 	839
f 836 	837 	841
f 523 	321 	839
f 836 	830 	837
f 838 	837 	830
f 826 	844 	842
f 840 	841 	837
f 842 	844 	843
f 842 	825 	826
f 849 	835 	700
f 710 	836 	702
f 835 	845 	834
f 847 	848 	849
f 906 	862 	841
f 701 	850 	851
f 843 	825 	842
f 874 	845 	848
f 836 	841 	850
f 835 	849 	845
f 701 	702 	850
f 702 	836 	850
f 849 	848 	845
f 849 	706 	847
f 850 	852 	851
f 853 	733 	716
f 862 	854 	841
f 850 	856 	857
f 847 	733 	853
f 853 	858 	847
f 803 	839 	855
f 858 	848 	847
f 850 	854 	860
f 789 	803 	855
f 850 	860 	856
f 859 	905 	863
f 855 	846 	1252
f 861 	853 	716
f 850 	857 	852
f 1245 	1252 	846
f 833 	846 	864
f 861 	858 	853
f 850 	841 	854
f 706 	733 	847
f 839 	833 	864
f 905 	859 	906
f 862 	906 	859
f 864 	846 	855
f 864 	855 	839
f 852 	857 	3654
f 851 	852 	3654
f 3654 	701 	851
f 5098 	861 	5097
f 857 	856 	3654
f 856 	860 	3654
f 860 	854 	3654
f 848 	871 	874
f 867 	790 	578
f 3654 	854 	859
f 862 	859 	854
f 849 	700 	706
f 848 	858 	871
f 830 	707 	869
f 861 	40 	868
f 705 	870 	869
f 868 	858 	861
f 878 	572 	865
f 872 	869 	873
f 870 	873 	869
f 867 	578 	602
f 868 	871 	858
f 572 	552 	865
f 790 	867 	844
f 834 	876 	875
f 703 	3424 	705
f 873 	870 	3424
f 834 	845 	876
f 876 	877 	875
f 876 	886 	877
f 876 	845 	874
f 876 	874 	886
f 867 	602 	879
f 869 	880 	830
f 880 	6 	838
f 600 	572 	878
f 881 	7 	880
f 881 	882 	8
f 881 	8 	7
f 880 	838 	830
f 884 	885 	883
f 885 	890 	883
f 883 	880 	884
f 883 	889 	880
f 885 	884 	872
f 869 	872 	884
f 869 	884 	880
f 662 	60 	230
f 230 	231 	662
f 889 	883 	890
f 888 	889 	890
f 887 	662 	231
f 880 	889 	881
f 889 	888 	881
f 662 	887 	775
f 775 	887 	785
f 887 	896 	785
f 877 	886 	891
f 236 	242 	887
f 231 	236 	887
f 874 	894 	886
f 8 	882 	1
f 895 	1 	882
f 893 	896 	240
f 1 	895 	2
f 897 	2 	895
f 840 	2 	897
f 240 	896 	242
f 840 	897 	841
f 891 	886 	894
f 785 	896 	898
f 899 	900 	902
f 895 	921 	897
f 904 	905 	903
f 903 	897 	904
f 921 	904 	897
f 906 	903 	905
f 897 	903 	906
f 893 	892 	898
f 909 	902 	900
f 897 	906 	841
f 902 	1232 	1227
f 921 	1022 	904
f 893 	898 	896
f 887 	242 	896
f 1227 	923 	907
f 3654 	859 	908
f 907 	899 	902
f 901 	909 	900
f 863 	908 	859
f 901 	899 	909
f 909 	899 	907
f 902 	1227 	907
f 1228 	1229 	909
f 909 	907 	1228
f 923 	1228 	907
f 872 	913 	914
f 914 	920 	890
f 872 	914 	890
f 915 	892 	912
f 873 	913 	872
f 872 	890 	885
f 912 	892 	893
f 918 	914 	913
f 913 	3424 	918
f 1464 	912 	893
f 3424 	913 	873
f 881 	888 	919
f 920 	1017 	890
f 888 	890 	1017
f 917 	916 	871
f 916 	874 	871
f 863 	905 	922
f 882 	1041 	895
f 923 	1227 	868
f 824 	798 	802
f 824 	802 	828
f 924 	335 	336
f 802 	801 	925
f 802 	925 	828
f 925 	801 	806
f 925 	806 	928
f 806 	804 	808
f 806 	808 	928
f 792 	781 	930
f 792 	930 	931
f 792 	931 	794
f 794 	931 	932
f 794 	932 	795
f 795 	932 	933
f 795 	933 	796
f 336 	740 	924
f 796 	933 	934
f 796 	934 	797
f 797 	934 	935
f 797 	935 	800
f 1340 	1341 	2320
f 937 	938 	939
f 939 	940 	937
f 740 	936 	924
f 814 	817 	734
f 730 	732 	824
f 817 	824 	732
f 732 	734 	817
f 828 	976 	824
f 925 	976 	828
f 944 	945 	943
f 942 	943 	945
f 928 	976 	925
f 943 	947 	944
f 946 	948 	949
f 943 	942 	950
f 943 	950 	947
f 940 	938 	937
f 947 	950 	944
f 945 	944 	950
f 975 	942 	951
f 1206 	1358 	930
f 930 	781 	1206
f 1207 	1206 	781
f 783 	1208 	781
f 951 	942 	952
f 945 	952 	942
f 624 	729 	976
f 730 	824 	976
f 808 	809 	2320
f 951 	978 	975
f 952 	955 	951
f 957 	953 	966
f 954 	953 	957
f 960 	962 	929
f 929 	927 	963
f 929 	963 	960
f 953 	961 	967
f 961 	964 	967
f 962 	950 	942
f 962 	942 	929
f 956 	955 	959
f 965 	959 	955
f 955 	945 	965
f 952 	945 	955
f 963 	965 	945
f 950 	960 	945
f 962 	960 	950
f 963 	945 	960
f 927 	959 	965
f 924 	936 	946
f 953 	967 	966
f 927 	965 	963
f 985 	984 	966
f 982 	968 	955
f 955 	956 	982
f 969 	967 	964
f 948 	946 	936
f 973 	967 	969
f 970 	976 	2320
f 970 	977 	973
f 977 	970 	980
f 979 	980 	970
f 970 	973 	976
f 969 	976 	973
f 968 	978 	951
f 969 	431 	976
f 1016 	975 	978
f 951 	955 	968
f 981 	977 	983
f 983 	2322 	981
f 875 	877 	1874
f 977 	980 	983
f 985 	977 	984
f 985 	973 	977
f 966 	967 	973
f 966 	973 	985
f 700 	2033 	988
f 971 	927 	972
f 700 	835 	2033
f 984 	989 	987
f 927 	929 	972
f 989 	981 	987
f 975 	974 	942
f 989 	977 	981
f 984 	977 	989
f 959 	986 	956
f 956 	986 	982
f 971 	986 	959
f 984 	987 	990
f 971 	959 	927
f 3266 	984 	990
f 975 	1016 	974
f 3266 	991 	984
f 957 	966 	991
f 942 	972 	929
f 966 	984 	991
f 958 	957 	991
f 891 	1251 	1254
f 974 	972 	942
f 991 	3218 	958
f 938 	940 	939
f 995 	996 	4574
f 996 	1000 	4574
f 993 	998 	997
f 993 	997 	994
f 998 	993 	999
f 992 	999 	993
f 1001 	4574 	1000
f 1004 	1005 	1006
f 997 	998 	2606
f 1144 	1389 	2606
f 1007 	1008 	1919
f 1003 	1919 	1008
f 919 	882 	881
f 1011 	1002 	1003
f 1033 	1012 	968
f 1259 	284 	1013
f 895 	1041 	921
f 1005 	971 	972
f 1013 	2754 	1002
f 1011 	1013 	1002
f 1003 	285 	1011
f 905 	904 	922
f 918 	920 	914
f 974 	1005 	972
f 922 	908 	863
f 1012 	978 	968
f 1484 	286 	1904
f 1017 	919 	888
f 1018 	2754 	284
f 1012 	1016 	978
f 1020 	919 	1021
f 1008 	285 	1003
f 968 	982 	1033
f 1010 	1904 	1009
f 1024 	1995 	1023
f 1024 	1027 	1995
f 921 	1025 	1022
f 1025 	921 	1020
f 922 	904 	1022
f 919 	1017 	1021
f 918 	1054 	1017
f 920 	918 	1017
f 1005 	986 	971
f 1005 	974 	1016
f 1020 	1021 	1054
f 1017 	1054 	1021
f 1026 	1912 	1901
f 1040 	908 	1022
f 818 	1015 	819
f 1030 	819 	1015
f 1016 	1012 	1029
f 1016 	1029 	1028
f 1022 	1025 	1020
f 1020 	1040 	1022
f 819 	1030 	1031
f 922 	1022 	908
f 1779 	1014 	1031
f 703 	701 	3654
f 1015 	1032 	1030
f 1031 	1030 	1032
f 1059 	1036 	2043
f 2043 	1060 	1059
f 1037 	1004 	1038
f 1006 	1038 	1004
f 1038 	1039 	1037
f 1039 	1029 	1037
f 1029 	1012 	1037
f 1033 	1037 	1012
f 705 	3424 	870
f 1037 	1033 	982
f 986 	1037 	982
f 1005 	1004 	1037
f 1005 	1037 	986
f 1038 	1006 	1005
f 1005 	1016 	1028
f 1005 	1028 	1039
f 1005 	1039 	1038
f 1028 	1029 	1039
f 1041 	882 	919
f 919 	1020 	1041
f 1020 	921 	1041
f 1047 	1078 	1045
f 1046 	1047 	1045
f 1040 	1020 	1054
f 1048 	1036 	1050
f 1048 	1050 	1051
f 1044 	1053 	1043
f 1040 	1054 	1052
f 1043 	915 	912
f 1043 	1056 	915
f 1043 	1057 	1056
f 1053 	1057 	1043
f 1048 	1035 	1036
f 1049 	1050 	1036
f 1057 	1053 	1058
f 1044 	1058 	1053
f 1061 	1044 	1100
f 1058 	1044 	1061
f 1043 	1100 	1044
f 1062 	1063 	1061
f 1063 	1056 	1061
f 1057 	1061 	1056
f 1058 	1061 	1057
f 1267 	2922 	1066
f 1063 	1066 	1056
f 1069 	1066 	1062
f 1063 	1062 	1066
f 1163 	1782 	1073
f 1073 	1165 	1072
f 1818 	1822 	1075
f 1822 	1077 	1075
f 1070 	1071 	1122
f 1078 	1079 	1784
f 1072 	1784 	1079
f 1079 	1170 	1072
f 427 	433 	946
f 1784 	1045 	1078
f 1078 	1047 	1080
f 946 	949 	427
f 1120 	1124 	1071
f 1111 	1070 	1100
f 1070 	1102 	1100
f 1070 	1145 	1102
f 1225 	1156 	1070
f 1070 	1156 	1145
f 1036 	1060 	1049
f 1082 	1107 	910
f 1081 	1049 	1060
f 1059 	1060 	1036
f 433 	924 	946
f 816 	815 	1079
f 816 	1079 	1078
f 816 	1078 	1080
f 2175 	1082 	911
f 2175 	1083 	1082
f 1071 	1082 	1083
f 1085 	1084 	1087
f 1087 	1084 	1089
f 1088 	1089 	1084
f 1089 	1088 	1090
f 1086 	996 	995
f 1073 	1072 	1121
f 1099 	4574 	1098
f 1088 	1092 	1090
f 1000 	996 	1086
f 1096 	1095 	1088
f 1001 	1000 	1093
f 1086 	1093 	1000
f 1084 	1097 	1088
f 1096 	1088 	1097
f 433 	335 	924
f 1097 	1084 	1094
f 1098 	4574 	1001
f 1106 	4574 	1099
f 1093 	1101 	1099
f 1093 	1099 	1098
f 1098 	1001 	1093
f 1100 	1256 	1061
f 1115 	1070 	1107
f 1107 	1043 	910
f 1100 	1043 	1111
f 4574 	1121 	1072
f 1107 	1070 	1111
f 1111 	1043 	1107
f 1071 	1115 	1082
f 1116 	1065 	1104
f 1070 	1115 	1071
f 1082 	1115 	1107
f 1108 	1403 	1114
f 1117 	1106 	1101
f 711 	1103 	1113
f 1099 	1101 	1106
f 1143 	1141 	2049
f 1103 	712 	343
f 1162 	1073 	1121
f 1123 	1109 	4002
f 612 	1129 	611
f 611 	596 	606
f 606 	612 	611
f 1126 	1127 	1129
f 1127 	611 	1129
f 1122 	1071 	1124
f 1124 	1133 	1122
f 2049 	2054 	1143
f 344 	2606 	1205
f 1070 	1132 	1225
f 1133 	1132 	1070
f 1135 	1127 	1134
f 1126 	1134 	1127
f 1139 	1372 	1138
f 1122 	1133 	1070
f 1106 	1117 	1121
f 2048 	2049 	1141
f 1138 	1142 	1140
f 1138 	1140 	1139
f 1142 	1138 	1144
f 1137 	1144 	1138
f 1154 	2048 	1146
f 1141 	1146 	2048
f 2606 	1718 	1506
f 1140 	2606 	1506
f 1140 	1142 	2606
f 1144 	2606 	1142
f 1388 	2606 	1389
f 2048 	1154 	1150
f 1155 	1677 	1153
f 1152 	1157 	1155
f 1152 	1155 	1153
f 1157 	1152 	1158
f 1151 	1158 	1152
f 1158 	1151 	1159
f 1127 	1135 	611
f 620 	611 	1135
f 620 	1135 	1136
f 1155 	1157 	2680
f 1157 	1158 	2680
f 1158 	1159 	2680
f 1126 	1129 	1134
f 1159 	1151 	1164
f 1135 	1134 	1131
f 1162 	1163 	1073
f 1159 	1164 	2680
f 1136 	1135 	1131
f 1166 	1802 	1165
f 1162 	1165 	1073
f 2606 	2680 	1164
f 1779 	1802 	1014
f 1153 	1672 	1152
f 1134 	1167 	1130
f 1718 	2606 	1164
f 1167 	1134 	1129
f 1162 	1073 	1170
f 1073 	1072 	1170
f 1167 	614 	1130
f 1178 	1179 	1172
f 1124 	1119 	1168
f 1167 	1129 	787
f 612 	787 	1129
f 1141 	1143 	1117
f 1146 	1141 	1117
f 1130 	1131 	1134
f 1173 	1178 	1172
f 1336 	1334 	1174
f 1160 	1121 	1161
f 1124 	1168 	1649
f 755 	1177 	1173
f 755 	756 	1176
f 1176 	1177 	755
f 1178 	1173 	1177
f 1172 	1179 	1171
f 1180 	1171 	1179
f 1174 	1171 	1180
f 1162 	1121 	1163
f 1160 	1163 	1121
f 1124 	1649 	1133
f 1183 	1377 	1182
f 1374 	1375 	1184
f 1185 	1374 	1184
f 993 	1374 	992
f 992 	1374 	1186
f 1186 	1374 	1185
f 1117 	1143 	1147
f 1121 	1117 	1169
f 1147 	1169 	1117
f 879 	1261 	866
f 866 	867 	879
f 879 	1187 	1261
f 1121 	1169 	1161
f 1165 	1162 	1170
f 1191 	1189 	1180
f 1174 	1180 	1189
f 1179 	1196 	1191
f 1179 	1191 	1180
f 1195 	867 	866
f 1192 	1193 	1190
f 1178 	1197 	1196
f 1178 	1196 	1179
f 1194 	1190 	1193
f 1177 	1200 	1197
f 1177 	1197 	1178
f 1176 	1204 	1200
f 1176 	1200 	1177
f 1199 	1195 	1198
f 1195 	1261 	1198
f 1204 	1176 	1205
f 344 	1205 	339
f 1188 	1300 	1202
f 1172 	1171 	1206
f 1172 	1206 	1207
f 1195 	1199 	1239
f 1201 	1188 	1202
f 1173 	1172 	1207
f 1173 	1207 	1208
f 783 	755 	1173
f 783 	1173 	1208
f 1145 	1255 	1102
f 1261 	1195 	866
f 1209 	1183 	1210
f 1211 	1210 	1182
f 1183 	1182 	1210
f 1145 	1203 	1255
f 1182 	1181 	1213
f 1182 	1213 	1211
f 1201 	1203 	1145
f 1060 	1148 	1081
f 1214 	1201 	1145
f 926 	1931 	1925
f 992 	1186 	1215
f 1186 	1185 	1216
f 1186 	1216 	1215
f 1185 	1184 	1217
f 1185 	1217 	1216
f 1218 	1183 	1209
f 1184 	1183 	1218
f 1184 	1218 	1217
f 1222 	1212 	1108
f 1209 	1210 	1191
f 1189 	1191 	1210
f 1210 	1211 	1189
f 1213 	1351 	1211
f 1117 	1148 	1149
f 926 	1219 	1212
f 1117 	1081 	1148
f 1218 	1209 	1196
f 1216 	1217 	1197
f 1217 	1218 	1196
f 1197 	1200 	1216
f 1212 	1219 	1108
f 1215 	1216 	1200
f 3186 	75 	76
f 941 	926 	1212
f 1215 	1200 	1204
f 1215 	1204 	1205
f 1009 	286 	1988
f 115 	1018 	284
f 1221 	1112 	1113
f 931 	930 	1358
f 932 	931 	1358
f 1358 	1357 	932
f 1008 	1988 	285
f 1222 	1108 	1114
f 1145 	1192 	1190
f 1149 	1150 	1117
f 1190 	1214 	1145
f 1190 	1194 	1214
f 1154 	1117 	1150
f 1201 	1194 	1188
f 1201 	1214 	1194
f 1196 	1197 	1217
f 1191 	1196 	1209
f 1146 	1117 	1154
f 1193 	1192 	1234
f 1221 	1222 	1112
f 1114 	1112 	1222
f 999 	992 	1215
f 1193 	1661 	1194
f 815 	1014 	1079
f 1014 	1166 	1079
f 1166 	1165 	1079
f 1170 	1079 	1165
f 1205 	2606 	1215
f 1225 	1223 	1224
f 868 	62 	923
f 923 	62 	1228
f 916 	1246 	894
f 1103 	1221 	1113
f 1236 	909 	1229
f 1133 	1223 	1132
f 1228 	62 	1229
f 1225 	1132 	1223
f 1233 	1232 	902
f 909 	1233 	902
f 1233 	909 	1236
f 1234 	1225 	1226
f 871 	868 	1232
f 1237 	1238 	5100
f 5100 	1238 	1500
f 1227 	1232 	868
f 844 	1195 	1239
f 1236 	917 	1233
f 1233 	917 	1232
f 1234 	1145 	1156
f 844 	1239 	843
f 1229 	917 	1236
f 871 	1232 	917
f 1117 	1101 	1240
f 1199 	843 	1239
f 1225 	1234 	1156
f 894 	874 	916
f 844 	867 	1195
f 1291 	900 	899
f 1291 	1266 	901
f 1101 	1241 	1242
f 1101 	1242 	1240
f 901 	900 	1291
f 1234 	1192 	1145
f 1238 	1237 	1244
f 1243 	916 	917
f 846 	3037 	1245
f 1281 	1243 	87
f 5100 	5101 	1265
f 1243 	917 	63
f 789 	855 	1247
f 1095 	1096 	1090
f 1089 	1090 	1096
f 865 	789 	1247
f 1243 	1280 	1246
f 1092 	1095 	1090
f 1096 	1097 	1089
f 1087 	1089 	1097
f 916 	1243 	1246
f 855 	1252 	1247
f 1097 	1094 	1087
f 1085 	1087 	1094
f 1283 	1284 	1235
f 891 	894 	1248
f 1088 	1279 	1092
f 1287 	1279 	1095
f 1092 	1249 	1095
f 1287 	1095 	1249
f 1237 	5100 	1250
f 1250 	5100 	1253
f 1248 	1251 	891
f 1246 	1248 	894
f 1252 	1245 	1247
f 1117 	1235 	1050
f 1255 	1256 	1100
f 1081 	1117 	1049
f 1050 	1049 	1117
f 1245 	1257 	1247
f 87 	1243 	63
f 1100 	1102 	1255
f 1117 	1250 	1253
f 1061 	1256 	1062
f 1013 	1258 	1259
f 285 	1262 	1011
f 1013 	1262 	1258
f 1268 	1256 	1260
f 1050 	1235 	1284
f 1263 	901 	1266
f 1264 	1265 	5101
f 2590 	2591 	1261
f 1265 	1253 	5100
f 1263 	1269 	901
f 1264 	5101 	1271
f 1270 	1271 	5101
f 1256 	1255 	1260
f 1305 	1274 	1235
f 1272 	1273 	1256
f 1256 	1268 	1272
f 1283 	1235 	1274
f 1275 	1276 	1273
f 1275 	1273 	1272
f 1247 	1277 	865
f 1278 	1280 	1243
f 1280 	1312 	1246
f 1249 	1092 	1279
f 1247 	1257 	1277
f 878 	865 	1277
f 1243 	1281 	1278
f 1279 	1282 	1249
f 1088 	1095 	1279
f 1249 	1282 	1287
f 1282 	1279 	1285
f 1256 	1287 	1062
f 1277 	1175 	878
f 1256 	1273 	1279
f 1676 	1284 	1665
f 1283 	1665 	1284
f 1681 	1284 	1676
f 1274 	1665 	1283
f 1287 	1256 	1279
f 1269 	1263 	1281
f 1280 	1278 	1263
f 1280 	1263 	1266
f 1277 	2601 	1175
f 1069 	1062 	1287
f 1277 	2597 	2601
f 1273 	1276 	1279
f 1281 	1263 	1278
f 1287 	1268 	1069
f 1272 	1268 	1287
f 1268 	1267 	1069
f 1066 	1069 	1267
f 1251 	1324 	1254
f 1725 	1593 	1284
f 1287 	1282 	1285
f 1286 	1272 	1285
f 1275 	1272 	1286
f 1287 	1285 	1272
f 1251 	1248 	1326
f 1288 	599 	588
f 1326 	1324 	1251
f 1276 	1275 	1290
f 1289 	1290 	1275
f 588 	1298 	1288
f 1289 	1275 	1286
f 1288 	592 	599
f 1271 	1270 	1117
f 899 	1292 	1291
f 1295 	1296 	1297
f 1295 	1297 	1291
f 1266 	1291 	1297
f 1270 	5101 	1302
f 1288 	1298 	1294
f 1308 	1304 	1293
f 1303 	1305 	1235
f 1312 	1280 	1297
f 1235 	1117 	1303
f 1300 	1293 	1304
f 1295 	1292 	1307
f 1295 	1307 	1296
f 1306 	602 	592
f 1304 	1201 	1202
f 1292 	901 	1269
f 1292 	1269 	1307
f 1288 	1306 	592
f 1304 	1308 	1255
f 1307 	1316 	1296
f 1308 	1260 	1255
f 1281 	1307 	1269
f 1260 	1308 	1293
f 1266 	1297 	1280
f 1288 	1309 	1306
f 1292 	899 	901
f 1255 	1203 	1304
f 1297 	1296 	1312
f 1313 	1312 	1296
f 1203 	1201 	1304
f 1300 	1304 	1202
f 1292 	1295 	1291
f 1311 	1290 	1310
f 1289 	1310 	1290
f 1322 	1246 	1312
f 2570 	879 	1306
f 1290 	1311 	1276
f 879 	602 	1306
f 1279 	1311 	1285
f 1310 	1285 	1311
f 1289 	1286 	1310
f 1285 	1310 	1286
f 1276 	1311 	1279
f 1224 	1223 	1314
f 1315 	1225 	1224
f 1312 	1313 	1322
f 1315 	1224 	1314
f 1313 	1296 	1316
f 1307 	1281 	1316
f 87 	1322 	1316
f 1320 	1315 	1318
f 1281 	87 	1316
f 1319 	1321 	1309
f 1309 	1288 	1319
f 1320 	1226 	1315
f 1234 	1226 	1320
f 1226 	1225 	1315
f 87 	85 	1322
f 1319 	1294 	1317
f 1298 	1317 	1294
f 1325 	1254 	1324
f 1315 	1314 	1323
f 1294 	1319 	1288
f 1321 	1306 	1309
f 1666 	1234 	1320
f 1246 	1322 	1327
f 1313 	1316 	1322
f 2573 	1317 	1298
f 1327 	1248 	1246
f 1489 	1326 	1329
f 1327 	1326 	1248
f 1215 	2606 	999
f 285 	1988 	286
f 1331 	1339 	800
f 1332 	1338 	1331
f 804 	797 	1335
f 1334 	1336 	1332
f 911 	1082 	1832
f 1338 	1332 	1337
f 1339 	1331 	1338
f 1335 	800 	1339
f 1337 	1332 	1336
f 1171 	1174 	1334
f 809 	1335 	1340
f 1340 	1335 	1341
f 1335 	1339 	1341
f 1342 	1341 	1339
f 1344 	1342 	1339
f 1338 	1345 	1344
f 1338 	1344 	1339
f 731 	1347 	1348
f 1337 	1346 	1345
f 1337 	1345 	1338
f 1336 	1349 	1346
f 1336 	1346 	1337
f 1351 	1352 	1174
f 1174 	1189 	1351
f 1336 	1174 	1352
f 1349 	1336 	1352
f 1331 	800 	935
f 1331 	935 	1356
f 1332 	1331 	1356
f 1332 	1356 	1357
f 1334 	1332 	1357
f 1334 	1357 	1358
f 1206 	1171 	1334
f 1206 	1334 	1358
f 1403 	1353 	1231
f 1354 	1362 	1355
f 1402 	2320 	1344
f 1341 	1342 	2320
f 1401 	1402 	1344
f 1345 	1346 	1400
f 1346 	1349 	1400
f 1360 	1359 	2482
f 1213 	1400 	1351
f 941 	1353 	2008
f 1380 	1400 	1213
f 1189 	1211 	1351
f 1231 	1353 	941
f 1359 	1360 	1361
f 1356 	934 	1357
f 934 	933 	1357
f 935 	934 	1356
f 933 	932 	1357
f 1365 	1366 	1364
f 1366 	1410 	1364
f 1366 	1365 	1369
f 1372 	1409 	1371
f 1355 	1362 	1360
f 994 	1368 	1367
f 1365 	1367 	1369
f 1369 	1367 	1368
f 1361 	2488 	1370
f 1222 	1350 	1230
f 1347 	1350 	1348
f 993 	994 	1374
f 1367 	1374 	994
f 1376 	1183 	1375
f 1183 	1184 	1375
f 1377 	1183 	1376
f 1181 	1182 	1377
f 1363 	1400 	1378
f 1364 	1363 	1378
f 1213 	1181 	1377
f 1213 	1377 	1380
f 1350 	1396 	1230
f 1364 	1378 	1382
f 1365 	1364 	1382
f 1365 	1382 	1383
f 1371 	1366 	1384
f 1377 	1376 	1385
f 1377 	1385 	1380
f 1383 	1386 	1365
f 1367 	1365 	1386
f 1230 	1396 	1403
f 1384 	1369 	1387
f 1387 	1369 	1388
f 1368 	1388 	1369
f 1394 	1381 	1379
f 997 	1395 	994
f 1925 	2008 	1219
f 1403 	1108 	1353
f 1366 	1369 	1384
f 1372 	1371 	1391
f 1372 	1391 	1389
f 1230 	1403 	1231
f 1371 	1384 	1391
f 1375 	1392 	1385
f 1375 	1385 	1376
f 1386 	1393 	1367
f 1374 	1367 	1393
f 1379 	1373 	1390
f 1374 	1393 	1392
f 1374 	1392 	1375
f 1390 	1394 	1379
f 1381 	1394 	18
f 1378 	1400 	1385
f 1380 	1385 	1400
f 1349 	1352 	1400
f 1352 	1351 	1400
f 1382 	1378 	1385
f 1385 	1392 	1382
f 1383 	1382 	1392
f 1386 	1383 	1392
f 1444 	1394 	1443
f 1389 	1391 	1387
f 1389 	1387 	1388
f 1394 	1390 	1443
f 1391 	1384 	1387
f 1444 	39 	1394
f 1394 	39 	18
f 1393 	1386 	1392
f 1350 	1347 	1396
f 1368 	1395 	1388
f 1368 	994 	1395
f 997 	2606 	1395
f 1395 	2606 	1388
f 1399 	1363 	1518
f 1400 	1363 	1399
f 1399 	1398 	1401
f 1399 	1401 	1400
f 1398 	1397 	1402
f 1398 	1402 	1401
f 1344 	1345 	1401
f 1400 	1401 	1345
f 1114 	1396 	1112
f 1347 	1112 	1396
f 1342 	1344 	2320
f 809 	1340 	2320
f 928 	808 	2320
f 1112 	1347 	1113
f 731 	1113 	1347
f 1231 	941 	1212
f 1373 	3498 	1407
f 1212 	1222 	1231
f 1137 	1138 	1372
f 1372 	1139 	1408
f 1372 	1408 	1409
f 1410 	1366 	1409
f 1363 	1364 	1410
f 1371 	1409 	1366
f 1350 	1222 	1221
f 1410 	1518 	1363
f 1397 	1398 	1518
f 1405 	1404 	1420
f 1222 	1230 	1231
f 1422 	1405 	1420
f 1413 	1697 	1412
f 1415 	1697 	1414
f 1409 	1417 	1418
f 1422 	1406 	1405
f 1416 	1410 	1418
f 1409 	1418 	1410
f 1221 	1348 	1350
f 1409 	1419 	1417
f 1219 	1353 	1108
f 1140 	1506 	1139
f 1221 	1103 	1348
f 1372 	1389 	1137
f 1415 	1414 	1423
f 1415 	1423 	1421
f 343 	1348 	1103
f 1396 	1114 	1403
f 1414 	1413 	1425
f 1414 	1425 	1423
f 1422 	1424 	1406
f 1413 	1412 	1426
f 1413 	1426 	1425
f 1412 	1411 	1427
f 1412 	1427 	1426
f 1407 	1406 	1424
f 1703 	1427 	1411
f 1418 	1417 	1425
f 1423 	1425 	1417
f 1424 	1430 	1407
f 1428 	1429 	1431
f 1417 	1419 	1423
f 1423 	1419 	1421
f 1430 	1390 	1373
f 1718 	1421 	1419
f 1416 	1418 	1426
f 1425 	1426 	1418
f 1373 	1407 	1430
f 1433 	1432 	1878
f 1480 	1422 	1420
f 1424 	1422 	1481
f 1487 	1424 	1481
f 1430 	1424 	1487
f 1491 	1390 	1430
f 1434 	1438 	1440
f 1439 	1452 	1459
f 1441 	1452 	1439
f 1450 	1439 	30
f 1128 	1074 	1125
f 1434 	1944 	1438
f 30 	1461 	1442
f 1077 	1128 	1432
f 1442 	32 	30
f 1446 	1443 	1445
f 1067 	1091 	1123
f 1446 	41 	1444
f 1446 	1444 	1443
f 1448 	1447 	1437
f 41 	39 	1444
f 1439 	1450 	1441
f 30 	209 	1450
f 1461 	30 	1439
f 1123 	4002 	3061
f 926 	941 	1435
f 214 	1449 	216
f 216 	1449 	1451
f 1128 	1076 	1074
f 1077 	1076 	1128
f 215 	216 	1453
f 1453 	1451 	1452
f 1451 	1453 	216
f 1450 	64 	1453
f 1433 	1075 	1432
f 215 	1453 	64
f 1452 	1441 	1453
f 1453 	1441 	1450
f 1452 	1457 	1459
f 1077 	1432 	1075
f 221 	220 	214
f 1118 	1125 	1074
f 1105 	1065 	1064
f 1457 	1452 	1513
f 1457 	1458 	1459
f 1105 	1104 	1065
f 1435 	1767 	1436
f 1116 	1068 	1065
f 1458 	1439 	1459
f 1116 	1109 	1091
f 1458 	1457 	1460
f 1116 	1091 	1068
f 1439 	1458 	1461
f 1109 	1123 	1091
f 3029 	1067 	1123
f 1462 	1458 	1460
f 1456 	1573 	32
f 1456 	32 	1442
f 1456 	1442 	1461
f 893 	240 	1464
f 1466 	1462 	1460
f 237 	1343 	1465
f 1457 	1466 	1460
f 1461 	1458 	1470
f 1468 	1461 	1470
f 1456 	1461 	1468
f 1462 	1466 	1503
f 1465 	240 	237
f 1469 	1470 	1462
f 240 	1465 	1464
f 1503 	1532 	1462
f 1301 	1274 	1302
f 1458 	1462 	1470
f 1532 	1543 	1462
f 237 	238 	1343
f 1299 	1274 	1301
f 1305 	1302 	1274
f 1600 	1343 	238
f 1472 	1473 	1474
f 1471 	1470 	1475
f 1468 	1470 	1471
f 1476 	1473 	1472
f 1270 	1302 	1305
f 1469 	1475 	1470
f 1305 	1303 	1270
f 1270 	1303 	1117
f 1468 	1471 	1456
f 1327 	1322 	1329
f 1271 	1117 	1264
f 1265 	1264 	1117
f 85 	1329 	1322
f 1324 	1326 	1482
f 1253 	1265 	1117
f 1484 	1324 	1482
f 1480 	1485 	1483
f 1480 	1483 	1481
f 1480 	1481 	1422
f 1474 	1488 	1472
f 1486 	1472 	1488
f 1479 	1486 	1488
f 1237 	1250 	1117
f 1325 	1324 	1484
f 1479 	1499 	1486
f 1430 	1487 	1491
f 1244 	1492 	1238
f 1490 	1238 	1492
f 1473 	1494 	1474
f 1491 	1443 	1390
f 1326 	1489 	1482
f 1488 	1474 	1494
f 1488 	1477 	1479
f 1487 	1481 	1496
f 1483 	1496 	1481
f 1086 	1493 	1495
f 1497 	1240 	1495
f 1240 	1242 	1495
f 1086 	1495 	1242
f 1329 	1326 	1327
f 1491 	1487 	1498
f 1496 	1498 	1487
f 1498 	1455 	1445
f 1443 	1491 	1445
f 1498 	1445 	1491
f 1485 	2561 	1483
f 1498 	1496 	2561
f 1483 	2561 	1496
f 5093 	5100 	1501
f 1562 	5093 	1501
f 1484 	1482 	1620
f 1426 	1427 	1416
f 1703 	1536 	1427
f 1244 	1117 	1500
f 1501 	1500 	1117
f 1505 	1466 	1513
f 1244 	1237 	1117
f 1419 	1409 	1504
f 1409 	1408 	1504
f 1506 	1504 	1408
f 1500 	1507 	1244
f 1507 	1508 	1244
f 1492 	1244 	1508
f 1505 	1503 	1466
f 1509 	1486 	1499
f 1408 	1139 	1506
f 1476 	1472 	1486
f 1476 	1486 	1509
f 1144 	1137 	1389
f 1492 	1508 	1510
f 1511 	1490 	1510
f 1492 	1510 	1490
f 1718 	1419 	1504
f 1511 	1562 	1238
f 1490 	1511 	1238
f 1509 	1512 	1476
f 1512 	1494 	1476
f 1473 	1476 	1494
f 1502 	1515 	1514
f 1513 	1514 	1515
f 1117 	1511 	1510
f 1513 	1452 	1451
f 1515 	1505 	1513
f 1466 	1457 	1513
f 1508 	1507 	1117
f 1501 	1117 	1507
f 1517 	1509 	1516
f 1514 	1513 	1449
f 1451 	1449 	1513
f 1518 	1519 	1520
f 1518 	1520 	1521
f 1508 	1117 	1510
f 1509 	1517 	1512
f 1502 	1514 	671
f 1514 	1449 	671
f 1449 	214 	671
f 1528 	1529 	1525
f 1526 	1528 	1525
f 1529 	1530 	1525
f 1527 	1528 	1526
f 1530 	1721 	1525
f 1524 	1525 	1721
f 1523 	1524 	1721
f 1503 	1505 	1532
f 1534 	1517 	1516
f 1529 	1536 	1535
f 1529 	1535 	1530
f 1534 	1488 	1517
f 1536 	1529 	1537
f 1528 	1537 	1529
f 1551 	1532 	1538
f 1528 	1539 	1537
f 1562 	1501 	1507
f 1532 	1505 	1538
f 1539 	1528 	1541
f 1527 	1541 	1528
f 1505 	1566 	1538
f 1488 	1478 	1477
f 1469 	1462 	1543
f 1500 	1238 	1507
f 1488 	1494 	1512
f 1488 	1512 	1517
f 1540 	1488 	1534
f 1532 	1544 	494
f 1540 	1478 	1488
f 1532 	1551 	1544
f 1532 	494 	1543
f 494 	1469 	1543
f 1497 	1562 	1240
f 1546 	1881 	1545
f 1009 	1904 	286
f 1497 	1533 	1562
f 1258 	1262 	1259
f 1531 	1533 	1493
f 1495 	1493 	1533
f 118 	117 	1548
f 1548 	117 	116
f 1493 	1086 	1531
f 116 	284 	1548
f 1548 	284 	1259
f 1548 	2784 	2785
f 1533 	1497 	1495
f 1549 	1546 	1545
f 1548 	2785 	118
f 1550 	1549 	1545
f 1259 	1262 	1552
f 1259 	1552 	1553
f 2794 	1548 	1553
f 1553 	1548 	1259
f 1554 	1555 	1553
f 1554 	1553 	1552
f 1557 	1545 	1556
f 1608 	1556 	1545
f 1086 	4625 	1531
f 1557 	1550 	1545
f 1559 	1560 	1558
f 1554 	1558 	1560
f 1554 	1560 	1555
f 1555 	1560 	1553
f 1561 	1477 	1478
f 1086 	1242 	1093
f 1559 	120 	1560
f 1241 	1093 	1242
f 1560 	2751 	1559
f 1507 	1238 	1562
f 1558 	121 	120
f 1558 	120 	1559
f 1117 	1240 	1562
f 1479 	1477 	1561
f 1563 	1502 	671
f 1479 	1561 	1565
f 1562 	1511 	1117
f 383 	1567 	1564
f 1566 	1563 	1551
f 1567 	383 	384
f 1566 	1551 	1538
f 1101 	1093 	1241
f 1567 	1571 	1645
f 1502 	1563 	1515
f 1566 	1515 	1563
f 1013 	1011 	1262
f 121 	1552 	125
f 1262 	125 	1552
f 1478 	1568 	1561
f 1515 	1566 	1505
f 1554 	1552 	1558
f 121 	1558 	1552
f 1046 	1569 	1047
f 121 	1558 	1571
f 1567 	122 	1571
f 384 	122 	1567
f 121 	1571 	122
f 1568 	1572 	1561
f 1565 	1561 	1572
f 1080 	1015 	816
f 1046 	1032 	1047
f 818 	816 	1015
f 1573 	1590 	225
f 1047 	1015 	1080
f 1456 	1471 	1570
f 1565 	1574 	1479
f 1575 	1048 	1051
f 1573 	1456 	1570
f 1578 	1579 	1577
f 1576 	1577 	1579
f 1509 	1499 	1574
f 1580 	1581 	1582
f 1509 	1574 	1594
f 286 	1484 	126
f 1590 	1573 	1570
f 1047 	1584 	1046
f 1584 	2633 	1046
f 1583 	1584 	1047
f 1781 	1046 	2633
f 1584 	1622 	2633
f 1628 	1489 	1329
f 1620 	126 	1484
f 1516 	1509 	1594
f 1607 	1558 	128
f 121 	128 	1558
f 1583 	1047 	1585
f 1569 	1585 	1047
f 225 	1590 	244
f 1591 	244 	1590
f 1570 	1588 	1590
f 1499 	1479 	1574
f 1585 	1584 	1583
f 1591 	1590 	1588
f 1565 	1572 	1592
f 1565 	1592 	1574
f 1594 	1596 	1516
f 126 	1620 	138
f 1534 	1516 	1596
f 128 	141 	1607
f 1645 	1571 	1607
f 3360 	614 	617
f 1478 	1540 	1604
f 1595 	1594 	1592
f 1574 	1592 	1594
f 134 	1602 	106
f 1613 	106 	1597
f 619 	1136 	3558
f 3558 	3375 	619
f 1618 	1613 	1599
f 1598 	1599 	1613
f 103 	1598 	1597
f 103 	1597 	2417
f 1598 	103 	1599
f 104 	1599 	103
f 1540 	1605 	1604
f 1601 	1602 	146
f 133 	146 	1602
f 134 	133 	1602
f 1605 	1540 	1534
f 135 	1602 	136
f 1601 	136 	1602
f 1594 	1595 	1596
f 1343 	1600 	1606
f 1601 	146 	1599
f 1608 	1545 	1465
f 104 	105 	1599
f 136 	1599 	105
f 1601 	1599 	136
f 1598 	103 	1603
f 1600 	1591 	2028
f 1603 	2419 	1597
f 238 	1591 	1600
f 1597 	106 	1602
f 1598 	1603 	1602
f 1603 	1597 	1602
f 1598 	1602 	103
f 107 	102 	110
f 1602 	110 	102
f 135 	110 	1602
f 385 	3264 	131
f 1605 	1596 	1604
f 1568 	1604 	1596
f 1595 	1572 	1596
f 1592 	1572 	1595
f 1568 	1596 	1572
f 1534 	1596 	1605
f 1568 	1478 	1604
f 1645 	1607 	143
f 141 	143 	1607
f 1465 	1343 	1608
f 142 	145 	1620
f 1618 	146 	1614
f 132 	1614 	146
f 1618 	1599 	146
f 1611 	1586 	1610
f 1593 	1035 	1048
f 1597 	1598 	1613
f 1613 	1614 	1633
f 1610 	1034 	1593
f 1820 	1608 	1606
f 144 	140 	1620
f 1608 	1343 	1606
f 1587 	1586 	1611
f 1584 	1589 	1611
f 1587 	1611 	1589
f 1615 	1557 	1546
f 1556 	1546 	1557
f 1035 	1593 	1034
f 1549 	1615 	1546
f 1549 	1550 	1616
f 1034 	1610 	1586
f 1614 	1613 	1618
f 1881 	1619 	1617
f 1556 	1619 	1881
f 1584 	1585 	1589
f 1556 	1608 	1619
f 1622 	1623 	2633
f 1623 	1635 	2633
f 145 	144 	1620
f 138 	1620 	140
f 1626 	1623 	1625
f 1625 	1623 	1624
f 1628 	1620 	1629
f 1622 	1624 	1623
f 1620 	1482 	1629
f 1611 	1624 	1622
f 1482 	1489 	1629
f 1631 	1632 	1630
f 1489 	1628 	1629
f 1314 	1632 	1323
f 1633 	1628 	1634
f 1632 	1631 	1323
f 1622 	1584 	1611
f 1631 	1315 	1323
f 1023 	1995 	1019
f 1019 	2633 	1646
f 1635 	1636 	2633
f 1636 	1647 	2633
f 1627 	1318 	1631
f 1627 	1320 	1318
f 1637 	1636 	1635
f 1318 	1315 	1631
f 394 	1628 	1633
f 81 	1612 	1633
f 1633 	1634 	85
f 1633 	85 	81
f 1612 	1613 	1633
f 1314 	2226 	1632
f 1634 	1628 	1329
f 1635 	1641 	1639
f 1638 	1637 	1639
f 1635 	1639 	1637
f 85 	1634 	1329
f 1641 	1635 	1640
f 1643 	1640 	1635
f 1642 	1643 	1623
f 1623 	1643 	1635
f 1558 	1607 	1571
f 1626 	1642 	1623
f 1646 	2633 	1647
f 1628 	410 	1620
f 1648 	1647 	1637
f 1636 	1637 	1647
f 1650 	1542 	1520
f 1521 	1520 	1542
f 1520 	1519 	1652
f 1520 	1652 	1650
f 1519 	1518 	1653
f 1519 	1653 	1652
f 1654 	1655 	1639
f 1655 	1656 	1639
f 1651 	1639 	1656
f 1638 	1639 	1651
f 1527 	1657 	1541
f 1658 	1657 	1526
f 1527 	1526 	1657
f 1526 	1525 	1659
f 1526 	1659 	1658
f 1188 	1194 	1661
f 1525 	1524 	1660
f 1525 	1660 	1659
f 1019 	1646 	1648
f 1524 	1523 	1662
f 1524 	1662 	1660
f 1648 	1646 	1647
f 1661 	1193 	1666
f 1523 	1522 	1663
f 1523 	1663 	1662
f 1234 	1666 	1193
f 1535 	1536 	1703
f 1649 	1168 	1728
f 1537 	1416 	1536
f 1539 	1416 	1537
f 1541 	1416 	1539
f 1648 	4684 	1023
f 4684 	1024 	1023
f 1416 	1657 	1653
f 1023 	1019 	1648
f 1652 	1663 	1650
f 1660 	1662 	1653
f 4684 	1027 	1024
f 1658 	1653 	1657
f 1658 	1659 	1653
f 1659 	1660 	1653
f 1652 	1653 	1662
f 1662 	1663 	1652
f 1133 	1649 	1664
f 1299 	5053 	1665
f 1223 	1133 	1664
f 1223 	2226 	1314
f 2320 	1650 	1663
f 1755 	1661 	1666
f 1398 	1399 	1518
f 1668 	1397 	1518
f 1521 	1668 	1518
f 1402 	1397 	1668
f 1402 	1668 	1669
f 1669 	1668 	1670
f 1521 	1670 	1668
f 1521 	1542 	1670
f 1653 	1518 	1416
f 1410 	1416 	1518
f 1051 	1050 	1284
f 1402 	1669 	2320
f 1669 	1670 	2320
f 1593 	1575 	1051
f 1542 	1650 	2320
f 1575 	1593 	1048
f 1427 	1536 	1416
f 1657 	1416 	1541
f 1704 	1706 	1637
f 1674 	2038 	1673
f 1704 	1637 	1667
f 1672 	1153 	1674
f 2038 	1674 	1675
f 1675 	1674 	1153
f 1676 	5053 	1679
f 1675 	1677 	1678
f 1665 	5053 	1676
f 1675 	1153 	1677
f 1679 	5102 	1680
f 5106 	1667 	1680
f 1593 	1051 	1284
f 2037 	1687 	1673
f 1687 	1689 	1673
f 1676 	1679 	1681
f 1681 	1667 	1638
f 1679 	1680 	1681
f 1690 	1692 	1674
f 1672 	1674 	1692
f 1168 	2348 	1683
f 1682 	1672 	1692
f 1680 	1667 	1681
f 1155 	2680 	1677
f 1637 	1638 	1667
f 1684 	1719 	1681
f 1681 	1638 	1684
f 1651 	1684 	1638
f 1686 	1684 	1651
f 1686 	1651 	1656
f 1655 	1654 	1688
f 1674 	1673 	1689
f 1689 	1690 	1674
f 1686 	1656 	1655
f 1686 	1655 	1688
f 1681 	1685 	1691
f 1681 	1691 	1625
f 1624 	1725 	1625
f 1693 	1700 	1698
f 1689 	1712 	1690
f 1692 	1690 	1712
f 1687 	1712 	1689
f 1687 	2067 	1712
f 1688 	1639 	1686
f 1684 	1686 	1639
f 1654 	1639 	1688
f 1641 	1684 	1639
f 1716 	1151 	1695
f 1697 	1415 	1695
f 1415 	1716 	1695
f 1625 	1691 	1685
f 1642 	1626 	1685
f 1625 	1685 	1626
f 1696 	1698 	1700
f 2036 	1701 	1699
f 1701 	1702 	1699
f 1697 	1699 	1702
f 1411 	1412 	1697
f 1702 	1411 	1697
f 1703 	1411 	1702
f 1702 	1701 	1705
f 1702 	1705 	1703
f 1695 	1672 	1682
f 1695 	1682 	1707
f 1697 	1695 	1707
f 1697 	1707 	1710
f 1742 	1698 	1709
f 1697 	1710 	1712
f 1697 	1712 	1699
f 1299 	1665 	1274
f 1712 	2036 	1699
f 1706 	1708 	1637
f 1705 	1535 	1703
f 1713 	1714 	1709
f 1694 	1717 	1709
f 1712 	1710 	1707
f 1712 	1707 	1682
f 1682 	1692 	1712
f 1708 	1711 	1637
f 1151 	1152 	1672
f 1672 	1695 	1151
f 1413 	1414 	1697
f 1718 	1164 	1716
f 1715 	1637 	1711
f 1415 	1421 	1718
f 1415 	1718 	1716
f 1648 	1637 	1715
f 1151 	1716 	1164
f 1720 	1685 	1719
f 1685 	1681 	1719
f 1504 	1506 	1718
f 1641 	1640 	1719
f 1641 	1719 	1684
f 1722 	1522 	1721
f 1522 	1523 	1721
f 1685 	1720 	1642
f 1643 	1642 	1720
f 1724 	1729 	1723
f 1723 	1726 	1722
f 1681 	1625 	1284
f 1725 	1284 	1625
f 1748 	1717 	1747
f 1522 	1722 	1726
f 1727 	1731 	1724
f 1683 	2046 	1700
f 1726 	1723 	1729
f 1730 	2072 	1727
f 1729 	1724 	1731
f 1610 	1593 	1725
f 1700 	2046 	1696
f 1731 	1732 	1733
f 1731 	1733 	1729
f 1715 	1671 	1734
f 1711 	1671 	1715
f 1721 	1530 	1535
f 1693 	1683 	1700
f 1746 	1722 	1721
f 1719 	1640 	1720
f 1643 	1720 	1640
f 1750 	1723 	1722
f 1750 	1724 	1723
f 1714 	1713 	1728
f 1736 	1727 	1735
f 1724 	1735 	1727
f 1648 	1715 	1737
f 1742 	1693 	1698
f 1715 	1738 	1737
f 1739 	1730 	1736
f 1727 	1736 	1730
f 1725 	1740 	1578
f 1624 	1740 	1725
f 1579 	1578 	1740
f 1733 	1741 	1729
f 1726 	1729 	1741
f 1709 	1743 	1742
f 1610 	1725 	1580
f 1581 	1580 	1725
f 2088 	1705 	1701
f 1709 	1714 	1743
f 1732 	2322 	1733
f 1743 	1168 	1742
f 1683 	1742 	1168
f 1693 	1742 	1683
f 1735 	2088 	1736
f 1714 	1728 	1743
f 1168 	1743 	1728
f 1744 	1713 	1709
f 1734 	1745 	1715
f 1746 	1721 	1535
f 1749 	1722 	1746
f 1709 	1717 	1744
f 1748 	1744 	1717
f 1722 	1749 	1750
f 1752 	1738 	1715
f 1748 	1728 	1744
f 1713 	1744 	1728
f 1751 	1724 	1750
f 1724 	1751 	1735
f 2115 	1728 	1748
f 1726 	1753 	1522
f 1663 	1522 	1753
f 1752 	1715 	1745
f 1741 	1753 	1726
f 1745 	1734 	1754
f 1648 	1737 	1754
f 1737 	1738 	1752
f 1737 	1752 	1754
f 1750 	1705 	1751
f 1749 	1705 	1750
f 1535 	1705 	1746
f 1749 	1746 	1705
f 1735 	1751 	1705
f 1754 	1752 	1745
f 1663 	1753 	2320
f 4684 	1648 	1754
f 1741 	2320 	1753
f 1756 	1579 	1740
f 1756 	1576 	1579
f 1611 	1756 	1624
f 1740 	1624 	1756
f 2322 	2320 	1741
f 1741 	1733 	2322
f 1578 	1577 	1725
f 1611 	1725 	1577
f 1670 	1542 	2320
f 1611 	1577 	1756
f 1576 	1756 	1577
f 1611 	1582 	1725
f 1581 	1725 	1582
f 1580 	1582 	1610
f 1611 	1610 	1582
f 1759 	1760 	1758
f 1757 	1758 	1760
f 1757 	1760 	1761
f 1757 	1761 	1762
f 1757 	1762 	1763
f 1440 	1438 	4965
f 1764 	1763 	1765
f 1762 	1765 	1763
f 1667 	5106 	1704
f 5111 	1711 	1708
f 1766 	1767 	941
f 1765 	2571 	1764
f 2006 	1766 	941
f 1757 	1768 	1769
f 1765 	1762 	1771
f 1762 	1761 	1771
f 1772 	1771 	1761
f 1301 	1302 	5101
f 1761 	1760 	1774
f 1761 	1774 	1772
f 1773 	1767 	1766
f 1775 	1759 	1776
f 1774 	1760 	1775
f 1759 	1775 	1760
f 1569 	1046 	1045
f 1777 	1776 	1758
f 1759 	1758 	1776
f 948 	936 	1770
f 1777 	1758 	1769
f 1757 	1769 	1758
f 1778 	1779 	1780
f 1769 	1768 	2104
f 2633 	2091 	1781
f 1766 	1805 	1773
f 1772 	2680 	1771
f 1765 	1771 	2680
f 1032 	1781 	1778
f 1780 	1779 	1778
f 1032 	1778 	1779
f 1032 	1779 	1031
f 1782 	1783 	1780
f 1782 	1780 	1779
f 1436 	1767 	1773
f 2680 	1772 	1774
f 1775 	2680 	1774
f 2680 	1775 	1776
f 2680 	1776 	2104
f 1769 	2104 	1777
f 1776 	1777 	2104
f 1784 	1780 	2060
f 1045 	1784 	1569
f 2104 	1678 	2680
f 2043 	1036 	1035
f 4883 	948 	1770
f 1106 	1121 	4574
f 1787 	1788 	1785
f 1786 	1785 	1788
f 1785 	1790 	1787
f 1811 	1790 	1785
f 1790 	1791 	1787
f 1789 	1791 	1792
f 1789 	1787 	1791
f 1793 	1794 	1796
f 1795 	1796 	1794
f 2098 	1795 	2097
f 1794 	2097 	1795
f 1796 	1800 	1793
f 1763 	1799 	1797
f 1160 	1161 	1798
f 1800 	1796 	1799
f 1796 	1797 	1799
f 1757 	1763 	1797
f 1796 	1795 	1801
f 1796 	1801 	1788
f 1796 	1788 	1787
f 1438 	1998 	1428
f 4574 	1072 	1802
f 1779 	2091 	1802
f 1793 	1785 	1786
f 1793 	1786 	1794
f 1163 	1160 	1782
f 1798 	1782 	1160
f 1786 	2095 	1794
f 1787 	1789 	1796
f 1789 	1803 	1796
f 1797 	1796 	1803
f 1804 	1768 	1797
f 1803 	1804 	1797
f 1797 	1768 	1757
f 1800 	1791 	1790
f 1800 	1799 	1791
f 1802 	1072 	1782
f 1072 	1073 	1782
f 1763 	1764 	1799
f 1799 	1764 	1792
f 1799 	1792 	1791
f 1072 	1165 	1802
f 1790 	1811 	1800
f 1782 	1779 	1802
f 1789 	4792 	1788
f 1792 	4792 	1789
f 1764 	2571 	1792
f 1166 	1014 	1802
f 1801 	2104 	1803
f 1789 	1788 	1803
f 1801 	1803 	1788
f 1435 	941 	1767
f 2104 	1768 	1804
f 1169 	2054 	1161
f 1807 	1808 	1806
f 1808 	1809 	1806
f 1809 	1810 	1806
f 1810 	1811 	1806
f 1785 	1806 	1811
f 1780 	1784 	1779
f 1802 	1779 	1784
f 1072 	1802 	1784
f 1814 	1815 	1813
f 1812 	1813 	1815
f 1815 	1816 	1812
f 1812 	1816 	1817
f 1812 	1817 	1800
f 1793 	1800 	1817
f 1440 	2181 	1431
f 1785 	1793 	1817
f 1785 	1817 	1806
f 1046 	1781 	1032
f 1015 	1047 	1032
f 1817 	1816 	1806
f 1816 	1807 	1806
f 1467 	1463 	1823
f 1436 	1773 	1437
f 1773 	1805 	1437
f 3354 	1821 	3350
f 1822 	1819 	1076
f 1440 	1431 	1429
f 1434 	1440 	1429
f 1819 	3503 	1076
f 1467 	1823 	1819
f 2511 	1821 	2547
f 3431 	3435 	2547
f 218 	1830 	2546
f 1805 	1448 	1437
f 1766 	1448 	1805
f 1766 	1447 	1448
f 1825 	1824 	1826
f 1820 	1619 	1608
f 1881 	1546 	1556
f 1880 	1819 	1822
f 1890 	1545 	1887
f 1829 	1827 	1824
f 1545 	1881 	1887
f 1615 	1828 	1557
f 1621 	1557 	1828
f 1839 	1827 	1829
f 1890 	1330 	1545
f 1824 	1827 	1826
f 1838 	1825 	1826
f 1828 	1615 	1549
f 1828 	1549 	1616
f 1828 	1616 	1831
f 1844 	1838 	1830
f 1616 	1550 	1831
f 1550 	1557 	1831
f 1621 	1831 	1557
f 1082 	910 	1832
f 1832 	910 	1043
f 1834 	1835 	1463
f 1832 	1043 	912
f 1824 	1825 	1836
f 912 	1464 	1832
f 1834 	1837 	1835
f 1825 	1838 	1836
f 1832 	1545 	1330
f 1464 	1465 	1545
f 1464 	1545 	1832
f 1621 	1828 	1831
f 1837 	2321 	1835
f 1829 	1824 	1836
f 1836 	1839 	1829
f 575 	1848 	1844
f 1317 	1840 	1841
f 1841 	1840 	1842
f 1841 	1842 	1319
f 1317 	1841 	1319
f 1842 	1845 	1319
f 1857 	1463 	1467
f 1826 	1830 	1838
f 1838 	1844 	1833
f 1842 	1840 	1843
f 1845 	1842 	1846
f 1845 	1846 	1321
f 1848 	1847 	1833
f 1319 	1845 	1321
f 1846 	1842 	1849
f 1851 	1852 	1850
f 1853 	1850 	1852
f 1317 	2740 	1840
f 1851 	1850 	1855
f 1321 	1846 	2569
f 1856 	1850 	1853
f 1822 	1076 	1077
f 1857 	1834 	1463
f 1853 	1865 	1856
f 1853 	1852 	1860
f 2370 	1858 	2373
f 1860 	1852 	1865
f 1860 	1865 	1853
f 1858 	2370 	1861
f 2747 	2744 	1862
f 1864 	1863 	2357
f 988 	1854 	1847
f 1865 	1852 	1866
f 1851 	1866 	1852
f 1864 	2177 	1863
f 1864 	1120 	1071
f 1071 	1083 	1864
f 1851 	1855 	1866
f 1869 	1818 	1075
f 1863 	1892 	1870
f 1865 	1866 	1867
f 1868 	1871 	1870
f 834 	875 	1867
f 834 	1867 	1866
f 1870 	2192 	1863
f 875 	1874 	1867
f 2193 	1863 	2192
f 1873 	1871 	1872
f 1871 	1868 	1872
f 1868 	1881 	1883
f 1878 	1880 	1822
f 1875 	1872 	1883
f 1868 	1883 	1872
f 1875 	1849 	1872
f 1870 	1871 	1873
f 1842 	1843 	1873
f 1842 	1873 	1872
f 1870 	1873 	1843
f 1877 	1886 	1876
f 1843 	2195 	1870
f 1125 	1878 	1128
f 1842 	1872 	1849
f 1849 	1875 	1870
f 1882 	1874 	877
f 877 	891 	1882
f 1125 	1880 	1878
f 1881 	1868 	1887
f 1876 	1886 	1884
f 1644 	394 	417
f 1887 	1868 	1890
f 394 	1644 	1628
f 1882 	1254 	1889
f 1889 	1877 	1882
f 1868 	1892 	1890
f 1886 	1877 	1889
f 1889 	1895 	1886
f 1330 	1890 	2173
f 372 	3264 	385
f 2173 	1832 	1330
f 132 	131 	1614
f 131 	1633 	1614
f 2173 	1892 	1863
f 2173 	1890 	1892
f 1884 	1893 	1891
f 1886 	1893 	1884
f 1868 	1870 	1892
f 1889 	1325 	1895
f 1766 	2006 	1447
f 1644 	417 	1894
f 1770 	1454 	5003
f 1644 	426 	1628
f 1895 	1904 	1893
f 1893 	1886 	1895
f 410 	1628 	426
f 936 	1454 	1770
f 1894 	426 	1644
f 1891 	3672 	1884
f 1958 	1188 	1755
f 1484 	1904 	1325
f 1898 	1901 	1897
f 1893 	1902 	1891
f 4836 	1896 	2388
f 1905 	1906 	1907
f 1904 	1902 	1893
f 1905 	1429 	1428
f 1910 	1916 	1891
f 1428 	1906 	1905
f 1026 	1901 	1908
f 1910 	1891 	1902
f 1898 	1908 	1901
f 1916 	3461 	1891
f 1907 	1909 	1905
f 1909 	1911 	1905
f 1901 	1912 	1903
f 1915 	1916 	1910
f 1913 	1026 	1908
f 1898 	1913 	1908
f 1915 	1910 	1914
f 1915 	1914 	1917
f 2364 	2228 	1921
f 1920 	1921 	1922
f 1921 	1920 	1914
f 1917 	1914 	1920
f 1002 	1359 	1918
f 1919 	1918 	1923
f 1361 	1923 	1918
f 1359 	1361 	1918
f 1923 	1924 	1919
f 1998 	1906 	1428
f 1904 	1927 	1902
f 1927 	1945 	1902
f 1904 	1929 	1927
f 1934 	1914 	1910
f 1936 	1932 	1937
f 1934 	1935 	1914
f 1921 	1914 	1935
f 1930 	1921 	1935
f 2359 	2364 	1930
f 1939 	1935 	1934
f 1938 	1931 	926
f 1897 	1932 	1972
f 1928 	1972 	1932
f 1897 	1976 	1932
f 1937 	1932 	1941
f 1947 	1902 	1946
f 1997 	1937 	1942
f 1944 	1911 	1933
f 1947 	1949 	1902
f 1910 	1902 	1949
f 1950 	1910 	1949
f 1950 	1939 	1934
f 1950 	1934 	1910
f 1947 	1940 	1949
f 1950 	1949 	1940
f 1935 	1950 	1940
f 1930 	1935 	1940
f 1939 	1950 	1935
f 1435 	1938 	926
f 1925 	1219 	926
f 1436 	1437 	1938
f 1438 	1926 	1998
f 1933 	1943 	1438
f 1438 	1944 	1933
f 1946 	1959 	1951
f 1952 	1954 	1951
f 1878 	1432 	1128
f 1951 	1940 	1946
f 1188 	1958 	1899
f 1954 	1952 	1953
f 1110 	1869 	1433
f 1953 	1955 	1954
f 1947 	1946 	1940
f 1940 	1951 	1954
f 2052 	1956 	1957
f 1954 	1955 	1940
f 1755 	1961 	1958
f 1946 	1902 	1959
f 1958 	2051 	1900
f 1952 	1951 	1959
f 1957 	1956 	1960
f 1902 	1992 	1959
f 1952 	1959 	1953
f 1993 	1994 	1959
f 2052 	1962 	1956
f 2052 	1958 	1962
f 1962 	1958 	1961
f 1962 	1961 	1963
f 1940 	1978 	2559
f 1978 	1940 	1955
f 1956 	1963 	2131
f 1962 	1963 	1966
f 1962 	1966 	1967
f 1968 	1969 	1956
f 1967 	1966 	1971
f 1928 	1970 	1973
f 1972 	1928 	1973
f 1971 	1966 	1963
f 1971 	1963 	1956
f 1956 	1969 	2065
f 1962 	1967 	1971
f 1977 	1932 	1976
f 1956 	1962 	1971
f 2065 	1968 	1956
f 1973 	1970 	1974
f 1973 	1974 	1975
f 1987 	1932 	1977
f 1957 	1960 	1968
f 1969 	1968 	1960
f 1898 	1972 	1973
f 1898 	1973 	1975
f 1897 	1972 	1898
f 1901 	1976 	1897
f 1964 	2423 	1978
f 1976 	1901 	1965
f 1979 	1964 	1978
f 1901 	1903 	1984
f 1978 	1955 	1979
f 1985 	1980 	1698
f 1978 	2369 	2559
f 1984 	1965 	1901
f 1974 	1898 	1975
f 1696 	1981 	1982
f 1976 	1965 	1977
f 1942 	1977 	1965
f 1981 	1983 	1982
f 1984 	1989 	1965
f 1696 	1982 	1698
f 1982 	1985 	1698
f 1709 	1698 	1980
f 1989 	1999 	1965
f 1974 	1970 	3819
f 1361 	1370 	1923
f 1941 	1932 	1987
f 1945 	1923 	1370
f 1429 	1944 	1434
f 1941 	1987 	1942
f 1988 	1924 	1923
f 1945 	1927 	1923
f 1974 	3819 	1898
f 1942 	1987 	1977
f 1929 	1988 	1927
f 1988 	1923 	1927
f 1926 	1438 	1943
f 1989 	1991 	1999
f 1992 	1902 	1945
f 1993 	1959 	1992
f 1953 	1959 	1994
f 1994 	1996 	1953
f 1986 	410 	426
f 1909 	1907 	1943
f 1996 	374 	1979
f 1955 	1953 	1996
f 1955 	1996 	1979
f 1437 	1447 	1938
f 1997 	1936 	1937
f 4559 	1936 	1997
f 1997 	1990 	1995
f 1941 	1942 	1937
f 1996 	1993 	1370
f 1945 	1370 	1992
f 1997 	1999 	1990
f 2617 	2633 	1995
f 1992 	1370 	1993
f 1990 	2617 	1995
f 1997 	1942 	1999
f 1943 	1907 	1926
f 1965 	1999 	1942
f 1991 	1990 	1999
f 1994 	1993 	1996
f 366 	421 	2000
f 421 	2002 	2000
f 421 	1645 	2002
f 2000 	2002 	2001
f 2003 	2001 	2002
f 370 	371 	1645
f 2002 	2005 	2003
f 1645 	371 	2002
f 2005 	2002 	371
f 1435 	1436 	1938
f 1620 	410 	1964
f 2007 	2006 	941
f 1986 	1964 	410
f 1979 	1620 	1964
f 374 	375 	1979
f 375 	142 	1979
f 1931 	2006 	2007
f 941 	2008 	2007
f 1944 	1429 	1905
f 1905 	1911 	1944
f 4900 	1986 	426
f 1911 	1909 	1943
f 1370 	361 	360
f 1943 	1933 	1911
f 1370 	359 	366
f 2000 	1370 	366
f 2000 	2001 	1370
f 2003 	1996 	2001
f 1370 	2001 	1996
f 2003 	2005 	1996
f 374 	1996 	2005
f 1907 	1906 	1926
f 374 	2005 	371
f 374 	371 	370
f 1998 	1926 	1906
f 1447 	2006 	1938
f 1938 	2006 	1931
f 2007 	1925 	1931
f 2009 	2011 	2015
f 2008 	1925 	2007
f 494 	3346 	1469
f 1353 	1219 	2008
f 1544 	1551 	3347
f 2010 	2009 	2015
f 2015 	2012 	2010
f 3347 	494 	1544
f 3347 	1551 	1547
f 2013 	2015 	2011
f 4548 	4550 	1588
f 1588 	4550 	2020
f 1591 	1588 	2020
f 1440 	4965 	2021
f 2017 	2025 	2009
f 2009 	2010 	2017
f 3375 	617 	619
f 3375 	3360 	617
f 2764 	2197 	2022
f 2020 	788 	2028
f 1694 	1709 	1980
f 2020 	2028 	1591
f 2025 	2026 	2009
f 2011 	2009 	2026
f 1606 	2101 	1820
f 3431 	2547 	1821
f 2027 	2035 	1717
f 1820 	3350 	1821
f 218 	2547 	3435
f 2030 	1717 	1694
f 1717 	1982 	1983
f 1983 	2027 	1717
f 1985 	1982 	1717
f 1985 	1717 	2030
f 576 	575 	1844
f 1833 	1844 	1848
f 2826 	3014 	1683
f 2046 	1683 	2068
f 2017 	4748 	2031
f 1847 	1848 	988
f 2025 	2017 	2032
f 2031 	2032 	2017
f 1866 	1855 	2033
f 1854 	2033 	1855
f 1981 	1696 	2046
f 1981 	2046 	1983
f 1854 	988 	2033
f 1866 	835 	834
f 1983 	2046 	2027
f 2033 	835 	1866
f 1747 	1717 	2035
f 1816 	1815 	1807
f 2045 	2035 	2027
f 1815 	1808 	1807
f 1814 	1809 	1808
f 1814 	1808 	1815
f 1585 	1784 	2060
f 1569 	1784 	1585
f 1783 	2060 	1780
f 1813 	1810 	1809
f 1813 	1809 	1814
f 2115 	1748 	1747
f 1587 	2063 	1586
f 2064 	1586 	2063
f 1812 	1811 	1810
f 1812 	1810 	1813
f 2045 	2115 	2035
f 2064 	1034 	1586
f 1812 	1800 	1811
f 3182 	3180 	1980
f 1589 	2063 	1587
f 1980 	3180 	1694
f 2037 	1673 	2040
f 2036 	2037 	2042
f 2030 	1694 	3181
f 2039 	2040 	1673
f 2039 	1673 	2038
f 2042 	2037 	2041
f 2040 	2041 	2037
f 1060 	2043 	2044
f 2057 	2042 	2041
f 2062 	2039 	2038
f 2038 	1675 	1678
f 1034 	2064 	1035
f 2046 	2045 	2027
f 2062 	2038 	1678
f 2050 	1899 	1900
f 1900 	2051 	2050
f 2044 	2047 	1148
f 1149 	1148 	2047
f 1148 	1060 	2044
f 1677 	2680 	1678
f 1150 	1149 	2047
f 1150 	2047 	2048
f 2057 	2041 	2040
f 2065 	2055 	2052
f 1161 	2054 	1798
f 1957 	2065 	2052
f 2036 	1712 	2066
f 2066 	2067 	2036
f 2037 	2036 	2067
f 2052 	2051 	1958
f 2054 	1169 	1147
f 2067 	1687 	2037
f 1147 	1143 	2054
f 2053 	2042 	2056
f 2056 	2042 	2057
f 2058 	2131 	2055
f 2040 	2059 	2057
f 2059 	2040 	2061
f 2039 	2061 	2040
f 1956 	2131 	1960
f 2039 	2062 	2061
f 2055 	2065 	2058
f 1960 	2058 	2065
f 1960 	2065 	1969
f 2065 	1957 	1968
f 2057 	2059 	2104
f 2056 	2057 	2104
f 2053 	2056 	2104
f 2043 	1035 	2064
f 2059 	2061 	2104
f 2061 	2062 	2104
f 2104 	2062 	1678
f 2063 	1589 	2060
f 2067 	2066 	1712
f 2070 	2071 	2069
f 1730 	2069 	2071
f 1730 	2071 	2072
f 2073 	1727 	2072
f 1731 	1727 	2073
f 1585 	2060 	1589
f 2070 	2069 	2075
f 2074 	2075 	2069
f 1701 	2036 	2069
f 2069 	2036 	2074
f 2042 	2074 	2036
f 2080 	2072 	2071
f 2070 	2081 	2071
f 2074 	2084 	2075
f 2042 	2053 	2074
f 2069 	1730 	2087
f 1739 	2087 	1730
f 2087 	2088 	2069
f 2069 	2088 	1701
f 2957 	2047 	2044
f 2076 	3319 	2077
f 2078 	1732 	2073
f 1731 	2073 	1732
f 2091 	2092 	4574
f 2073 	2072 	2078
f 2079 	2078 	2072
f 2086 	2076 	2077
f 2072 	2080 	2079
f 2080 	2071 	2081
f 2075 	2083 	2070
f 2081 	2070 	2083
f 2075 	2084 	2083
f 2084 	2074 	2053
f 2077 	2085 	2086
f 1778 	2091 	1779
f 2054 	2959 	1798
f 2078 	2322 	1732
f 2078 	2079 	2322
f 2086 	2085 	2089
f 2079 	2080 	2322
f 2090 	2089 	2085
f 2104 	2322 	2081
f 2080 	2081 	2322
f 2081 	2083 	2104
f 2083 	2084 	2104
f 2053 	2104 	2084
f 2087 	1739 	2088
f 1739 	1736 	2088
f 2089 	2090 	2093
f 1735 	1705 	2088
f 2095 	1786 	1788
f 2076 	2096 	2082
f 2085 	2082 	2096
f 1110 	1433 	2094
f 4574 	1802 	2091
f 2123 	2126 	2097
f 2086 	2096 	2076
f 2098 	2099 	1795
f 1801 	1795 	2099
f 2085 	2096 	2100
f 2089 	2093 	2086
f 2096 	2086 	2093
f 2100 	2096 	2093
f 2101 	2028 	788
f 2095 	2102 	1794
f 2097 	1794 	2102
f 2102 	2108 	2097
f 1600 	2028 	2101
f 2093 	2085 	2100
f 2113 	2123 	2097
f 2093 	2090 	2085
f 2101 	788 	2103
f 2099 	2104 	1801
f 3350 	2101 	2103
f 791 	2106 	788
f 2111 	2050 	2051
f 1804 	1803 	2104
f 2109 	2107 	2108
f 2106 	2103 	788
f 2109 	2110 	2107
f 2052 	2055 	2082
f 2110 	2109 	2098
f 2099 	2098 	2109
f 3356 	2103 	2106
f 2097 	2108 	2107
f 2113 	2097 	2107
f 2111 	2051 	2052
f 2105 	1888 	1948
f 2092 	2112 	2106
f 2106 	791 	2092
f 4792 	2108 	2102
f 2111 	2052 	2082
f 2085 	2111 	2082
f 4849 	2104 	2109
f 2099 	2109 	2104
f 2077 	2111 	2085
f 2273 	2105 	1948
f 2110 	2116 	2107
f 2114 	2113 	2120
f 2116 	2120 	2113
f 2113 	2107 	2116
f 1885 	2273 	1948
f 2120 	2121 	2114
f 2117 	2114 	2121
f 3350 	1820 	2101
f 2121 	2122 	2117
f 2122 	2134 	2117
f 2119 	2117 	2134
f 1606 	1600 	2101
f 2115 	2652 	1664
f 2124 	2128 	2123
f 1433 	1878 	2094
f 2115 	2118 	2652
f 2125 	2130 	2124
f 2098 	2097 	2126
f 2127 	2137 	2125
f 2126 	2123 	2128
f 1747 	2035 	2115
f 2128 	2124 	2130
f 1878 	1822 	2094
f 2115 	2045 	2118
f 2098 	2126 	2110
f 2126 	2116 	2110
f 1649 	1728 	2115
f 1664 	1649 	2115
f 2128 	2120 	2126
f 2116 	2126 	2120
f 2082 	2055 	2131
f 1960 	2131 	2058
f 2131 	2076 	2082
f 2130 	2121 	2128
f 2120 	2128 	2121
f 2130 	2129 	2122
f 2130 	2122 	2121
f 2123 	2113 	2114
f 2123 	2114 	2124
f 2124 	2114 	2117
f 2124 	2117 	2125
f 2125 	2117 	2119
f 2125 	2119 	2127
f 2108 	4792 	2109
f 2665 	2133 	2131
f 1961 	2131 	1963
f 1879 	2132 	1880
f 2322 	2104 	4849
f 5093 	1562 	1533
f 1755 	1666 	2131
f 2129 	2125 	2137
f 1961 	1755 	2131
f 2122 	2129 	2137
f 2122 	2137 	2134
f 2137 	2136 	2135
f 2137 	2135 	2134
f 2273 	1885 	2132
f 2136 	2318 	2135
f 2318 	2143 	2135
f 2076 	2131 	2133
f 2134 	2135 	2119
f 2273 	2132 	1879
f 2143 	2138 	2135
f 2138 	2143 	2139
f 3017 	1188 	1899
f 2140 	2139 	2148
f 2148 	2149 	2140
f 2050 	2141 	1899
f 2147 	2142 	2151
f 2150 	2151 	2142
f 2149 	2150 	2142
f 2142 	2140 	2149
f 2151 	2152 	2147
f 2146 	2147 	2152
f 2145 	2146 	2152
f 2152 	2153 	2145
f 2144 	2145 	2153
f 1661 	1755 	1188
f 3021 	1188 	3017
f 1900 	1899 	1958
f 2156 	2158 	2155
f 2158 	2156 	2157
f 2156 	2318 	2157
f 2130 	2125 	2129
f 2159 	2160 	2170
f 2166 	2167 	2161
f 2163 	2164 	2162
f 2161 	2162 	2164
f 2164 	2165 	2161
f 2165 	2166 	2161
f 2160 	2161 	2167
f 2167 	2168 	2160
f 2168 	2170 	2160
f 2170 	2154 	2159
f 2158 	2159 	2154
f 2154 	2155 	2158
f 2156 	2155 	2148
f 2155 	2154 	2148
f 2143 	2156 	2148
f 2170 	2149 	2148
f 2170 	2148 	2154
f 2168 	2150 	2149
f 2168 	2149 	2170
f 2167 	2151 	2150
f 2167 	2150 	2168
f 2166 	2152 	2151
f 2166 	2151 	2167
f 2165 	2153 	2152
f 2165 	2152 	2166
f 2176 	2169 	2178
f 2173 	1333 	1832
f 911 	1832 	2175
f 1333 	2175 	1832
f 2175 	1333 	2173
f 2018 	2024 	2022
f 2173 	2177 	2175
f 1864 	1083 	2175
f 1864 	2175 	2177
f 2173 	1863 	2177
f 2267 	2178 	2179
f 1084 	1085 	2180
f 2182 	2180 	1085
f 2181 	4996 	1431
f 2184 	2180 	2183
f 2182 	2183 	2180
f 2184 	2185 	2186
f 2179 	2178 	2194
f 2183 	2185 	2184
f 2189 	1094 	2180
f 2187 	2179 	2178
f 2176 	2174 	2178
f 2187 	2178 	2174
f 119 	2181 	162
f 2174 	747 	746
f 2188 	2186 	2185
f 1084 	2180 	1094
f 2205 	759 	747
f 2184 	2190 	2180
f 2186 	2191 	2184
f 2181 	1440 	2021
f 2176 	746 	745
f 2176 	745 	2169
f 2188 	2171 	2186
f 162 	2181 	2023
f 2187 	2174 	746
f 2187 	746 	752
f 2187 	752 	751
f 2181 	2021 	2023
f 162 	2023 	114
f 777 	754 	2179
f 2178 	2179 	754
f 2189 	2180 	2190
f 2178 	754 	746
f 2178 	746 	2176
f 2190 	2184 	2191
f 2169 	745 	2198
f 2197 	2018 	2022
f 2172 	2191 	2186
f 2194 	2178 	2169
f 2169 	5053 	2194
f 5076 	765 	2194
f 2016 	2024 	2018
f 2192 	2195 	2193
f 2192 	1870 	2195
f 4836 	3068 	1896
f 1843 	1840 	2195
f 2193 	2222 	2349
f 2222 	2193 	2195
f 1875 	1883 	2199
f 1870 	1875 	2199
f 1849 	1870 	2199
f 2205 	782 	759
f 1846 	1849 	2199
f 2371 	2202 	2199
f 758 	2198 	745
f 5104 	2198 	758
f 1846 	2199 	2744
f 2199 	2202 	2203
f 2199 	2203 	2744
f 2174 	2204 	747
f 2197 	2196 	2200
f 2202 	2206 	2207
f 2201 	2197 	2200
f 2202 	2207 	2203
f 2208 	747 	2204
f 2197 	2201 	2018
f 747 	2208 	2205
f 2371 	2210 	2202
f 2206 	2202 	2212
f 2210 	2212 	2202
f 2212 	2215 	2207
f 2212 	2207 	2206
f 2218 	2214 	2219
f 2203 	2215 	2744
f 2176 	2216 	2204
f 2215 	2203 	2207
f 2349 	2350 	2193
f 2176 	2204 	2174
f 2217 	2218 	2219
f 2220 	2209 	2217
f 2220 	2217 	2219
f 2220 	2219 	2211
f 2310 	770 	2221
f 2019 	2308 	2034
f 2220 	2353 	2209
f 954 	2353 	2220
f 2223 	2029 	5005
f 1882 	891 	1254
f 954 	2220 	2335
f 5005 	276 	2223
f 1325 	1889 	1254
f 1895 	1325 	1904
f 1929 	1904 	1010
f 2226 	1223 	1664
f 1919 	1003 	1918
f 1002 	1918 	1003
f 2250 	2223 	276
f 1924 	1007 	1919
f 1988 	1008 	1007
f 1988 	1007 	1924
f 1929 	1010 	1988
f 2642 	1632 	2226
f 1010 	1009 	1988
f 2032 	2229 	2025
f 2026 	2025 	2229
f 2227 	1916 	1915
f 1920 	1922 	1915
f 2227 	1915 	1922
f 1920 	1915 	1917
f 1922 	1921 	2228
f 1922 	2228 	2227
f 2642 	2226 	2676
f 1328 	2243 	2245
f 1328 	2246 	2243
f 1328 	2253 	2252
f 1328 	2255 	2254
f 2253 	1328 	2254
f 2233 	2234 	2232
f 2235 	2232 	2234
f 2240 	2241 	449
f 2236 	449 	2241
f 2230 	2031 	193
f 2032 	2031 	2230
f 2032 	2230 	2231
f 2229 	2231 	2266
f 2240 	449 	2249
f 2034 	2249 	449
f 2248 	2239 	2247
f 2240 	2249 	450
f 2250 	450 	2249
f 450 	2241 	2240
f 2239 	2237 	2247
f 2229 	2032 	2231
f 2278 	2290 	2269
f 2257 	2232 	2244
f 2244 	2247 	2242
f 450 	2605 	2241
f 2258 	2256 	1328
f 1328 	2259 	2258
f 2260 	2248 	2244
f 2034 	2308 	2307
f 2244 	2248 	2247
f 2307 	2249 	2034
f 2259 	1328 	2261
f 2260 	2244 	2232
f 2446 	2248 	2260
f 276 	450 	2250
f 2263 	2251 	2306
f 2264 	2235 	2234
f 2249 	2307 	2269
f 1328 	2245 	2251
f 2314 	2268 	2313
f 2263 	1328 	2251
f 2306 	2424 	2263
f 2246 	1328 	2252
f 2216 	2178 	2267
f 2256 	2255 	1328
f 1328 	2262 	2261
f 1880 	1125 	1118
f 2892 	2305 	2269
f 1328 	2263 	2262
f 2178 	2216 	2176
f 2187 	5059 	2179
f 2272 	1320 	2271
f 2275 	2276 	1320
f 2272 	2275 	1320
f 2276 	2277 	1320
f 2277 	1666 	1320
f 2270 	2014 	2004
f 2105 	1463 	1835
f 2014 	4714 	2004
f 2273 	1463 	2105
f 2004 	2013 	2011
f 2004 	2011 	2270
f 569 	532 	2278
f 2277 	2280 	1666
f 1666 	2283 	2131
f 2014 	2270 	2279
f 2205 	2343 	5127
f 2282 	2131 	2281
f 1834 	1857 	1948
f 2465 	2282 	2281
f 2283 	1666 	2280
f 2281 	2131 	2283
f 2280 	2465 	2283
f 2281 	2283 	2465
f 1879 	1823 	2273
f 2026 	2270 	2011
f 2286 	2131 	2285
f 2289 	2284 	2131
f 2285 	2131 	2284
f 2286 	2288 	2131
f 2288 	2287 	2131
f 2291 	2292 	2287
f 532 	2290 	2278
f 2289 	2131 	2282
f 2290 	2296 	2223
f 1463 	2273 	1823
f 2292 	2545 	2287
f 2295 	2545 	2292
f 2279 	2270 	2026
f 1885 	1857 	1467
f 2293 	2294 	2545
f 1885 	1948 	1857
f 2131 	2287 	2545
f 1467 	2132 	1885
f 2486 	2294 	2293
f 2293 	2295 	2486
f 1948 	1888 	1834
f 2292 	2486 	2295
f 1075 	1433 	1869
f 2294 	2297 	2545
f 2297 	2298 	1320
f 2268 	2314 	2221
f 2315 	2310 	2221
f 2229 	2279 	2026
f 2298 	2299 	1320
f 2271 	1320 	2299
f 2223 	2250 	2290
f 2029 	2223 	2296
f 764 	2194 	765
f 1110 	2094 	1818
f 2014 	2279 	2019
f 1467 	1880 	2132
f 1818 	1869 	1110
f 2245 	2243 	2302
f 2250 	2249 	2290
f 2243 	2246 	2434
f 2434 	2246 	2300
f 1818 	2094 	1822
f 628 	604 	2304
f 2303 	2304 	604
f 2305 	2303 	604
f 2245 	2302 	2251
f 1880 	1467 	1819
f 2302 	2306 	2251
f 569 	2305 	604
f 2278 	2305 	569
f 2279 	2229 	2308
f 2213 	2362 	2225
f 1837 	1834 	1888
f 2359 	1930 	2224
f 2195 	2753 	2222
f 2214 	2213 	2225
f 2164 	2144 	2153
f 2164 	2153 	2165
f 2163 	2145 	2144
f 2163 	2144 	2164
f 2219 	2214 	2225
f 2162 	2146 	2145
f 2162 	2145 	2163
f 2225 	2312 	2219
f 2127 	2119 	2138
f 2127 	2138 	2157
f 5123 	2360 	2365
f 2157 	2138 	2139
f 2157 	2139 	2158
f 2353 	954 	957
f 2140 	2158 	2139
f 4205 	4193 	908
f 2162 	2161 	2147
f 2162 	2147 	2146
f 2225 	2340 	2312
f 2140 	2159 	2158
f 2142 	2159 	2140
f 2267 	2313 	2268
f 2161 	2142 	2147
f 2315 	2221 	2314
f 2160 	2159 	2142
f 2161 	2160 	2142
f 2148 	2139 	2143
f 2119 	2135 	2138
f 2309 	1054 	918
f 2136 	2137 	2127
f 2136 	2127 	2318
f 2157 	2318 	2127
f 2313 	2267 	2179
f 2211 	2311 	2317
f 2318 	2156 	2143
f 2319 	1835 	2321
f 764 	770 	2310
f 2314 	2313 	2315
f 764 	2310 	2194
f 2320 	980 	4836
f 2313 	2179 	2194
f 981 	2322 	4838
f 2324 	1835 	2323
f 2194 	2315 	2313
f 2315 	2194 	2310
f 2320 	2322 	983
f 2225 	2224 	2340
f 782 	2205 	5127
f 2320 	983 	980
f 979 	2320 	4836
f 2211 	2312 	2311
f 976 	928 	2320
f 2320 	979 	970
f 2219 	2312 	2211
f 2228 	2326 	2227
f 2326 	2327 	2227
f 2325 	2227 	2327
f 2327 	2328 	2325
f 2330 	2331 	2332
f 2335 	2211 	2317
f 2316 	2335 	2317
f 2472 	2336 	2337
f 2334 	2338 	2336
f 953 	2335 	2316
f 2211 	2335 	2220
f 2713 	2709 	194
f 953 	954 	2335
f 961 	953 	2316
f 2375 	192 	2274
f 2339 	2338 	2342
f 5128 	5127 	2343
f 2343 	5129 	5128
f 2347 	5129 	2343
f 2345 	2341 	2339
f 2224 	1930 	1940
f 1119 	2348 	1168
f 2353 	2351 	2209
f 2352 	2209 	2351
f 2222 	2348 	2349
f 2354 	2355 	2351
f 2354 	2351 	2353
f 1124 	2350 	1119
f 2348 	1119 	2350
f 2353 	957 	2328
f 2327 	2354 	2328
f 2354 	2353 	2328
f 2348 	2350 	2349
f 2358 	2359 	2361
f 2350 	1120 	1864
f 2350 	1124 	1120
f 2224 	2225 	2362
f 1835 	2319 	2323
f 2363 	2361 	2359
f 1864 	2357 	2350
f 2359 	2358 	2364
f 2357 	2193 	2350
f 2224 	2362 	2359
f 2363 	2359 	2362
f 1863 	2193 	2357
f 1921 	1930 	2364
f 2212 	2210 	2215
f 2210 	2366 	2215
f 2367 	2215 	2366
f 1861 	2370 	2371
f 2959 	2966 	2368
f 2312 	2372 	2311
f 2371 	2370 	2381
f 2762 	2380 	2370
f 2380 	2381 	2370
f 2312 	2340 	2372
f 2375 	2374 	193
f 2387 	2372 	2340
f 2340 	2224 	2376
f 1859 	1858 	2199
f 1861 	2199 	1858
f 1861 	2371 	2199
f 2377 	2378 	2379
f 2367 	2366 	2371
f 2367 	2371 	2381
f 2559 	2369 	2382
f 2366 	2210 	2371
f 2215 	2367 	2381
f 2376 	1940 	2559
f 2378 	2377 	2381
f 2378 	2381 	2380
f 2945 	2946 	2044
f 1940 	2376 	2224
f 2941 	2945 	2043
f 2384 	2382 	2383
f 2744 	2215 	2381
f 2369 	2383 	2382
f 2047 	2971 	2048
f 2391 	2381 	2390
f 2389 	2390 	2381
f 2389 	2381 	2377
f 2391 	1862 	2381
f 2392 	2389 	2377
f 2393 	2377 	2379
f 2394 	2392 	2377
f 2393 	2394 	2377
f 2396 	2397 	2395
f 2386 	2395 	2397
f 2343 	2205 	2941
f 4836 	2388 	2397
f 2397 	2388 	2387
f 2941 	2347 	2343
f 2386 	2397 	2387
f 1085 	1094 	2182
f 2204 	2945 	2208
f 2216 	2945 	2204
f 2385 	2399 	2386
f 2398 	2386 	2399
f 2386 	2398 	2401
f 2400 	2386 	2401
f 1094 	2189 	2182
f 2183 	2182 	2190
f 2189 	2190 	2182
f 4844 	2395 	2386
f 2185 	2183 	2190
f 2191 	2185 	2190
f 2171 	2188 	2172
f 2188 	2185 	2172
f 2191 	2172 	2185
f 1858 	1859 	2403
f 2416 	2402 	2386
f 2400 	2416 	2386
f 2959 	2368 	2365
f 2385 	2400 	2399
f 2401 	2399 	2400
f 2339 	2484 	2345
f 2386 	2405 	2385
f 2404 	2385 	2405
f 2970 	2971 	2268
f 2405 	2386 	2387
f 2405 	2387 	2376
f 2387 	2340 	2376
f 2444 	2339 	2406
f 2405 	2376 	2404
f 2967 	2969 	2268
f 2559 	2382 	2404
f 2376 	2559 	2404
f 2384 	2408 	2382
f 2404 	2382 	2408
f 2341 	2407 	2406
f 2406 	2339 	2341
f 2404 	2409 	2416
f 2339 	2444 	2338
f 2423 	2409 	2404
f 2369 	2423 	2404
f 2237 	2239 	2411
f 2404 	2408 	2383
f 2404 	2383 	2369
f 2336 	2338 	2337
f 2413 	2337 	2338
f 2412 	987 	981
f 2411 	2410 	2407
f 2341 	2411 	2407
f 2413 	2473 	2337
f 2409 	2402 	2416
f 112 	101 	2418
f 2415 	112 	2418
f 104 	112 	2415
f 2400 	2385 	2416
f 2404 	2416 	2385
f 2415 	2420 	112
f 2419 	101 	2420
f 2205 	2208 	2941
f 2415 	112 	2421
f 2262 	2263 	2424
f 2418 	2417 	2419
f 2418 	2419 	2420
f 2426 	2419 	2420
f 2420 	2419 	2428
f 2427 	2428 	2419
f 2419 	2426 	2430
f 2419 	2430 	2427
f 2427 	2431 	2432
f 2306 	2429 	2424
f 2430 	2428 	2427
f 2429 	2306 	2425
f 2413 	2431 	2475
f 2302 	2425 	2306
f 2406 	2407 	2433
f 2243 	2434 	2302
f 2436 	2407 	2435
f 2407 	2436 	2433
f 2407 	2410 	2435
f 2966 	2967 	2221
f 2435 	2437 	2436
f 2970 	2268 	2969
f 2411 	2239 	2410
f 2460 	2434 	2300
f 2410 	2438 	2435
f 2344 	2346 	2958
f 2439 	2301 	2261
f 2262 	2439 	2261
f 2262 	2424 	2439
f 2427 	2406 	2433
f 2429 	2439 	2424
f 2449 	2428 	2433
f 2427 	2433 	2428
f 2445 	2427 	2432
f 2494 	2301 	2439
f 2436 	2437 	2444
f 2436 	2444 	2427
f 2427 	2445 	2431
f 2453 	2474 	2436
f 2427 	2453 	2436
f 2432 	2431 	2445
f 2445 	2454 	2431
f 2452 	2437 	2474
f 2444 	2437 	2452
f 2435 	2474 	2437
f 2446 	2260 	2443
f 2427 	2444 	2406
f 2254 	2255 	2533
f 2447 	2248 	2446
f 2338 	2444 	2445
f 2447 	2239 	2248
f 2410 	2239 	2438
f 2431 	2413 	2445
f 2338 	2445 	2413
f 2448 	2418 	2428
f 2420 	2428 	2418
f 2428 	2430 	2420
f 2426 	2420 	2430
f 2533 	2525 	2254
f 2253 	2254 	2525
f 2449 	2415 	2418
f 2449 	2418 	2448
f 2449 	104 	2415
f 2415 	2449 	2428
f 2415 	2428 	2420
f 2449 	2415 	2421
f 2449 	436 	104
f 2448 	2428 	2449
f 2453 	2450 	2452
f 2451 	2452 	2450
f 2447 	2438 	2239
f 2435 	2438 	2521
f 2260 	2232 	2450
f 2272 	2271 	2429
f 2450 	2443 	2260
f 2235 	2264 	2454
f 2235 	2454 	2451
f 2429 	2425 	2272
f 2235 	2451 	2232
f 2450 	2232 	2451
f 2300 	2464 	2460
f 2425 	2302 	2456
f 2434 	2456 	2302
f 2434 	2460 	2456
f 2518 	436 	2449
f 2435 	2524 	2436
f 2519 	2464 	2253
f 358 	2542 	353
f 1354 	1355 	2457
f 2275 	2425 	2276
f 2456 	2276 	2425
f 2450 	2428 	2455
f 2458 	1354 	2457
f 2275 	2272 	2425
f 2421 	353 	2449
f 2265 	2455 	2422
f 2455 	2449 	2422
f 2440 	2455 	2265
f 2441 	2455 	2440
f 2441 	2442 	2455
f 2459 	2461 	2463
f 2462 	2463 	2461
f 2518 	2524 	2455
f 2462 	1354 	2458
f 2253 	2525 	2519
f 2456 	2460 	2277
f 2456 	2277 	2276
f 2462 	2458 	2463
f 2455 	2442 	2466
f 2455 	2466 	2518
f 2465 	2460 	2464
f 2277 	2460 	2280
f 2465 	2280 	2460
f 2459 	2463 	2467
f 2468 	2233 	2470
f 2755 	2756 	2457
f 2458 	2471 	2463
f 2467 	2463 	2471
f 2457 	2756 	2458
f 2472 	2473 	2468
f 2264 	2233 	2473
f 2468 	2473 	2233
f 2233 	2264 	2234
f 2282 	2465 	2469
f 2453 	2452 	2474
f 2454 	2264 	2475
f 2473 	2475 	2264
f 1355 	2755 	2457
f 2478 	2479 	2476
f 2759 	2755 	1355
f 2342 	2478 	2476
f 2257 	2476 	2479
f 2285 	2284 	2480
f 2285 	2480 	2286
f 2477 	2286 	2480
f 2479 	2478 	2468
f 2334 	2468 	2478
f 2470 	2479 	2468
f 2481 	2287 	2288
f 2336 	2472 	2334
f 1360 	2482 	2789
f 2468 	2334 	2472
f 2288 	2286 	2481
f 2477 	2481 	2286
f 2338 	2334 	2478
f 2479 	2470 	2233
f 2469 	2480 	2289
f 2284 	2289 	2480
f 2242 	2483 	2484
f 2289 	2282 	2469
f 2291 	2287 	2481
f 2759 	1355 	1360
f 2292 	2291 	2485
f 2481 	2485 	2291
f 2242 	2247 	2483
f 2789 	2759 	1360
f 2484 	2244 	2242
f 2292 	2485 	2486
f 2488 	1361 	2487
f 1360 	2487 	1361
f 2497 	1360 	1362
f 2301 	2489 	2490
f 2499 	1362 	1354
f 2483 	2247 	2237
f 2478 	2342 	2338
f 2489 	2486 	2490
f 2297 	2294 	2489
f 2476 	2484 	2342
f 2491 	2488 	2487
f 2486 	2489 	2294
f 2479 	2233 	2257
f 2487 	2493 	2491
f 2492 	2491 	2493
f 2439 	2429 	2494
f 2492 	2497 	2496
f 2493 	2497 	2492
f 2495 	2496 	2497
f 2487 	2497 	2493
f 2484 	2339 	2342
f 2498 	2495 	2497
f 2301 	2494 	2489
f 2497 	2487 	1360
f 2476 	2257 	2484
f 2484 	2257 	2244
f 1362 	2499 	2497
f 2232 	2257 	2233
f 2499 	1354 	2462
f 2341 	2345 	2483
f 2461 	2499 	2462
f 2537 	2258 	2490
f 2259 	2490 	2258
f 2500 	2498 	2497
f 2499 	2809 	2495
f 2345 	2484 	2483
f 2495 	2497 	2499
f 2259 	2261 	2490
f 2237 	2411 	2501
f 2483 	2501 	2341
f 2411 	2341 	2501
f 2490 	2261 	2301
f 2483 	2237 	2501
f 2333 	2558 	2329
f 2271 	2299 	2429
f 2494 	2429 	2299
f 2472 	2337 	2473
f 2503 	2510 	2512
f 2413 	2475 	2473
f 1881 	1617 	2503
f 2503 	1617 	1619
f 1821 	2510 	2503
f 2427 	2450 	2453
f 2435 	2436 	2474
f 2503 	1820 	1821
f 2557 	2323 	2319
f 2445 	2444 	2454
f 2475 	2431 	2454
f 1619 	1820 	2503
f 2451 	2454 	2452
f 2452 	2454 	2444
f 2489 	2494 	2297
f 2298 	2297 	2494
f 2505 	2506 	2504
f 2422 	2449 	353
f 2324 	2323 	2557
f 2507 	2504 	2506
f 2508 	2504 	2507
f 2509 	2504 	2508
f 1821 	2511 	2510
f 2537 	2256 	2258
f 2513 	2512 	2510
f 2513 	2510 	2511
f 2513 	2511 	2514
f 2427 	2428 	2450
f 2449 	2455 	2428
f 2516 	2517 	2515
f 2517 	2513 	2515
f 2514 	2515 	2513
f 2199 	1883 	2512
f 1883 	1881 	2512
f 2503 	2512 	1881
f 2298 	2494 	2299
f 2464 	2519 	2465
f 2513 	2522 	2512
f 2549 	2512 	2522
f 2519 	2469 	2465
f 2522 	2513 	2517
f 2524 	2435 	2521
f 2516 	2526 	2517
f 2522 	2517 	2526
f 2523 	2522 	2526
f 2516 	2515 	2526
f 2477 	2480 	2525
f 2480 	2469 	2519
f 2105 	2529 	1888
f 2530 	2531 	2527
f 2519 	2525 	2480
f 2529 	2105 	2532
f 2530 	2527 	2528
f 2525 	2533 	2477
f 2534 	2531 	2530
f 2534 	2530 	2535
f 2557 	2532 	2105
f 2481 	2477 	2533
f 2438 	2520 	2521
f 2485 	2481 	2536
f 2533 	2536 	2481
f 2529 	1837 	1888
f 2536 	2537 	2485
f 2433 	2436 	2524
f 2509 	2527 	2531
f 2509 	2531 	2534
f 1609 	2504 	2535
f 2504 	2509 	2535
f 2534 	2535 	2509
f 2450 	2455 	2524
f 2530 	2528 	2186
f 2490 	2486 	2537
f 2521 	2443 	2524
f 2521 	2520 	2446
f 2486 	2485 	2537
f 2530 	2538 	2539
f 2530 	2539 	2535
f 2520 	2447 	2446
f 2535 	2539 	1609
f 3547 	2540 	2105
f 2246 	2252 	2464
f 2446 	2443 	2521
f 2530 	2186 	2171
f 2530 	2171 	2538
f 2246 	2464 	2300
f 2438 	2447 	2520
f 2527 	2509 	2508
f 2528 	2527 	2508
f 2252 	2253 	2464
f 2524 	2443 	2450
f 2186 	2528 	2506
f 2507 	2506 	2528
f 2507 	2528 	2508
f 2536 	2255 	2256
f 2524 	2518 	2449
f 2505 	2172 	2506
f 2186 	2506 	2172
f 2449 	2433 	2524
f 2255 	2536 	2533
f 1609 	2539 	2504
f 2542 	2543 	2440
f 2265 	2422 	2542
f 2440 	2265 	2542
f 2538 	2505 	2539
f 2505 	2504 	2539
f 2440 	2543 	2441
f 2442 	2441 	2543
f 2172 	2505 	2538
f 2172 	2538 	2171
f 2543 	2466 	2442
f 2514 	2523 	2526
f 2514 	2526 	2515
f 2403 	2373 	1858
f 2422 	353 	2542
f 2373 	2403 	2546
f 2537 	2536 	2256
f 2545 	2297 	1320
f 2512 	2403 	1859
f 2199 	2512 	1859
f 2293 	2545 	2295
f 1320 	1627 	2545
f 2544 	10 	2637
f 2512 	2549 	2403
f 2547 	2546 	2403
f 2652 	2676 	2226
f 2652 	2226 	1664
f 2545 	2665 	2131
f 2547 	218 	2546
f 2547 	2403 	2549
f 2522 	2523 	2549
f 2523 	2514 	2549
f 2514 	2511 	2549
f 2547 	2549 	2511
f 2370 	2373 	2546
f 2502 	2329 	2548
f 2380 	2391 	2390
f 2380 	2390 	2389
f 2392 	2394 	2378
f 2389 	2392 	2378
f 2379 	2378 	2393
f 2380 	2389 	2378
f 2391 	2552 	1862
f 2552 	2391 	2390
f 2555 	1862 	2552
f 2389 	2552 	2390
f 2540 	2557 	2105
f 2552 	2389 	2556
f 2392 	2556 	2389
f 2393 	2378 	2394
f 3603 	1131 	1130
f 2668 	2554 	2667
f 2562 	2563 	2561
f 659 	643 	2563
f 2564 	2562 	2561
f 614 	3400 	1130
f 2566 	878 	1175
f 3458 	3659 	2825
f 1175 	2601 	2566
f 2564 	2561 	2567
f 2558 	2548 	2329
f 1964 	2414 	2409
f 2744 	2569 	1846
f 1964 	1986 	2414
f 1306 	1321 	2570
f 2423 	1964 	2409
f 2570 	1321 	2569
f 2369 	1978 	2423
f 1986 	4900 	2414
f 2395 	980 	2396
f 979 	2396 	980
f 1187 	879 	2570
f 2333 	2541 	2558
f 2576 	2574 	3198
f 2566 	1298 	600
f 2574 	2576 	2577
f 2578 	2579 	2328
f 2577 	2328 	2579
f 2574 	2577 	2579
f 1052 	2572 	2571
f 600 	878 	2566
f 2356 	2502 	2548
f 2588 	2586 	2587
f 2550 	2356 	2548
f 1298 	2566 	2573
f 2344 	2958 	2360
f 2571 	1040 	1052
f 1055 	1040 	2571
f 2590 	2589 	2591
f 2321 	1837 	2529
f 2529 	2319 	2321
f 3004 	2996 	2274
f 2319 	2529 	2532
f 2593 	2571 	2572
f 2590 	1261 	1187
f 2557 	2319 	2532
f 2593 	2572 	2583
f 2570 	2569 	2590
f 2540 	2324 	2557
f 1187 	2570 	2590
f 1054 	2309 	1896
f 2329 	2502 	2594
f 2356 	2595 	2596
f 292 	291 	2679
f 2571 	2680 	2606
f 2592 	292 	2679
f 2596 	2594 	2502
f 2307 	2308 	2266
f 2356 	2598 	2595
f 2279 	2308 	2019
f 2597 	2602 	2601
f 2604 	2569 	2744
f 2238 	2886 	2713
f 2303 	2906 	2304
f 2305 	2906 	2303
f 2249 	2269 	2290
f 2238 	2236 	2605
f 194 	449 	2713
f 2502 	2356 	2596
f 2607 	2608 	2609
f 2583 	2607 	2609
f 2609 	2593 	2583
f 2229 	2266 	2308
f 2610 	2605 	452
f 2612 	2613 	1042
f 2607 	4829 	2608
f 450 	452 	2605
f 2614 	2599 	2611
f 1042 	2918 	2612
f 2612 	2617 	2613
f 2600 	2627 	2623
f 2610 	452 	457
f 2612 	2616 	2617
f 2610 	457 	2615
f 2615 	457 	471
f 2615 	471 	2624
f 2624 	290 	297
f 2599 	2614 	2620
f 2604 	2625 	2589
f 2589 	2590 	2604
f 2589 	2625 	2591
f 2590 	2569 	2604
f 2620 	2621 	2627
f 2627 	2621 	2623
f 2587 	2581 	2588
f 2580 	2588 	2581
f 2630 	2619 	2628
f 1990 	1991 	2613
f 1991 	3312 	2613
f 2584 	2582 	3275
f 2617 	1990 	2613
f 2616 	2632 	2633
f 2563 	2562 	2564
f 2563 	2564 	2634
f 2620 	2627 	2599
f 2618 	2628 	2622
f 2618 	137 	2628
f 2633 	2617 	2616
f 2565 	2634 	2567
f 2560 	2634 	2565
f 2635 	2634 	2560
f 2564 	2567 	2634
f 2578 	2636 	2579
f 2619 	2622 	2628
f 2574 	2579 	2580
f 2580 	2579 	2588
f 2633 	2632 	2091
f 10 	2644 	2637
f 2665 	2553 	2675
f 2644 	2645 	2639
f 2639 	2637 	2644
f 10 	36 	2644
f 2798 	2644 	36
f 2545 	1627 	2553
f 2645 	2644 	2798
f 2799 	2645 	2798
f 2614 	2611 	2655
f 2639 	2645 	2650
f 2650 	2645 	2656
f 2656 	2657 	2651
f 2658 	2654 	2652
f 2651 	2650 	2656
f 2653 	2651 	2657
f 2118 	2658 	2652
f 2118 	2045 	2658
f 2657 	2659 	2653
f 2659 	2554 	2551
f 2659 	2551 	2653
f 2799 	2649 	2656
f 2661 	2656 	2649
f 2645 	2799 	2656
f 2663 	2657 	2662
f 2656 	2662 	2657
f 2661 	2662 	2656
f 2822 	2659 	2664
f 2664 	2659 	2666
f 2663 	2666 	2657
f 2659 	2657 	2666
f 2545 	2553 	2665
f 2667 	2554 	2659
f 2822 	2667 	2659
f 2560 	2554 	2668
f 2076 	2133 	2660
f 2611 	2595 	2598
f 2669 	2674 	2660
f 2665 	2669 	2660
f 2611 	2947 	2595
f 2665 	2675 	2669
f 2598 	2655 	2611
f 2665 	2660 	2133
f 2605 	2610 	2677
f 2677 	2610 	2673
f 2669 	2675 	2674
f 2615 	2673 	2610
f 2673 	2615 	2719
f 2638 	2646 	2640
f 2640 	2646 	2648
f 2994 	2674 	2675
f 2624 	2719 	2615
f 2647 	2646 	2638
f 297 	2685 	2624
f 2648 	2641 	2640
f 2670 	2641 	2648
f 2670 	2643 	2641
f 2654 	2658 	2678
f 2654 	2678 	2676
f 2652 	2654 	2676
f 2658 	3578 	2678
f 1765 	2680 	2571
f 2681 	2682 	2683
f 2553 	1627 	2691
f 2624 	2685 	2719
f 1631 	1630 	2699
f 2572 	2603 	2684
f 2691 	1627 	2687
f 1627 	1631 	2687
f 2687 	1631 	2699
f 2702 	2640 	2688
f 2679 	291 	2686
f 3041 	2686 	291
f 2641 	2688 	2640
f 5118 	2701 	595
f 2641 	2643 	2688
f 2643 	2692 	2688
f 2648 	2693 	2670
f 2693 	2695 	2670
f 2685 	297 	2696
f 2693 	2697 	2695
f 2695 	2643 	2670
f 2699 	2694 	2698
f 2643 	2695 	2692
f 297 	290 	527
f 2697 	2692 	2695
f 2699 	1630 	2694
f 2693 	2688 	2697
f 2691 	2700 	2723
f 2688 	2692 	2697
f 3000 	3004 	2274
f 2691 	2699 	2700
f 2691 	2687 	2699
f 2640 	2702 	2638
f 2690 	2703 	2689
f 1632 	2943 	2694
f 2702 	2688 	2693
f 2694 	1630 	1632
f 2274 	2592 	3000
f 2690 	2704 	2703
f 2703 	2704 	2948
f 2703 	2948 	2706
f 2648 	2705 	2693
f 2702 	2705 	3091
f 2705 	2702 	2693
f 2689 	2708 	2690
f 2710 	2711 	3184
f 2709 	2701 	5118
f 2708 	2704 	2690
f 2707 	2708 	2689
f 2716 	2707 	2703
f 2689 	2703 	2707
f 2706 	2716 	2703
f 2673 	2719 	2729
f 2720 	2694 	2986
f 2717 	2722 	3200
f 3200 	2718 	2717
f 2999 	2592 	2679
f 2724 	2720 	2725
f 2724 	2698 	2720
f 2724 	2699 	2698
f 2701 	3111 	3113
f 2698 	2694 	2720
f 2724 	2723 	2700
f 2718 	2711 	2717
f 2699 	2724 	2700
f 2714 	2722 	2710
f 2722 	2714 	2721
f 2711 	2710 	2722
f 2723 	3104 	3079
f 2722 	2717 	2711
f 2727 	3104 	2723
f 2711 	2718 	2715
f 2566 	2601 	2629
f 2602 	2626 	2629
f 2602 	2597 	2626
f 2601 	2602 	2629
f 2573 	2566 	2629
f 2729 	2726 	2673
f 2677 	2673 	2726
f 2731 	2714 	3191
f 3049 	2726 	2729
f 2495 	2500 	2497
f 2733 	2495 	2732
f 2734 	2496 	2495
f 2735 	2495 	2737
f 2734 	2495 	2735
f 2495 	2733 	2734
f 2461 	2809 	2499
f 3234 	2721 	2736
f 2500 	2495 	2741
f 2739 	2741 	2495
f 2495 	2742 	2737
f 2742 	2495 	2743
f 2753 	1840 	2740
f 2743 	2495 	2734
f 2745 	2746 	2739
f 2741 	2739 	2746
f 2814 	2739 	2809
f 2495 	2809 	2739
f 2740 	1317 	2573
f 2381 	1862 	2744
f 2745 	2739 	361
f 2814 	361 	2739
f 2744 	2747 	2748
f 2744 	2748 	2782
f 2731 	2721 	2714
f 2467 	2471 	2749
f 2500 	2751 	2750
f 2498 	2500 	2750
f 2471 	2750 	2749
f 2749 	2750 	2751
f 1862 	2555 	2747
f 2751 	2500 	2752
f 2721 	2731 	2736
f 2748 	2747 	2555
f 2500 	2741 	2752
f 2730 	2738 	2731
f 2736 	2731 	2738
f 1013 	284 	2754
f 3155 	2684 	2603
f 2195 	1840 	2753
f 2756 	2757 	2458
f 2471 	2458 	2757
f 2471 	2757 	2758
f 3091 	2738 	3074
f 2826 	1683 	2348
f 2222 	2826 	2348
f 2391 	2380 	2762
f 2390 	2391 	2762
f 2762 	2389 	2390
f 2389 	2762 	2392
f 2761 	2392 	2762
f 2748 	2762 	2761
f 2764 	2022 	2024
f 2555 	2552 	2762
f 2555 	2762 	2748
f 2765 	2196 	2197
f 2761 	2762 	2556
f 2556 	2762 	2552
f 2763 	2766 	2769
f 2763 	2769 	2765
f 1778 	1781 	2091
f 2759 	2760 	2756
f 2769 	2196 	2765
f 2755 	2759 	2756
f 2197 	2764 	2765
f 2793 	2767 	2768
f 2793 	2768 	2771
f 2770 	2771 	2768
f 1827 	2852 	2370
f 2762 	2370 	2761
f 2771 	2770 	2772
f 2757 	2771 	2772
f 2757 	2772 	2758
f 2370 	2852 	2857
f 2760 	2757 	2756
f 2760 	2771 	2757
f 2768 	2471 	2770
f 2773 	2471 	2768
f 2787 	2765 	2790
f 2758 	2772 	2471
f 2772 	2770 	2471
f 2629 	2803 	2774
f 2765 	2764 	2790
f 2763 	2765 	2787
f 2776 	2806 	2775
f 2776 	2775 	2467
f 2459 	2467 	2775
f 2777 	2806 	2776
f 2777 	2808 	2806
f 2573 	2629 	2774
f 2740 	2573 	2774
f 2780 	2781 	2779
f 2778 	2779 	2781
f 2748 	2761 	2782
f 2777 	2749 	2779
f 2777 	2776 	2749
f 2782 	2860 	2849
f 2776 	2467 	2749
f 2783 	2779 	2749
f 2780 	2768 	2781
f 2767 	2781 	2768
f 2780 	2779 	2768
f 2779 	2783 	2768
f 2773 	2768 	2783
f 2781 	2767 	2773
f 2783 	2778 	2773
f 2781 	2773 	2778
f 2604 	2744 	2782
f 118 	2754 	1018
f 2791 	2782 	2795
f 2754 	1359 	1002
f 2024 	2619 	2764
f 2785 	2754 	118
f 2787 	2200 	2786
f 2786 	2788 	2787
f 2754 	2785 	2789
f 2200 	2196 	2786
f 2784 	2789 	2785
f 2482 	1359 	2754
f 2787 	2201 	2200
f 2754 	2789 	2482
f 2789 	2784 	2759
f 2018 	2201 	2790
f 2784 	2760 	2759
f 2201 	2787 	2790
f 2604 	2782 	2791
f 2604 	2791 	2625
f 2792 	2793 	2794
f 2784 	1548 	2793
f 2793 	1548 	2794
f 2767 	2793 	2792
f 2787 	2788 	2766
f 2784 	2771 	2760
f 2784 	2793 	2771
f 2773 	2767 	2792
f 2791 	2795 	2625
f 2792 	2750 	2773
f 2794 	2750 	2792
f 1553 	2750 	2794
f 2471 	2773 	2750
f 2790 	2016 	2018
f 1560 	2498 	1553
f 2750 	1553 	2498
f 2495 	2498 	120
f 1560 	120 	2498
f 2630 	2016 	2790
f 2749 	2751 	2797
f 2778 	2783 	2797
f 2749 	2797 	2783
f 2635 	2560 	2668
f 2635 	2668 	2667
f 2635 	2667 	2664
f 2635 	2664 	2666
f 2635 	2666 	2663
f 2635 	2663 	2662
f 2635 	2662 	2661
f 2635 	2661 	2649
f 1560 	2797 	2751
f 2649 	2799 	2800
f 1564 	1559 	2752
f 2752 	1559 	2751
f 2796 	2891 	2774
f 120 	2732 	2495
f 2799 	2798 	2801
f 1559 	1564 	2809
f 2800 	2799 	2802
f 2801 	2802 	2799
f 2779 	2778 	2808
f 2801 	660 	2563
f 2802 	2801 	2634
f 2563 	2634 	2801
f 2808 	2777 	2779
f 2803 	2629 	2626
f 2626 	2796 	2803
f 2803 	2796 	2774
f 2891 	2887 	2774
f 2805 	2804 	685
f 383 	1564 	2752
f 2752 	2741 	383
f 2746 	383 	2741
f 2805 	2832 	2804
f 671 	2873 	3666
f 2775 	2806 	2459
f 2805 	685 	2812
f 2812 	2811 	2805
f 2804 	671 	685
f 2804 	2840 	671
f 2459 	2806 	2808
f 2808 	2461 	2459
f 668 	2813 	2812
f 2814 	2809 	1564
f 2797 	2809 	2808
f 2842 	2841 	2810
f 2778 	2797 	2808
f 2851 	2815 	763
f 2809 	2797 	1560
f 2848 	2811 	2815
f 2809 	2461 	2808
f 2815 	2811 	2817
f 2817 	2811 	2812
f 2816 	2820 	2818
f 2817 	2812 	2813
f 2807 	2819 	2816
f 2815 	2817 	2813
f 2813 	763 	2815
f 2819 	2820 	2816
f 1560 	1559 	2809
f 421 	360 	2814
f 1564 	1567 	2814
f 1645 	2814 	1567
f 2814 	1645 	421
f 2737 	1370 	2488
f 2491 	2496 	2488
f 2492 	2496 	2491
f 2819 	2821 	2820
f 2734 	2735 	2496
f 2735 	2737 	2496
f 2488 	2496 	2737
f 2737 	2742 	1370
f 2874 	2871 	2819
f 2635 	2649 	2800
f 2635 	2800 	2802
f 2635 	2802 	2634
f 2745 	1370 	2742
f 2734 	2733 	2743
f 2733 	2732 	2743
f 2742 	2743 	2732
f 2745 	2742 	2732
f 2745 	2732 	2746
f 2823 	2824 	2825
f 2819 	2878 	2874
f 2822 	2664 	2667
f 361 	1370 	2745
f 2825 	2565 	2823
f 1018 	115 	118
f 2828 	2825 	2827
f 2824 	2827 	2825
f 2818 	2820 	2826
f 2732 	120 	123
f 2732 	123 	383
f 2732 	383 	2746
f 3458 	2825 	2828
f 3458 	2828 	2829
f 2823 	2565 	2824
f 2565 	2567 	2824
f 2827 	2824 	2567
f 3458 	2829 	2567
f 2827 	2567 	2829
f 2828 	2827 	2829
f 2821 	2826 	2820
f 2832 	2843 	2833
f 2837 	2838 	2816
f 2842 	2810 	2845
f 2818 	2837 	2816
f 2753 	2838 	2837
f 2818 	2826 	2837
f 2753 	2837 	2826
f 2831 	2830 	2839
f 2893 	2841 	2774
f 2833 	2804 	2832
f 2840 	2833 	2843
f 2841 	2842 	2774
f 2838 	2844 	2816
f 2810 	2816 	2844
f 2872 	2840 	2843
f 2844 	2845 	2810
f 2873 	671 	2840
f 2833 	2840 	2804
f 2845 	2844 	2740
f 2753 	2740 	2838
f 2844 	2838 	2740
f 2805 	2811 	2832
f 2832 	2861 	2843
f 2998 	2834 	2839
f 2740 	2774 	2845
f 2842 	2845 	2774
f 2846 	2832 	2811
f 2847 	2846 	2848
f 2839 	2834 	2831
f 2811 	2848 	2846
f 2222 	2753 	2826
f 2848 	2815 	2847
f 2847 	2815 	2851
f 2850 	2846 	2847
f 2835 	2836 	2839
f 2847 	2854 	2850
f 2859 	2832 	2846
f 2859 	2846 	2850
f 2851 	2877 	2847
f 2854 	2876 	2858
f 2859 	2861 	2832
f 2850 	2854 	2859
f 2761 	2370 	2857
f 2847 	2877 	2854
f 2858 	2859 	2854
f 2719 	2862 	2729
f 2858 	2861 	2859
f 2866 	2863 	2857
f 2761 	2857 	2863
f 2863 	2392 	2761
f 2867 	2861 	2876
f 2863 	2782 	2761
f 2866 	2782 	2863
f 2556 	2863 	2761
f 2392 	2863 	2556
f 2860 	2782 	2866
f 2896 	2865 	2990
f 2374 	2990 	2865
f 2857 	2860 	2866
f 2872 	2867 	2864
f 2868 	2865 	2896
f 1913 	2864 	2869
f 2871 	2810 	2893
f 2874 	2870 	2810
f 2374 	2230 	193
f 2874 	2810 	2871
f 2872 	2864 	2873
f 2872 	2861 	2867
f 2888 	2889 	2871
f 2873 	2840 	2872
f 2870 	2816 	2810
f 2864 	3666 	2873
f 2872 	2843 	2861
f 2861 	2858 	2876
f 2807 	2816 	2870
f 2230 	2374 	2865
f 2880 	2854 	2879
f 2877 	2879 	2854
f 2807 	2870 	3052
f 2892 	2903 	2886
f 2877 	2885 	2882
f 2867 	2876 	2864
f 2231 	2865 	2868
f 2231 	2230 	2865
f 2881 	2266 	2868
f 2876 	2854 	2880
f 2236 	2241 	2605
f 2875 	2821 	2819
f 2874 	2878 	3055
f 2807 	2878 	2819
f 2713 	2903 	2916
f 2231 	2868 	2266
f 2869 	2864 	2876
f 2605 	2677 	2883
f 2885 	2884 	2882
f 2875 	2914 	2821
f 2885 	2851 	2884
f 2851 	763 	2884
f 763 	775 	2884
f 2826 	2821 	2914
f 2888 	2871 	2887
f 2871 	2893 	2887
f 2605 	2883 	2886
f 2886 	2238 	2605
f 2884 	775 	785
f 2819 	2871 	2889
f 2886 	2903 	2713
f 2841 	2893 	2810
f 2906 	2883 	2677
f 2875 	2819 	2889
f 2887 	2891 	2888
f 2914 	2889 	2891
f 2888 	2891 	2889
f 2877 	2890 	2879
f 2890 	2877 	2882
f 2875 	2889 	2914
f 2906 	2677 	2726
f 2877 	2851 	2885
f 2886 	2883 	2305
f 2886 	2305 	2892
f 2278 	2269 	2305
f 2882 	2884 	2894
f 2897 	2894 	2884
f 2897 	2904 	2894
f 2887 	2893 	2774
f 2894 	1903 	2882
f 2884 	785 	2897
f 785 	898 	2897
f 2898 	2899 	2900
f 2868 	2896 	2895
f 2898 	2900 	2849
f 2849 	2860 	2898
f 2881 	2868 	2895
f 2902 	2894 	2904
f 2897 	898 	2904
f 2908 	2898 	2855
f 2855 	2852 	2905
f 2855 	2905 	2908
f 2860 	2857 	2898
f 2898 	2857 	2855
f 2900 	2899 	2849
f 2929 	2671 	2927
f 2782 	2849 	2911
f 2795 	2782 	2911
f 2795 	2911 	2899
f 2899 	2911 	2849
f 2307 	2266 	2881
f 2307 	2881 	2903
f 2548 	2558 	2913
f 2912 	2304 	2906
f 2883 	2906 	2305
f 2909 	2910 	2906
f 2912 	2906 	2910
f 3014 	2826 	2914
f 2269 	2307 	2892
f 2307 	2903 	2892
f 2903 	2881 	2915
f 2881 	2895 	2915
f 2903 	2915 	2916
f 898 	892 	2904
f 892 	2901 	2904
f 2918 	2917 	2612
f 2901 	2902 	2904
f 2612 	2917 	2616
f 2901 	892 	915
f 915 	1056 	2919
f 2919 	2901 	915
f 1042 	2925 	2918
f 2920 	2671 	2923
f 2671 	2929 	2923
f 2919 	2922 	3312
f 1056 	1066 	2922
f 2917 	3065 	2921
f 1056 	2922 	2919
f 2917 	2921 	2616
f 2921 	2632 	2616
f 3270 	2632 	2921
f 2921 	3097 	3270
f 2917 	2918 	3065
f 1268 	1260 	2925
f 1267 	1268 	2925
f 2927 	2672 	2924
f 2925 	1042 	2922
f 2922 	1267 	2925
f 2928 	3129 	3065
f 2927 	2671 	2672
f 2728 	2724 	2725
f 2685 	2862 	2719
f 2685 	2931 	2862
f 2939 	2728 	2725
f 2727 	2728 	2942
f 2728 	2936 	2942
f 2685 	2696 	2931
f 2723 	2724 	2728
f 2728 	2727 	2723
f 2725 	3099 	2932
f 3098 	3099 	2725
f 2063 	2941 	2064
f 2932 	2933 	2936
f 2044 	2043 	2945
f 2939 	2932 	2936
f 2725 	2932 	2939
f 2941 	2043 	2064
f 2720 	3098 	2725
f 3104 	2727 	2934
f 2913 	2935 	2548
f 2938 	2907 	2947
f 2907 	2356 	2550
f 1783 	2940 	2060
f 2728 	2939 	2936
f 2356 	2907 	2598
f 2063 	2060 	2940
f 2063 	2940 	2941
f 2936 	2937 	2934
f 2920 	2938 	2947
f 2942 	2936 	2934
f 2920 	2923 	2938
f 2942 	2934 	2727
f 2347 	2941 	2346
f 2614 	2938 	2923
f 2346 	2941 	2958
f 2929 	2927 	2621
f 2943 	2986 	2694
f 2924 	2621 	2927
f 2988 	2944 	2723
f 2944 	2691 	2723
f 2221 	2368 	2966
f 2268 	2221 	2967
f 2974 	2943 	3024
f 2941 	2208 	2945
f 2553 	2691 	2944
f 2965 	2957 	2216
f 2957 	2946 	2216
f 2627 	2600 	2672
f 2944 	2978 	2553
f 2550 	2548 	2935
f 2959 	2365 	2360
f 2642 	2943 	1632
f 2907 	2550 	2947
f 2949 	2951 	2948
f 2950 	2951 	2949
f 2951 	2953 	2948
f 2951 	2952 	2953
f 2953 	2954 	2948
f 2948 	2954 	2706
f 2946 	2941 	2945
f 2956 	2955 	2972
f 2945 	2941 	2940
f 2929 	2620 	2923
f 2946 	2945 	2940
f 2946 	2945 	2216
f 2971 	2965 	2267
f 2621 	2924 	2623
f 2960 	2968 	2949
f 2360 	2958 	2959
f 2962 	2960 	2948
f 2949 	2948 	2960
f 326 	2623 	2924
f 2951 	2950 	2963
f 2712 	2961 	2960
f 2790 	2964 	2630
f 2962 	2712 	2960
f 2708 	2712 	2962
f 2962 	2704 	2708
f 2196 	2769 	2786
f 2704 	2962 	2948
f 2630 	2964 	2764
f 2957 	2044 	2946
f 2957 	2958 	2946
f 2941 	2946 	2958
f 2951 	2963 	2952
f 2972 	2716 	2954
f 2953 	2952 	2963
f 2787 	2766 	2763
f 2961 	2956 	2968
f 2964 	2790 	2764
f 2960 	2961 	2968
f 2267 	2268 	2971
f 2630 	2764 	2619
f 2935 	2947 	2550
f 2950 	2949 	2968
f 2216 	2267 	2965
f 2968 	2956 	2972
f 2972 	2963 	2968
f 2950 	2968 	2963
f 2969 	2048 	2971
f 2786 	2766 	2788
f 2970 	2969 	2971
f 2955 	2707 	2716
f 2969 	2958 	2970
f 2972 	2955 	2716
f 2769 	2766 	2786
f 2706 	2954 	2716
f 2907 	2655 	2598
f 2959 	2048 	2966
f 2907 	2938 	2655
f 2967 	2048 	2969
f 2953 	2963 	2972
f 2954 	2953 	2972
f 2614 	2655 	2938
f 2966 	2048 	2967
f 2620 	2929 	2621
f 2969 	2966 	2958
f 2967 	2966 	2969
f 2959 	2958 	2966
f 2553 	2978 	2675
f 2923 	2620 	2614
f 2978 	2994 	2675
f 2959 	2049 	2048
f 2959 	2054 	2049
f 2988 	2979 	2944
f 2978 	2944 	2994
f 1798 	2959 	2980
f 2977 	2642 	2676
f 2977 	2943 	2642
f 2980 	2959 	2966
f 2977 	3024 	2943
f 2980 	2966 	2967
f 2982 	2983 	2984
f 2969 	2980 	2967
f 2970 	2987 	2969
f 2971 	2047 	2965
f 2957 	2965 	2047
f 2599 	2627 	2672
f 2984 	2985 	2982
f 2965 	2970 	2957
f 2971 	2970 	2965
f 2958 	2957 	2970
f 2611 	2599 	2920
f 3098 	2720 	2986
f 2671 	2920 	2599
f 1783 	1782 	2940
f 2980 	2987 	1782
f 2987 	2940 	1782
f 2672 	2671 	2599
f 1782 	1798 	2980
f 2723 	3079 	2988
f 2965 	2946 	2987
f 2957 	2946 	2965
f 2940 	2987 	2946
f 2980 	2969 	2987
f 3116 	3115 	2982
f 2987 	2970 	2971
f 2965 	2987 	2971
f 2974 	2986 	2943
f 2974 	3075 	2986
f 2986 	3075 	3137
f 2985 	3116 	2982
f 2993 	2674 	2994
f 2995 	2993 	2994
f 2994 	2997 	2995
f 2944 	2979 	2994
f 3000 	2592 	2999
f 2998 	3488 	3001
f 3111 	2701 	2709
f 2375 	2274 	2996
f 3012 	3007 	3006
f 2374 	2996 	2990
f 2374 	2375 	2996
f 3007 	2795 	3006
f 3011 	2856 	3009
f 2992 	3010 	2991
f 3010 	3008 	2991
f 3001 	2992 	2998
f 3001 	3010 	2992
f 3011 	3009 	3008
f 3005 	2795 	2899
f 3471 	3009 	2853
f 3005 	3006 	2795
f 2856 	2853 	3009
f 3010 	3011 	3008
f 3002 	3010 	3001
f 2795 	3007 	3003
f 3002 	3011 	3010
f 3012 	3005 	2898
f 3005 	2899 	2898
f 2913 	2596 	2935
f 3006 	3005 	3012
f 3012 	3247 	3067
f 3067 	3007 	3012
f 2913 	2594 	2596
f 2935 	2596 	2947
f 2595 	2947 	2596
f 2905 	1839 	3012
f 2905 	3012 	2908
f 2908 	3012 	2898
f 2920 	2947 	2611
f 1188 	3021 	1300
f 3007 	3067 	3003
f 349 	2387 	511
f 1683 	3014 	2068
f 3014 	2914 	3205
f 3015 	3016 	3019
f 1827 	3018 	2852
f 2855 	2857 	2852
f 2141 	3017 	1899
f 2905 	2852 	3018
f 2370 	1826 	1827
f 3019 	3016 	3039
f 3020 	3021 	3017
f 3012 	1838 	1833
f 3012 	1833 	1847
f 1839 	1836 	3012
f 3040 	3023 	3015
f 3022 	1300 	3021
f 3019 	3040 	3015
f 3012 	1836 	1838
f 3018 	1827 	1839
f 3020 	3017 	3030
f 2997 	2994 	2682
f 2683 	2682 	2994
f 3025 	3020 	3030
f 3025 	3021 	3020
f 3025 	3022 	3021
f 3028 	3017 	2141
f 3024 	2977 	2676
f 2050 	3028 	2141
f 2678 	3024 	2676
f 2905 	3018 	1839
f 1199 	1198 	3033
f 1198 	1261 	3033
f 1261 	2591 	3033
f 3250 	2895 	3246
f 2895 	2896 	3246
f 3036 	843 	1199
f 3037 	3036 	1199
f 2896 	3248 	3246
f 3248 	2896 	2990
f 1118 	1074 	3031
f 3037 	1199 	3033
f 3038 	843 	3036
f 3038 	528 	825
f 3038 	321 	528
f 3038 	825 	843
f 3034 	3037 	3033
f 3036 	3037 	846
f 1245 	3037 	3034
f 2931 	2696 	3044
f 3042 	1245 	3034
f 3038 	3036 	833
f 833 	321 	3038
f 833 	3036 	846
f 3042 	1257 	1245
f 1277 	1257 	3042
f 3046 	3101 	3096
f 1277 	3042 	3034
f 3034 	3033 	2591
f 3041 	291 	595
f 3046 	3062 	521
f 527 	3062 	3044
f 527 	3044 	2696
f 1277 	3034 	3048
f 2909 	2726 	3049
f 2591 	3048 	3034
f 2909 	2906 	2726
f 3048 	2591 	2625
f 3048 	2625 	3047
f 3049 	2910 	2909
f 3048 	3047 	2597
f 3045 	3050 	3043
f 3048 	2597 	1277
f 2626 	2597 	3047
f 2729 	3051 	3049
f 3054 	3052 	2870
f 2870 	2874 	3054
f 3063 	3049 	3051
f 3050 	3045 	3058
f 2807 	3052 	3053
f 2878 	3053 	3055
f 2878 	2807 	3053
f 3055 	3054 	2874
f 3052 	3054 	3055
f 3053 	3052 	3055
f 2729 	2862 	3057
f 2729 	3057 	3051
f 3064 	3051 	3057
f 3047 	2625 	2795
f 3494 	3489 	3043
f 3056 	3047 	2795
f 3056 	2796 	2626
f 2626 	3047 	3056
f 3057 	2931 	3059
f 3056 	3188 	2796
f 3057 	2862 	2931
f 3072 	3057 	3059
f 3039 	3016 	3050
f 3059 	3084 	3072
f 3012 	1850 	3247
f 584 	3060 	587
f 3059 	2931 	3044
f 3062 	3059 	3044
f 3060 	3061 	4002
f 3062 	3084 	3059
f 527 	521 	3062
f 2910 	3049 	3063
f 2983 	2975 	2984
f 2983 	2976 	2975
f 2912 	2910 	3063
f 2982 	2976 	2983
f 3051 	3064 	3063
f 2982 	2981 	2976
f 2891 	2796 	3188
f 2973 	2989 	2647
f 2891 	3188 	2914
f 2973 	2647 	2638
f 2973 	2981 	2982
f 2989 	2973 	2982
f 1896 	3155 	2603
f 2914 	3188 	3205
f 3066 	1896 	3068
f 3024 	3595 	3027
f 3066 	3068 	3070
f 3069 	3070 	3068
f 2683 	2994 	2681
f 3071 	2681 	2994
f 3064 	3057 	3072
f 3078 	3065 	3077
f 2974 	3024 	3075
f 2928 	3065 	3076
f 3078 	3076 	3065
f 2973 	2638 	3074
f 2928 	3076 	2926
f 2702 	3074 	2638
f 3094 	3064 	3072
f 3024 	3027 	3075
f 3112 	2686 	3041
f 2702 	3091 	3074
f 2979 	3079 	2994
f 2979 	2988 	3079
f 2926 	3078 	3080
f 3041 	595 	2701
f 3086 	3071 	3079
f 3077 	3080 	3078
f 3078 	2926 	3076
f 3074 	3073 	2973
f 3081 	3082 	3083
f 2973 	3073 	2981
f 3080 	2930 	2926
f 3082 	3086 	3083
f 3085 	3602 	3086
f 3073 	3105 	2981
f 3085 	3086 	3079
f 3084 	3062 	3046
f 3079 	3088 	3085
f 3046 	3096 	3084
f 3082 	3081 	3090
f 3082 	3090 	3086
f 2982 	3087 	2989
f 3063 	3089 	2912
f 3091 	2646 	2647
f 3063 	3064 	3089
f 3091 	2648 	2646
f 3092 	3093 	3075
f 3089 	3064 	3094
f 3091 	2647 	2989
f 3094 	631 	628
f 3091 	2705 	2648
f 3089 	3094 	628
f 3087 	3091 	2989
f 3072 	3095 	3094
f 3075 	3027 	3092
f 3077 	3233 	3080
f 3092 	3027 	3596
f 3595 	3596 	3027
f 631 	3094 	634
f 3095 	634 	3094
f 2994 	3079 	3071
f 3090 	3071 	3086
f 3602 	3604 	3092
f 3084 	3096 	3095
f 3596 	3601 	3092
f 3127 	3110 	3097
f 2921 	3129 	3097
f 3084 	3095 	3072
f 634 	3095 	3096
f 2730 	3074 	2738
f 3096 	637 	634
f 3101 	741 	637
f 637 	3096 	3101
f 3105 	3106 	2976
f 2304 	2912 	3089
f 2976 	3106 	3107
f 3089 	628 	2304
f 3108 	3104 	2934
f 2895 	3250 	2915
f 2976 	3107 	2975
f 3241 	3097 	3133
f 3132 	3097 	3110
f 3109 	2916 	3317
f 2713 	2916 	3109
f 3107 	3106 	2985
f 2985 	2984 	3107
f 2984 	2975 	3107
f 3133 	3132 	3100
f 3110 	3100 	3132
f 2981 	3105 	2976
f 2982 	3115 	3087
f 3041 	2701 	3112
f 3116 	3105 	3115
f 3112 	2701 	3113
f 3117 	459 	3114
f 3073 	3087 	3115
f 3073 	3115 	3105
f 2856 	3117 	2853
f 3116 	3106 	3105
f 3112 	3317 	3118
f 3116 	2985 	3106
f 3013 	484 	3117
f 3102 	3155 	3066
f 3067 	3120 	3119
f 3025 	3035 	3022
f 3189 	3013 	3165
f 3119 	3120 	3125
f 3091 	3126 	2738
f 3091 	3087 	3126
f 3030 	3017 	3028
f 3128 	3032 	3035
f 3127 	3097 	3130
f 3065 	3129 	2921
f 3130 	3097 	3129
f 3134 	3032 	3128
f 3035 	3025 	3128
f 3122 	2736 	2738
f 3127 	3100 	3110
f 3130 	3100 	3127
f 2926 	3100 	3130
f 3003 	3067 	3131
f 2930 	3100 	2926
f 3067 	3119 	3131
f 3130 	3129 	2926
f 2738 	3126 	3122
f 3028 	2050 	2111
f 3129 	2928 	2926
f 3056 	3003 	3131
f 2930 	3103 	3100
f 3056 	2795 	3003
f 3143 	3150 	3124
f 3124 	3122 	3143
f 3099 	3144 	3668
f 3065 	2918 	3136
f 3032 	3134 	3135
f 3065 	3136 	3204
f 3098 	2986 	3137
f 3134 	3140 	3135
f 2918 	1293 	3136
f 3141 	3140 	3134
f 3088 	3079 	3139
f 3104 	3108 	3139
f 3074 	2730 	3142
f 3138 	3139 	3108
f 3108 	3658 	3138
f 3671 	3138 	3658
f 3262 	3204 	3136
f 3139 	3079 	3104
f 3144 	3099 	3098
f 3140 	3327 	3135
f 3098 	3137 	3144
f 3141 	3327 	3140
f 2731 	3143 	2730
f 3142 	2730 	3143
f 3147 	3327 	3141
f 3122 	3142 	3143
f 3152 	3144 	3137
f 3149 	3145 	3146
f 3137 	3075 	3093
f 3141 	3156 	3147
f 3157 	3152 	3137
f 3122 	3126 	3142
f 3093 	3157 	3137
f 3153 	3152 	3157
f 3152 	3153 	3144
f 3147 	3156 	3151
f 3074 	3142 	3073
f 3126 	3087 	3142
f 1896 	3066 	3155
f 3093 	3092 	3157
f 3138 	3159 	3160
f 3073 	3142 	3087
f 3138 	3160 	3139
f 31 	3151 	3154
f 3013 	3117 	2856
f 3160 	3085 	3088
f 3165 	3013 	2856
f 3168 	3163 	3164
f 2856 	3011 	3165
f 3139 	3160 	3088
f 3169 	3168 	3164
f 3165 	3011 	3002
f 3092 	3604 	3157
f 3167 	3168 	3169
f 3165 	3002 	3121
f 3121 	3189 	3165
f 3114 	3221 	3158
f 3158 	2853 	3114
f 3671 	3159 	3138
f 3117 	3114 	2853
f 3172 	1469 	3346
f 3168 	3162 	3163
f 3167 	3162 	3168
f 3153 	3735 	3173
f 3171 	3170 	3174
f 3124 	3150 	3167
f 3521 	1471 	3172
f 3150 	3161 	3167
f 3173 	3144 	3153
f 1471 	1475 	3172
f 3167 	3161 	3162
f 3172 	1475 	1469
f 3170 	3175 	3174
f 3173 	3668 	3144
f 3066 	3070 	3176
f 3066 	3176 	3102
f 3177 	2993 	2682
f 2997 	2682 	2993
f 2995 	2997 	2993
f 3174 	3175 	3183
f 2681 	3071 	3178
f 3083 	3071 	3081
f 3068 	4844 	3102
f 3081 	3071 	3090
f 3069 	3068 	3176
f 3102 	3176 	3068
f 3235 	3149 	3146
f 4792 	1792 	2571
f 3182 	1980 	1985
f 3183 	72 	3166
f 53 	3166 	72
f 3166 	3174 	3183
f 2684 	4240 	2572
f 3192 	3185 	3184
f 3175 	3179 	3183
f 2710 	3184 	3191
f 2714 	2710 	3191
f 3190 	3187 	3193
f 3186 	3193 	3187
f 3214 	3187 	3212
f 2715 	3192 	3184
f 3190 	3212 	3187
f 3056 	3131 	3119
f 3170 	3676 	3197
f 3205 	3188 	3217
f 3196 	3217 	3188
f 3198 	3197 	3461
f 3676 	3461 	3197
f 2711 	2715 	3184
f 3462 	2575 	3198
f 3202 	3201 	3200
f 3198 	3193 	3197
f 3672 	3676 	3170
f 3188 	3257 	3199
f 3257 	3120 	3067
f 3188 	3125 	3120
f 3175 	3197 	3193
f 3200 	3201 	3203
f 3257 	3188 	3120
f 3197 	3175 	3170
f 3188 	3310 	3309
f 3198 	3190 	3193
f 3188 	3309 	3308
f 3196 	3188 	3308
f 3179 	3175 	3193
f 3235 	3204 	3149
f 3179 	3193 	3186
f 3125 	3188 	3056
f 3119 	3125 	3056
f 3203 	2718 	3200
f 3235 	3236 	3204
f 3262 	3149 	3204
f 3204 	3233 	3065
f 3200 	2722 	2721
f 3214 	3208 	3187
f 3205 	3210 	3207
f 3211 	3212 	3190
f 484 	3013 	3195
f 3213 	3211 	3190
f 3260 	3206 	3207
f 3195 	3013 	3189
f 2575 	2576 	3198
f 3208 	3214 	3215
f 484 	460 	3117
f 2721 	3234 	3200
f 3212 	3211 	3214
f 3214 	3211 	3278
f 3217 	3216 	3205
f 3210 	3205 	3216
f 2636 	2578 	3213
f 3211 	3213 	958
f 958 	3213 	2578
f 3202 	3191 	3184
f 472 	3219 	469
f 3278 	3211 	3218
f 3281 	3280 	3218
f 3200 	3191 	3202
f 2636 	3213 	2579
f 2715 	2718 	3192
f 3206 	3260 	3222
f 2718 	3203 	3192
f 3206 	3222 	3225
f 3224 	3225 	3222
f 3290 	3223 	470
f 3185 	3192 	3203
f 462 	461 	3223
f 3198 	2580 	3190
f 3201 	3185 	3203
f 3206 	3225 	3207
f 3225 	3205 	3207
f 2578 	2328 	958
f 3201 	3184 	3185
f 3226 	464 	3227
f 957 	958 	2328
f 3201 	3202 	3184
f 3205 	3225 	3014
f 2582 	2584 	3279
f 3220 	466 	462
f 3220 	462 	3223
f 3220 	3223 	3228
f 3224 	3014 	3225
f 2580 	3198 	2574
f 1850 	1856 	3247
f 3230 	3204 	3209
f 3213 	3190 	2580
f 2580 	2581 	3213
f 2585 	3279 	2584
f 3080 	3233 	3232
f 2686 	3112 	3118
f 3230 	3209 	3232
f 2679 	2686 	2999
f 3118 	2999 	2686
f 3067 	3247 	3252
f 3204 	3230 	3233
f 3077 	3065 	3233
f 3230 	3232 	3233
f 3231 	3229 	3237
f 1847 	1854 	3012
f 3231 	3251 	3229
f 2713 	3109 	2709
f 3239 	3204 	3236
f 3209 	3204 	3239
f 3239 	3236 	3148
f 3146 	3148 	3236
f 3236 	3235 	3146
f 3109 	3111 	2709
f 3012 	1854 	1850
f 3232 	3209 	3239
f 3232 	3239 	3148
f 3242 	3241 	3243
f 3237 	3238 	3231
f 1854 	1855 	1850
f 2632 	3240 	2091
f 3242 	3244 	3241
f 3229 	3364 	3237
f 3243 	3245 	3242
f 3244 	3242 	3245
f 3262 	3241 	3145
f 3245 	3249 	3146
f 3249 	3148 	3146
f 3145 	3244 	3146
f 3247 	1856 	3285
f 3245 	3146 	3244
f 3252 	3253 	3254
f 3252 	3254 	3199
f 3238 	3237 	3362
f 3252 	3247 	3253
f 3363 	3362 	3237
f 3256 	3248 	2990
f 2092 	2091 	3240
f 3132 	3133 	3097
f 2092 	3240 	2112
f 3310 	3188 	3199
f 3254 	3253 	3255
f 3243 	3133 	3245
f 3199 	3257 	3252
f 3100 	3103 	3245
f 3364 	3229 	3251
f 3240 	3699 	2112
f 3103 	3249 	3245
f 3247 	3285 	3255
f 2996 	3256 	2990
f 3255 	3253 	3247
f 2999 	3118 	3250
f 3000 	2999 	3250
f 3250 	3246 	3000
f 3243 	3241 	3133
f 3257 	3067 	3252
f 3100 	3245 	3133
f 2586 	2588 	3213
f 2579 	3213 	2588
f 2581 	2586 	3213
f 3217 	3196 	3259
f 3259 	3216 	3217
f 3241 	3262 	3258
f 3244 	3145 	3241
f 3149 	3262 	3145
f 3260 	3207 	3263
f 1633 	131 	3264
f 3267 	3207 	3210
f 990 	3264 	3266
f 990 	987 	3264
f 3210 	3216 	3269
f 3216 	3268 	3269
f 3269 	3267 	3210
f 991 	3266 	3218
f 3261 	3218 	3266
f 3211 	958 	3218
f 3216 	3259 	3268
f 2542 	3208 	3215
f 3207 	3267 	3263
f 3275 	2582 	3274
f 3260 	3276 	3294
f 3240 	2632 	3270
f 3260 	3263 	3276
f 3277 	3274 	2582
f 3295 	3267 	3269
f 3278 	3279 	3214
f 3270 	3369 	3699
f 3278 	3218 	3280
f 3270 	3699 	3240
f 3214 	3279 	2585
f 3267 	3295 	3263
f 2631 	3271 	3214
f 2585 	2631 	3214
f 2582 	3279 	3277
f 3259 	3196 	3268
f 3308 	3268 	3196
f 3215 	3214 	3271
f 3228 	3227 	3220
f 3218 	3261 	3281
f 3275 	3274 	3271
f 3191 	3234 	3265
f 463 	3220 	3227
f 3292 	1867 	1874
f 3278 	2543 	3279
f 3280 	2543 	3278
f 3281 	2543 	3280
f 3479 	2543 	3281
f 3228 	3293 	3286
f 3215 	3271 	3279
f 1856 	1865 	3285
f 3227 	3228 	3226
f 3286 	3226 	3228
f 3279 	3271 	3274
f 3277 	3279 	3274
f 3215 	3279 	2543
f 3286 	478 	3226
f 3215 	2543 	2542
f 3289 	3287 	3288
f 3189 	3290 	3195
f 3290 	3219 	455
f 472 	455 	3219
f 3287 	3291 	3288
f 3290 	470 	3219
f 3194 	3290 	3189
f 3287 	2518 	3291
f 1865 	3292 	3285
f 3290 	3194 	3223
f 1865 	1867 	3292
f 3287 	3289 	438
f 461 	470 	3223
f 2518 	3287 	436
f 3228 	3223 	3313
f 2466 	3291 	2518
f 3314 	3228 	3313
f 438 	3289 	373
f 3288 	3291 	3479
f 2543 	3479 	3291
f 3221 	253 	3293
f 3293 	253 	3286
f 3285 	3310 	3255
f 3291 	2466 	2543
f 3060 	4002 	587
f 3479 	373 	3288
f 3289 	3288 	373
f 3029 	1123 	3061
f 3060 	3026 	3061
f 3058 	3045 	3296
f 1026 	1913 	2869
f 3015 	3050 	3016
f 3324 	1118 	3031
f 3295 	3269 	3299
f 3043 	3050 	3015
f 3308 	3269 	3268
f 3276 	3263 	3295
f 3050 	3058 	3039
f 1118 	3324 	3333
f 3294 	3276 	3298
f 3276 	3299 	3298
f 3297 	3294 	3298
f 2869 	2876 	1026
f 3299 	3276 	3295
f 3297 	3298 	3301
f 1903 	2879 	2890
f 1984 	2894 	2902
f 3296 	3019 	3039
f 3296 	3040 	3019
f 3296 	3039 	3058
f 3269 	3308 	3299
f 3299 	3308 	3298
f 3296 	3045 	3040
f 1984 	2902 	1989
f 3045 	3023 	3040
f 3301 	3669 	3303
f 1989 	2902 	3300
f 3045 	3486 	3023
f 1991 	1989 	3300
f 3300 	2902 	2901
f 3029 	3061 	3026
f 584 	574 	3060
f 2890 	2882 	1903
f 1026 	2879 	1912
f 3015 	3304 	661
f 3015 	3305 	3304
f 1026 	2880 	2879
f 3303 	3302 	3306
f 2876 	2880 	1026
f 3301 	3303 	3297
f 3221 	3114 	253
f 1903 	1912 	2879
f 253 	475 	3286
f 3310 	1882 	1877
f 1913 	2568 	2864
f 3298 	3308 	3301
f 475 	478 	3286
f 3114 	456 	253
f 3254 	3310 	3199
f 456 	3114 	459
f 3254 	3255 	3310
f 3310 	1877 	3309
f 1903 	2894 	1984
f 3310 	3285 	3292
f 3310 	1874 	1882
f 3121 	3123 	3194
f 3292 	1874 	3310
f 3300 	3312 	1991
f 2901 	2919 	3300
f 3300 	2919 	3312
f 3306 	3384 	3303
f 3385 	3306 	3302
f 3399 	3302 	3669
f 3314 	3313 	3311
f 3004 	3000 	3246
f 3248 	3004 	3246
f 2996 	3004 	3248
f 3248 	3256 	2996
f 2915 	3250 	3315
f 3308 	1876 	3301
f 3316 	3314 	3311
f 3315 	3317 	2916
f 3309 	1876 	3308
f 3180 	3182 	1985
f 1694 	3180 	3181
f 3180 	2030 	3181
f 2922 	1042 	3312
f 3313 	3123 	3311
f 3180 	1985 	2030
f 2925 	1260 	2918
f 3015 	3318 	3305
f 3341 	2045 	2046
f 3314 	3293 	3228
f 3103 	2708 	2707
f 3015 	3320 	3318
f 2961 	3232 	2956
f 3148 	2955 	2956
f 3319 	2111 	2077
f 3322 	3323 	3319
f 1293 	2918 	1260
f 3626 	3136 	3022
f 3121 	3194 	3189
f 3194 	3123 	3313
f 3015 	3023 	3320
f 3982 	3626 	3035
f 3032 	3135 	3978
f 3626 	3022 	3035
f 1042 	2613 	3312
f 3319 	3325 	3322
f 3323 	3322 	3321
f 3031 	3693 	3324
f 3322 	3326 	3321
f 3321 	3319 	3323
f 2930 	3080 	2712
f 3321 	2111 	3319
f 3304 	640 	661
f 3324 	3692 	3691
f 3693 	3692 	3324
f 1293 	1300 	3022
f 678 	3015 	661
f 3982 	3035 	3032
f 3486 	3320 	3023
f 3326 	3322 	3325
f 5033 	3978 	3135
f 3327 	3328 	3329
f 3370 	3321 	3326
f 3307 	3324 	3330
f 3331 	3043 	678
f 3343 	3319 	2076
f 3043 	3489 	3486
f 3343 	3325 	3319
f 3331 	3494 	3043
f 695 	3331 	678
f 73 	72 	3179
f 3334 	3332 	3333
f 3183 	3179 	72
f 3335 	3329 	3328
f 3337 	3338 	3336
f 3336 	3338 	3349
f 3336 	3339 	3222
f 3336 	3340 	3337
f 5033 	3135 	3327
f 3340 	3336 	3222
f 3222 	3260 	3340
f 3328 	3327 	3147
f 3147 	5055 	3328
f 5055 	3335 	3328
f 3224 	3339 	3336
f 3336 	3349 	3224
f 3151 	5058 	3147
f 3329 	5041 	3327
f 3342 	3700 	3333
f 53 	29 	3166
f 2068 	3014 	3349
f 3349 	2046 	2068
f 3332 	3342 	3333
f 3154 	29 	31
f 3166 	29 	3154
f 3313 	3223 	3194
f 3314 	3316 	3221
f 3221 	3293 	3314
f 3221 	3316 	3158
f 3315 	2916 	2915
f 3326 	3325 	3343
f 3109 	3317 	3345
f 3345 	3111 	3109
f 3317 	3112 	3345
f 3112 	3113 	3345
f 3111 	3345 	3113
f 3118 	3317 	3315
f 3346 	494 	3344
f 3315 	3250 	3118
f 3344 	3172 	3346
f 1131 	3603 	3451
f 3348 	494 	3347
f 3344 	494 	3348
f 3360 	3400 	614
f 3014 	3224 	3349
f 3451 	1136 	1131
f 1136 	3451 	3558
f 3349 	3341 	2046
f 3284 	3358 	3282
f 3431 	1821 	3354
f 3349 	3343 	2076
f 3351 	3350 	2103
f 3361 	3354 	3350
f 3326 	3343 	3349
f 3370 	3326 	3349
f 3353 	3357 	3358
f 3349 	3352 	3370
f 3361 	3350 	3351
f 3356 	3351 	2103
f 3349 	2076 	3341
f 3695 	3356 	2106
f 2660 	3341 	2076
f 2045 	3341 	3409
f 3284 	3283 	3355
f 3284 	3355 	3353
f 3358 	3284 	3353
f 3284 	3407 	3283
f 3321 	3134 	3128
f 3414 	3415 	3356
f 3028 	2111 	3321
f 3282 	3358 	3357
f 3321 	3128 	3025
f 3282 	3359 	3395
f 3030 	3028 	3321
f 3321 	3025 	3030
f 3282 	3357 	3359
f 3273 	3362 	3363
f 3364 	3272 	3273
f 3420 	3361 	3351
f 3363 	3364 	3273
f 3097 	3241 	3369
f 3097 	3369 	3270
f 3238 	3362 	3273
f 3347 	3371 	3372
f 3237 	3364 	3363
f 3373 	3321 	3370
f 3372 	3371 	3383
f 3371 	3374 	3383
f 3272 	3364 	3251
f 3374 	3371 	1913
f 3373 	3352 	3365
f 3251 	3231 	3272
f 3376 	3272 	3231
f 3200 	3234 	3191
f 3370 	3352 	3373
f 3375 	3367 	3360
f 3377 	3321 	3373
f 3374 	1913 	1898
f 3272 	3376 	3273
f 3368 	3416 	3367
f 3365 	3377 	3373
f 3416 	3360 	3367
f 3321 	3141 	3134
f 2568 	1913 	3371
f 3141 	3321 	3377
f 3348 	3347 	3380
f 3378 	3379 	3381
f 3378 	3381 	3382
f 3377 	3366 	3141
f 3347 	3372 	3380
f 3377 	3365 	3366
f 3348 	3380 	3344
f 3156 	3141 	3366
f 3338 	3337 	3340
f 3338 	3384 	3385
f 3338 	3385 	3349
f 3384 	3260 	3294
f 3384 	3340 	3260
f 3338 	3340 	3384
f 3383 	3380 	3372
f 3374 	1898 	3383
f 3385 	3399 	3349
f 3384 	3306 	3385
f 3297 	3303 	3384
f 3179 	3186 	73
f 3384 	3294 	3297
f 3381 	3386 	3389
f 3187 	75 	3186
f 3387 	3379 	3378
f 3394 	3393 	3392
f 3391 	3154 	3151
f 3392 	3397 	3394
f 3391 	3151 	3156
f 3386 	3379 	3387
f 3396 	3397 	3392
f 3386 	3381 	3379
f 3395 	3396 	3392
f 3391 	3156 	3366
f 3389 	3382 	3381
f 3303 	3669 	3302
f 3414 	3417 	3398
f 3392 	3422 	3395
f 3402 	3171 	3174
f 3407 	3284 	3282
f 2571 	2593 	4792
f 1877 	1876 	3309
f 3302 	3399 	3385
f 3398 	3603 	3400
f 2583 	2572 	4240
f 3396 	3395 	3359
f 3366 	3365 	3402
f 3365 	3352 	3402
f 3396 	3404 	3397
f 3417 	3356 	3403
f 3352 	3349 	3402
f 3404 	3396 	3747
f 3740 	3747 	3396
f 3402 	3391 	3366
f 3407 	3395 	3422
f 3399 	3402 	3349
f 3403 	3405 	3408
f 3154 	3391 	3402
f 3407 	3282 	3395
f 3154 	3402 	3166
f 3401 	3407 	3422
f 3402 	3174 	3166
f 3341 	2660 	3409
f 3382 	3410 	3406
f 3301 	1876 	3669
f 3401 	3283 	3407
f 3408 	3405 	3398
f 2214 	2209 	2213
f 3414 	3356 	3417
f 2218 	2217 	2214
f 2217 	2209 	2214
f 3415 	3414 	3416
f 3398 	3416 	3414
f 3403 	3408 	3417
f 3408 	3398 	3417
f 3397 	3441 	3394
f 2352 	2354 	2209
f 2355 	2354 	2352
f 3418 	3351 	3415
f 2326 	2228 	2354
f 2326 	2354 	2327
f 2363 	2354 	2361
f 2361 	2364 	2358
f 3404 	3369 	3397
f 3356 	3415 	3351
f 3441 	3397 	3369
f 2213 	2209 	2362
f 2363 	2362 	2354
f 2354 	2362 	2209
f 2364 	2361 	2354
f 2364 	2354 	2228
f 3419 	3413 	3426
f 3420 	3351 	3418
f 2317 	3424 	2316
f 3747 	3731 	3404
f 3418 	3416 	3420
f 3415 	3416 	3418
f 3441 	3369 	3241
f 3360 	3416 	3400
f 3392 	3393 	3422
f 3421 	3422 	3393
f 3416 	3398 	3400
f 3382 	3425 	3410
f 3412 	3426 	3411
f 3121 	3002 	3388
f 703 	3654 	3424
f 3411 	3426 	3413
f 3121 	3388 	3123
f 3421 	3423 	3422
f 2311 	4676 	3656
f 3405 	3403 	3427
f 4672 	25 	3656
f 3424 	2317 	3656
f 3422 	3428 	3401
f 3427 	3398 	3405
f 3654 	961 	2316
f 3420 	3416 	3368
f 3361 	3420 	3429
f 3419 	3426 	3430
f 3368 	3429 	3420
f 3393 	3441 	3421
f 3394 	3441 	3393
f 3432 	3386 	3387
f 3386 	3432 	3389
f 3434 	3436 	3437
f 1220 	352 	3187
f 3208 	3439 	3187
f 3440 	1220 	3187
f 3439 	3440 	3187
f 3432 	3433 	3389
f 3437 	3444 	3434
f 3437 	3438 	3445
f 3258 	3441 	3241
f 75 	3187 	352
f 3208 	2542 	3439
f 3439 	2542 	3440
f 3440 	2542 	1220
f 358 	352 	2542
f 3249 	2955 	3148
f 1220 	2542 	352
f 3438 	3446 	3445
f 2575 	2577 	2576
f 2707 	2955 	3249
f 2707 	3249 	3103
f 2631 	2585 	2584
f 2631 	2584 	3275
f 2581 	2587 	2586
f 3437 	3445 	3444
f 3275 	3271 	2631
f 2930 	2708 	3103
f 2712 	2708 	2930
f 3541 	3433 	3432
f 3080 	2961 	2712
f 3425 	3433 	3541
f 10 	2544 	12
f 2961 	3080 	3232
f 3442 	3443 	3447
f 2956 	3232 	3148
f 3448 	3442 	3447
f 1293 	3022 	3136
f 3136 	3626 	3457
f 3457 	3262 	3136
f 3454 	3452 	3453
f 3441 	3258 	3456
f 3258 	3262 	3457
f 3457 	3456 	3258
f 3453 	3455 	3454
f 3455 	3453 	3446
f 3752 	3453 	3452
f 3663 	3446 	3453
f 2563 	41 	2561
f 37 	38 	2563
f 3455 	3446 	3438
f 2565 	3659 	2560
f 1455 	1498 	2561
f 3458 	2567 	2561
f 3476 	3455 	3438
f 3452 	3454 	3662
f 3456 	3457 	3631
f 3171 	3672 	3170
f 3453 	3665 	3663
f 3453 	3752 	3665
f 3462 	3198 	3461
f 3461 	2325 	3462
f 2577 	2575 	2325
f 2328 	2577 	2325
f 3462 	2325 	2575
f 3642 	3456 	3460
f 3459 	3460 	3456
f 3463 	3477 	3261
f 3281 	3261 	3477
f 3663 	3473 	3446
f 3456 	3642 	3513
f 3646 	3513 	3642
f 3465 	3466 	4715
f 3468 	3264 	987
f 3454 	3466 	3465
f 3463 	3264 	3479
f 3266 	3264 	3463
f 3266 	3463 	3261
f 3455 	3466 	3454
f 3123 	3388 	3390
f 4718 	3464 	3465
f 3311 	3123 	3390
f 3469 	3311 	3390
f 3316 	3311 	3469
f 3703 	3466 	3455
f 3468 	987 	2412
f 3466 	3703 	4715
f 3471 	3158 	3470
f 3496 	3009 	3471
f 3473 	3475 	3472
f 3474 	3472 	3475
f 3158 	3316 	3470
f 3478 	3473 	3476
f 394 	3264 	3468
f 2853 	3158 	3471
f 3477 	3463 	3479
f 3437 	3478 	3476
f 3388 	3002 	3001
f 3475 	3473 	3478
f 3477 	3479 	3281
f 394 	1633 	3264
f 3388 	3001 	3488
f 3476 	3438 	3437
f 3468 	2412 	417
f 3470 	3316 	3469
f 417 	2412 	4901
f 3467 	1894 	417
f 3475 	3478 	3437
f 426 	1894 	3467
f 3436 	3475 	3437
f 3436 	3434 	3475
f 394 	3468 	417
f 437 	438 	372
f 373 	372 	438
f 3434 	3474 	3475
f 3434 	3444 	3472
f 3434 	3472 	3474
f 3333 	3307 	3334
f 3486 	3045 	3043
f 3481 	3488 	3482
f 2998 	3482 	3488
f 3390 	3388 	3488
f 3390 	3488 	3481
f 3490 	3484 	3487
f 3492 	3493 	3470
f 3470 	3469 	3492
f 3471 	3470 	3493
f 3493 	3496 	3471
f 3505 	3480 	3496
f 3489 	3318 	3486
f 3489 	3305 	3318
f 3496 	3493 	3505
f 3494 	3305 	3489
f 3008 	3480 	2991
f 3009 	3496 	3008
f 3008 	3496 	3480
f 3342 	3332 	3330
f 3332 	3334 	3330
f 3307 	3330 	3334
f 3469 	3390 	3481
f 3497 	1407 	3498
f 3324 	3307 	3333
f 3469 	3481 	3492
f 2830 	2831 	2991
f 3480 	3499 	2830
f 3499 	2839 	2830
f 2991 	3480 	2830
f 2992 	2831 	2834
f 3320 	3486 	3318
f 3501 	3502 	2835
f 3494 	3331 	3305
f 3304 	3305 	3331
f 3502 	2836 	2835
f 3502 	3481 	3482
f 3331 	695 	3304
f 3502 	3492 	3481
f 3482 	2839 	2836
f 1379 	3485 	3500
f 3490 	3491 	3484
f 3031 	1074 	3693
f 3495 	3497 	3484
f 2836 	3502 	3482
f 3495 	3484 	3491
f 3504 	3501 	2835
f 3484 	3500 	3485
f 3504 	3499 	3505
f 3498 	3500 	3484
f 3505 	3501 	3504
f 3497 	3498 	3484
f 3505 	3499 	3480
f 2992 	2991 	2831
f 3484 	3483 	3509
f 2998 	2992 	2834
f 2324 	3508 	3506
f 2839 	3482 	2998
f 3502 	3501 	3492
f 3505 	3493 	3501
f 3501 	3493 	3492
f 3510 	3511 	3484
f 3513 	3421 	3441
f 3513 	3441 	3456
f 2650 	3512 	3511
f 1819 	1823 	3514
f 3513 	4047 	241
f 3515 	3484 	3512
f 3511 	3512 	3484
f 4194 	4192 	3517
f 3518 	3515 	2653
f 2839 	3499 	3504
f 3504 	2835 	2839
f 3487 	3484 	3518
f 3518 	3484 	3515
f 1471 	3521 	1570
f 3484 	3509 	3510
f 1819 	3514 	3503
f 3524 	3522 	3523
f 3525 	2544 	3483
f 3448 	3450 	3442
f 3561 	3503 	3514
f 3525 	3483 	3484
f 3509 	3483 	2544
f 4548 	1588 	1570
f 3509 	2544 	2637
f 2637 	3510 	3509
f 3419 	3448 	3447
f 4081 	3529 	3528
f 3527 	3528 	3529
f 4081 	4082 	3529
f 3530 	4082 	3532
f 3535 	3533 	3534
f 3547 	3506 	3508
f 3443 	3442 	3411
f 3533 	3536 	3534
f 3449 	3451 	3597
f 3442 	3412 	3411
f 3537 	3539 	3533
f 3536 	3533 	3538
f 1074 	1076 	3503
f 3524 	3539 	3537
f 3523 	3539 	3524
f 3538 	3533 	3539
f 3540 	3523 	3542
f 3693 	1074 	3503
f 3522 	3542 	3523
f 3523 	3540 	3539
f 3433 	3382 	3389
f 3542 	4092 	3544
f 3382 	3433 	3425
f 3530 	3521 	3553
f 3529 	3530 	3553
f 3527 	3529 	3553
f 3354 	3545 	3431
f 3361 	3545 	3354
f 3546 	3548 	3526
f 3556 	3526 	3548
f 3543 	3527 	3544
f 3413 	3443 	3411
f 3548 	3549 	3556
f 3556 	3549 	3550
f 3529 	3540 	3527
f 3530 	3540 	3529
f 3543 	3546 	3527
f 3532 	3535 	3530
f 3538 	3539 	3530
f 3559 	3527 	3546
f 3546 	3548 	3559
f 3549 	3559 	3548
f 3550 	3559 	3549
f 3532 	3521 	3530
f 3447 	3443 	3413
f 3531 	3521 	3532
f 3413 	3419 	3447
f 3531 	3535 	3521
f 3535 	3534 	3521
f 1118 	3560 	3561
f 3534 	3536 	3521
f 3536 	3538 	3521
f 3540 	3542 	3521
f 3561 	1879 	1880
f 3538 	3539 	3521
f 3526 	3521 	3542
f 3448 	3430 	3426
f 3538 	3530 	3536
f 3557 	3554 	3367
f 3450 	3448 	3426
f 3539 	3540 	3521
f 3419 	3430 	3448
f 3542 	3544 	3526
f 3544 	3543 	3526
f 3543 	3546 	3526
f 3557 	3375 	3558
f 3367 	3375 	3557
f 3542 	3527 	3540
f 3544 	3527 	3542
f 3561 	1880 	1118
f 3425 	3541 	3410
f 3531 	3535 	3532
f 3535 	3536 	3530
f 3534 	3536 	3535
f 3540 	3530 	3539
f 3541 	3432 	3406
f 3527 	3677 	3529
f 3677 	3530 	3529
f 3541 	3406 	3410
f 3682 	3683 	3545
f 3563 	3564 	3565
f 3516 	3520 	3519
f 3516 	3519 	3517
f 3545 	3361 	3682
f 1823 	3561 	3514
f 3519 	4194 	3517
f 3449 	3558 	3451
f 1879 	3561 	1823
f 3557 	3558 	3449
f 3569 	3570 	3568
f 3572 	3567 	3571
f 3570 	3571 	3567
f 3567 	3568 	3570
f 3562 	3508 	3507
f 3574 	3563 	3565
f 3554 	3368 	3367
f 3575 	3577 	3576
f 3579 	3567 	3572
f 2658 	3409 	3578
f 3579 	3572 	3581
f 3580 	3581 	3572
f 3582 	3581 	3580
f 2658 	2045 	3409
f 3579 	3581 	3583
f 3586 	3571 	3570
f 3585 	3578 	3584
f 3682 	3361 	3429
f 3578 	3409 	2660
f 2674 	3584 	3578
f 3683 	3682 	3368
f 2674 	3578 	2660
f 3589 	3590 	3591
f 3589 	3591 	3573
f 3608 	3609 	3592
f 3589 	3593 	3590
f 3583 	3590 	3593
f 3575 	3576 	3594
f 3595 	3024 	2678
f 3590 	3583 	3581
f 3402 	3399 	3171
f 3609 	3608 	3449
f 3566 	3576 	3577
f 4871 	3589 	3573
f 3178 	3584 	2681
f 2682 	2681 	3584
f 3585 	3584 	3178
f 3177 	2682 	3584
f 3594 	3587 	3575
f 3588 	3575 	3587
f 3599 	3600 	3569
f 3575 	3574 	3565
f 3570 	3569 	3600
f 3575 	3588 	3574
f 3596 	3595 	3601
f 2678 	3601 	3595
f 3071 	3598 	3178
f 3588 	3563 	3574
f 3587 	3563 	3588
f 3606 	3607 	3592
f 3594 	3564 	3563
f 3563 	3587 	3594
f 3606 	3592 	3609
f 3566 	3564 	3576
f 3157 	3605 	3153
f 3157 	3604 	3605
f 3576 	3564 	3594
f 3570 	4219 	3586
f 3593 	3614 	3583
f 3577 	3754 	3566
f 3611 	3564 	3610
f 3602 	3092 	3601
f 3601 	3598 	3602
f 3688 	3554 	3557
f 3694 	3545 	3613
f 3605 	3604 	3159
f 3160 	3604 	3602
f 3368 	3688 	3683
f 3670 	3605 	3159
f 3579 	3583 	3614
f 3609 	3449 	3597
f 2674 	2993 	3584
f 3614 	3593 	3615
f 3589 	3615 	3593
f 3597 	3607 	3606
f 3606 	3609 	3597
f 3177 	3584 	2993
f 3598 	3578 	3585
f 3578 	3598 	2678
f 3617 	3628 	3612
f 3598 	3601 	2678
f 3615 	4871 	3616
f 3083 	3086 	3602
f 3603 	3597 	3451
f 3602 	3598 	3071
f 3083 	3602 	3071
f 3585 	3178 	3598
f 3613 	3545 	3683
f 3589 	4871 	3615
f 3160 	3159 	3604
f 3160 	3602 	3085
f 3615 	3616 	3650
f 3564 	3611 	3565
f 3108 	2934 	3619
f 3108 	3619 	3658
f 3597 	3398 	3427
f 3614 	3567 	3579
f 3603 	3398 	3597
f 3619 	2934 	2937
f 3485 	1379 	1381
f 3599 	3622 	3600
f 3624 	3600 	3622
f 3627 	3618 	3625
f 3484 	3485 	1381
f 3617 	3623 	3628
f 3620 	3621 	3629
f 3484 	1381 	3525
f 3627 	2933 	3618
f 3627 	2936 	2933
f 2933 	2932 	3618
f 3631 	3457 	3626
f 3619 	3627 	3630
f 3525 	12 	2544
f 3619 	2937 	3627
f 3525 	1381 	12
f 3629 	3628 	3623
f 2937 	2936 	3627
f 3965 	3942 	3635
f 2637 	2639 	3510
f 3510 	2639 	3511
f 3632 	3635 	3649
f 3511 	2639 	2650
f 3631 	3635 	3632
f 3512 	2650 	2651
f 3636 	3645 	3639
f 4037 	3966 	3631
f 3637 	3638 	3634
f 3515 	3512 	2651
f 2651 	2653 	3515
f 3518 	2653 	2551
f 3637 	3639 	3638
f 3636 	3639 	3637
f 3487 	2551 	3653
f 3487 	3518 	2551
f 3487 	3653 	3490
f 3918 	3642 	3460
f 3644 	3941 	3643
f 3633 	3634 	3641
f 1404 	3491 	3490
f 1405 	3491 	1404
f 3644 	3643 	3640
f 3633 	3645 	3625
f 3645 	3627 	3625
f 3625 	3618 	3633
f 3644 	3647 	3941
f 1405 	1406 	3495
f 3645 	3638 	3639
f 3646 	3918 	3647
f 3645 	3641 	3638
f 3491 	1405 	3495
f 3513 	3647 	3644
f 3513 	3644 	3640
f 3495 	1406 	3497
f 3645 	3636 	3630
f 3636 	3619 	3630
f 3513 	3646 	3647
f 3497 	1406 	1407
f 3630 	3627 	3645
f 3634 	3638 	3641
f 3643 	3648 	3640
f 3645 	3633 	3641
f 3445 	3473 	3472
f 3500 	3498 	1373
f 3446 	3473 	3445
f 1379 	3500 	1373
f 3444 	3445 	3472
f 3652 	3099 	3668
f 3099 	3652 	2932
f 3652 	3618 	2932
f 1404 	3490 	3653
f 3661 	3637 	3655
f 3654 	2316 	3424
f 2551 	2554 	3653
f 3657 	3653 	2554
f 3657 	1404 	3653
f 3637 	3634 	3655
f 14 	15 	3656
f 3657 	1420 	1404
f 2317 	2311 	3656
f 3657 	2554 	3659
f 1420 	3659 	1480
f 1420 	3657 	3659
f 1445 	2561 	1446
f 1446 	2561 	41
f 220 	671 	214
f 2561 	1445 	1455
f 2554 	2560 	3659
f 2825 	3659 	2565
f 3618 	3652 	3633
f 3651 	3633 	3652
f 3458 	3660 	3659
f 3661 	3636 	3637
f 3659 	3660 	1480
f 1485 	1480 	3660
f 3660 	2561 	1485
f 3458 	2561 	3660
f 3666 	1551 	671
f 3634 	3667 	3655
f 1547 	3666 	3371
f 3658 	3619 	3636
f 1547 	3371 	3347
f 3658 	3636 	3661
f 3371 	3666 	2568
f 3663 	3662 	3664
f 3663 	3665 	3662
f 1563 	671 	1551
f 3671 	3658 	3661
f 3666 	1547 	1551
f 3666 	2864 	2568
f 3634 	3633 	3667
f 3473 	3663 	3664
f 3667 	3633 	3651
f 3171 	3399 	3669
f 3664 	3476 	3473
f 3455 	3476 	3664
f 1876 	1884 	3669
f 3672 	3669 	1884
f 3671 	3670 	3159
f 3669 	3672 	3171
f 3686 	3674 	3549
f 3673 	3674 	3686
f 3550 	3549 	3674
f 3673 	3686 	3675
f 3672 	1891 	3676
f 3676 	1891 	3461
f 2325 	3461 	2227
f 1916 	2227 	3461
f 3763 	3755 	3671
f 3530 	3677 	3532
f 3531 	3532 	3677
f 3531 	3677 	3678
f 3547 	2105 	1835
f 3535 	3679 	3534
f 3534 	3679 	3536
f 3547 	1835 	3506
f 3333 	3560 	1118
f 3607 	3427 	3592
f 3531 	3678 	3679
f 3531 	3679 	3535
f 3403 	3592 	3427
f 3539 	3538 	3679
f 3536 	3679 	3538
f 3607 	3597 	3427
f 3548 	3546 	3681
f 3560 	3696 	3503
f 3503 	3696 	3693
f 3560 	3503 	3561
f 3682 	3429 	3368
f 3685 	241 	223
f 3545 	3687 	3685
f 3592 	3685 	3687
f 3592 	3687 	3608
f 3551 	3562 	3507
f 3685 	3761 	241
f 3685 	3592 	3761
f 3688 	3449 	3687
f 3608 	3687 	3449
f 3508 	3562 	3555
f 3545 	3685 	3689
f 223 	224 	3689
f 3549 	3548 	3686
f 3685 	223 	3689
f 3508 	3555 	3547
f 3545 	3689 	3431
f 3689 	3435 	3431
f 3690 	3330 	3324
f 3324 	3691 	3690
f 3689 	218 	3435
f 3680 	3681 	3546
f 3449 	3688 	3557
f 3694 	3687 	3545
f 3368 	3554 	3688
f 3613 	3683 	3688
f 3694 	3613 	3688
f 3542 	3540 	3684
f 3540 	3539 	3684
f 3687 	3694 	3688
f 3539 	3679 	3684
f 3700 	3691 	3692
f 3680 	3543 	3544
f 3680 	3544 	3542
f 3680 	3542 	3684
f 2106 	2112 	3695
f 3691 	3700 	3690
f 3680 	3546 	3543
f 3690 	3342 	3330
f 3681 	3686 	3548
f 4346 	4063 	3686
f 3356 	3701 	3403
f 3701 	3356 	3695
f 3528 	3527 	3697
f 3559 	3697 	3527
f 3696 	3560 	3333
f 3333 	3698 	3696
f 3695 	2112 	3699
f 3662 	3465 	3705
f 3454 	3465 	3662
f 3333 	3700 	3698
f 3731 	3699 	3369
f 3692 	3693 	3698
f 3696 	3698 	3693
f 3692 	3698 	3700
f 3731 	3701 	3695
f 3690 	3700 	3342
f 3662 	3703 	3664
f 3401 	3704 	3283
f 2309 	567 	2387
f 3464 	9 	3703
f 3705 	3464 	3703
f 3506 	1835 	2324
f 2324 	3507 	3508
f 3708 	3709 	3710
f 3662 	3705 	3703
f 3553 	3552 	3711
f 3359 	3707 	3396
f 3559 	3712 	3697
f 3353 	3704 	3724
f 3704 	3353 	3355
f 3729 	3713 	3353
f 3716 	3717 	3715
f 3714 	3715 	3717
f 3353 	3724 	3729
f 3715 	3552 	3521
f 3718 	3708 	3710
f 3715 	3719 	3552
f 3713 	3357 	3353
f 3172 	3715 	3521
f 3719 	3715 	3714
f 3707 	3713 	3729
f 3715 	3344 	3716
f 3713 	3707 	3359
f 3813 	1970 	1928
f 3713 	3359 	3357
f 3702 	3736 	3706
f 3723 	4123 	3722
f 3716 	3722 	3721
f 3723 	3722 	3726
f 3725 	3726 	3722
f 3706 	3724 	3702
f 3724 	3704 	3702
f 3715 	3172 	3344
f 3724 	3706 	3729
f 1928 	4124 	3813
f 3710 	3727 	3718
f 3729 	3706 	3707
f 3695 	3699 	3731
f 3620 	3629 	3623
f 3730 	3718 	3727
f 3369 	3404 	3731
f 3813 	3723 	3726
f 3732 	3723 	3813
f 3383 	3818 	3716
f 3734 	3592 	3403
f 3761 	3592 	3734
f 3380 	3716 	3344
f 3735 	3733 	3668
f 3734 	3403 	3701
f 3465 	3464 	3705
f 3794 	3733 	3735
f 3737 	3736 	3702
f 3455 	3664 	3703
f 3735 	3668 	3173
f 3355 	3283 	3704
f 3738 	3704 	3401
f 3704 	3738 	3702
f 3737 	3702 	3738
f 3706 	3736 	3740
f 3706 	3740 	3707
f 15 	19 	3656
f 3741 	3744 	3736
f 3740 	3736 	3744
f 3153 	3799 	3735
f 3652 	3742 	3651
f 3652 	3668 	3742
f 3396 	3707 	3740
f 918 	3424 	3656
f 3740 	3744 	3747
f 3748 	3746 	3743
f 3746 	3748 	3745
f 3745 	3762 	3667
f 3751 	3750 	3752
f 3746 	3745 	3742
f 3753 	3749 	3759
f 3759 	3749 	3758
f 3566 	3754 	3564
f 3749 	3750 	3758
f 3741 	3734 	3744
f 3731 	3744 	3734
f 3742 	3745 	3651
f 3754 	3617 	3564
f 3744 	3731 	3747
f 3651 	3745 	3667
f 3734 	3701 	3731
f 3736 	3764 	3756
f 3756 	3741 	3736
f 3756 	3764 	3757
f 3752 	3452 	3751
f 3670 	3671 	3755
f 3799 	3760 	3735
f 3736 	3737 	3764
f 3757 	3734 	3756
f 3751 	3758 	3750
f 3741 	3756 	3734
f 3452 	3662 	3751
f 3611 	3610 	3426
f 3610 	3450 	3426
f 3755 	3763 	3762
f 3763 	3661 	3655
f 4408 	3665 	3752
f 3763 	3655 	3762
f 3760 	3755 	3748
f 3760 	3748 	3743
f 3749 	4424 	3750
f 3757 	3764 	3765
f 3738 	3401 	3784
f 3764 	3737 	3782
f 4413 	3758 	4414
f 3751 	4414 	3758
f 3765 	3764 	3766
f 3782 	3766 	3764
f 3730 	3727 	3728
f 3426 	3412 	3611
f 199 	3770 	200
f 3768 	3776 	3766
f 3766 	3776 	3761
f 3765 	3766 	3761
f 3757 	3765 	3761
f 3734 	3757 	3761
f 3768 	3766 	3767
f 3768 	3767 	3790
f 3770 	525 	200
f 3775 	3788 	3774
f 3775 	3777 	3778
f 3779 	3775 	3774
f 3775 	3780 	3776
f 3775 	3779 	3780
f 3776 	3777 	3775
f 3422 	3423 	3782
f 3428 	3422 	3782
f 3784 	3428 	3782
f 3772 	3787 	3783
f 3773 	3787 	3772
f 3782 	3737 	3738
f 2324 	4031 	3507
f 3797 	3796 	3771
f 3738 	3784 	3782
f 3772 	3612 	3773
f 3784 	3401 	3428
f 3656 	19 	3781
f 3786 	3450 	3783
f 2333 	2329 	3785
f 525 	3770 	3791
f 3767 	3782 	3423
f 3728 	2333 	3730
f 3786 	3442 	3450
f 3767 	3766 	3782
f 3789 	3577 	3787
f 3762 	3748 	3755
f 3775 	3790 	3788
f 3790 	3775 	3768
f 3667 	3762 	3655
f 3745 	3748 	3762
f 3775 	3778 	3768
f 3791 	3770 	3792
f 3788 	3423 	3774
f 3774 	3423 	3513
f 3769 	3771 	3796
f 3671 	3661 	3763
f 241 	3761 	3779
f 3780 	3761 	3776
f 4306 	3797 	4032
f 3780 	3779 	3761
f 3513 	241 	3774
f 3779 	3774 	241
f 3791 	3781 	71
f 525 	3791 	71
f 3792 	3781 	3791
f 3794 	3743 	3746
f 3760 	3743 	3794
f 3795 	3792 	3770
f 3742 	3794 	3746
f 3770 	3769 	3795
f 3796 	3795 	3769
f 3790 	3767 	3423
f 3668 	3733 	3742
f 3771 	4032 	3797
f 3421 	3513 	3423
f 3790 	3423 	3788
f 3792 	3795 	3781
f 3733 	3794 	3742
f 3796 	3797 	3781
f 3795 	3796 	3781
f 3760 	3794 	3735
f 3768 	3778 	3777
f 3776 	3768 	3777
f 3605 	3670 	3799
f 4301 	2309 	918
f 3799 	3153 	3605
f 3799 	3755 	3760
f 3670 	3755 	3799
f 3801 	4030 	3803
f 3851 	3845 	3848
f 3803 	3804 	3805
f 3812 	3897 	3811
f 3808 	3812 	3811
f 3810 	3811 	3897
f 3809 	3810 	3897
f 3809 	3897 	3815
f 3824 	3816 	3817
f 3813 	3818 	1970
f 3818 	3819 	1970
f 3800 	4071 	3798
f 3818 	3813 	3725
f 3726 	3725 	3813
f 3819 	3818 	3383
f 3822 	3855 	3821
f 3722 	3716 	3818
f 3824 	3817 	3823
f 3817 	3825 	3823
f 3825 	3903 	3823
f 3903 	3826 	3823
f 3826 	3854 	3822
f 3725 	3722 	3818
f 1898 	3819 	3383
f 3817 	3814 	3825
f 3383 	3716 	3380
f 3817 	3815 	3814
f 3816 	3809 	3817
f 3719 	3714 	3717
f 3816 	3824 	3809
f 3817 	3809 	3815
f 3809 	3824 	3810
f 3528 	3833 	4081
f 4129 	4081 	3833
f 3831 	4129 	3834
f 3833 	3834 	4129
f 3802 	3806 	3821
f 3802 	3821 	3820
f 3835 	3836 	3837
f 3824 	3823 	3811
f 3824 	3811 	3810
f 3806 	3808 	3822
f 3806 	3822 	3821
f 3838 	4161 	3839
f 3823 	3822 	3808
f 3823 	3808 	3811
f 3837 	4161 	3838
f 4356 	4139 	3839
f 3841 	3843 	3808
f 3888 	3827 	3863
f 3697 	3834 	3833
f 3697 	3833 	3528
f 3828 	3846 	3832
f 3888 	3840 	3827
f 3849 	3831 	3834
f 3806 	3802 	3848
f 3844 	3806 	3848
f 3806 	3844 	3808
f 3841 	3808 	3844
f 3802 	3851 	3848
f 3847 	3848 	3845
f 3838 	3846 	3837
f 3839 	3846 	3838
f 3835 	3837 	3846
f 3835 	3846 	3853
f 3877 	3852 	3854
f 3855 	3822 	3852
f 3842 	3846 	3839
f 3832 	3846 	3842
f 3857 	3821 	3855
f 3842 	3697 	3839
f 3859 	3860 	3858
f 3820 	3821 	3858
f 3860 	3820 	3858
f 3857 	3858 	3821
f 3697 	3835 	3837
f 3697 	3837 	3838
f 3838 	3839 	3697
f 3697 	3842 	3832
f 3697 	3832 	3828
f 3697 	3828 	3831
f 3697 	3831 	3834
f 3852 	3885 	3841
f 3830 	3829 	3900
f 3846 	3717 	3716
f 3843 	3865 	3877
f 3829 	3840 	3900
f 3855 	3852 	3841
f 3855 	3841 	3844
f 3553 	3861 	3527
f 3854 	3843 	3877
f 3857 	3855 	3844
f 3553 	3849 	3861
f 3834 	3861 	3849
f 3856 	3900 	3850
f 3848 	3857 	3844
f 3552 	3553 	3521
f 3846 	3828 	3862
f 3860 	3851 	3820
f 3802 	3820 	3851
f 3856 	3830 	3900
f 3860 	3859 	3845
f 3860 	3845 	3851
f 3864 	3831 	3849
f 3711 	3864 	3553
f 3849 	3553 	3864
f 3845 	3859 	3858
f 3845 	3858 	3847
f 3858 	3857 	3847
f 3828 	3832 	3862
f 3857 	3848 	3847
f 3861 	3677 	3527
f 3841 	3865 	3843
f 3867 	3863 	3866
f 3834 	3864 	3861
f 3831 	3864 	3834
f 3898 	3837 	3835
f 3873 	3875 	3872
f 3872 	3875 	3871
f 3870 	3871 	3876
f 3874 	3875 	3873
f 3876 	3871 	3875
f 3876 	3865 	3870
f 3841 	3870 	3865
f 3868 	3891 	3869
f 3881 	3882 	3880
f 3879 	3880 	3882
f 3882 	3883 	3879
f 3883 	3884 	3879
f 3878 	3879 	3884
f 3884 	3885 	3878
f 3877 	3878 	3885
f 3877 	3885 	3852
f 3887 	3869 	3886
f 3841 	3885 	3870
f 3846 	3862 	3717
f 3862 	3864 	3717
f 3719 	3717 	3864
f 3864 	3552 	3719
f 3711 	3552 	3864
f 3870 	3884 	3871
f 3867 	3888 	3863
f 3885 	3884 	3870
f 3889 	3864 	3890
f 3884 	3883 	3872
f 3884 	3872 	3871
f 3883 	3882 	3873
f 3883 	3873 	3872
f 3869 	3891 	3892
f 3862 	3890 	3864
f 3882 	3881 	3874
f 3882 	3874 	3873
f 3880 	3874 	3881
f 3862 	3832 	3890
f 3880 	3875 	3874
f 3893 	3891 	3894
f 3850 	3894 	3891
f 3880 	3879 	3875
f 3895 	3893 	3894
f 3878 	3876 	3875
f 3878 	3875 	3879
f 3895 	3896 	3893
f 3896 	3900 	3893
f 3900 	3892 	3893
f 3878 	3877 	3865
f 3878 	3865 	3876
f 3895 	3894 	3896
f 3677 	3861 	3889
f 3869 	3892 	3886
f 3891 	3868 	3850
f 3864 	3889 	3861
f 3814 	3815 	3897
f 3812 	3963 	3901
f 3900 	3840 	3888
f 3822 	3823 	3826
f 3899 	3837 	3898
f 3887 	3886 	3866
f 3867 	3866 	3892
f 3892 	3866 	3886
f 3888 	3867 	3892
f 3888 	3892 	3900
f 3891 	3893 	3892
f 3894 	3850 	3900
f 3896 	3894 	3900
f 3970 	3971 	3904
f 3905 	3970 	3904
f 3837 	3899 	3838
f 3839 	3838 	3899
f 3897 	3812 	3903
f 3897 	3903 	3825
f 3889 	3890 	3998
f 3825 	3814 	3897
f 3866 	3908 	3887
f 3905 	3901 	3964
f 3826 	3903 	3812
f 3904 	3901 	3905
f 3907 	3887 	3908
f 3998 	3677 	3889
f 3826 	3812 	3901
f 3826 	3901 	3904
f 3890 	3832 	3899
f 3910 	4538 	3909
f 3902 	3906 	3976
f 3911 	4538 	3910
f 3899 	3842 	3839
f 3913 	3914 	3985
f 3902 	3985 	3914
f 3916 	3986 	3915
f 3649 	3650 	3938
f 3985 	3916 	3913
f 3916 	3914 	3913
f 3909 	3917 	3910
f 3915 	3914 	3916
f 3906 	3902 	3915
f 3915 	3902 	3914
f 4053 	3917 	3909
f 3459 	3938 	3650
f 3922 	4016 	3919
f 3459 	3650 	3460
f 3918 	3460 	3650
f 4538 	3911 	3921
f 3947 	3948 	3923
f 3927 	3923 	3948
f 3924 	3947 	3923
f 3931 	4021 	3929
f 3646 	3642 	3918
f 3937 	3649 	3938
f 3935 	3953 	3939
f 3939 	3953 	3934
f 3936 	3952 	3935
f 3649 	3937 	3632
f 3929 	3919 	3920
f 3932 	3850 	3868
f 3929 	3920 	3931
f 3940 	3856 	3932
f 3928 	3922 	3929
f 3856 	3850 	3932
f 3938 	3459 	3456
f 3929 	3922 	3919
f 3937 	3938 	3456
f 3456 	3631 	3937
f 3632 	3937 	3631
f 3934 	3933 	3924
f 3934 	3924 	3923
f 3829 	3830 	3930
f 3647 	3918 	3941
f 3927 	3939 	3934
f 3927 	3934 	3923
f 3936 	3935 	3926
f 3830 	3940 	3930
f 3936 	3926 	3925
f 3830 	3856 	3940
f 3935 	3927 	3926
f 3927 	3935 	3939
f 4027 	3807 	3800
f 3942 	3965 	3966
f 4126 	4150 	3924
f 3925 	3926 	3949
f 3950 	3925 	3949
f 3926 	3927 	3949
f 3936 	3951 	3952
f 3953 	3935 	3952
f 3954 	3934 	3953
f 3944 	4053 	3945
f 3953 	3948 	3947
f 3953 	3947 	3954
f 3952 	3949 	3948
f 3952 	3948 	3953
f 3951 	3950 	3949
f 3951 	3949 	3952
f 3936 	3925 	3950
f 3936 	3950 	3951
f 3648 	3643 	3941
f 3955 	3648 	3941
f 3948 	3949 	3927
f 3956 	3955 	3941
f 3956 	3941 	3946
f 4159 	3954 	3947
f 3946 	4035 	3956
f 3787 	3773 	3957
f 3977 	3793 	3958
f 3959 	3960 	3958
f 3961 	3812 	3843
f 3812 	3808 	3843
f 3812 	3961 	3962
f 3812 	3962 	3963
f 3964 	3901 	3963
f 3968 	3985 	3967
f 3942 	4036 	3946
f 3969 	3985 	3968
f 3942 	3649 	3635
f 4034 	3640 	3955
f 3648 	3955 	3640
f 3971 	3972 	3826
f 3973 	3826 	3972
f 3826 	3904 	3971
f 3852 	3822 	3854
f 3854 	3826 	3973
f 4034 	3955 	3956
f 4034 	3956 	4035
f 3976 	3986 	3975
f 3906 	3986 	3976
f 3958 	3957 	3959
f 3973 	3961 	3854
f 3843 	3854 	3961
f 3973 	3972 	3962
f 3973 	3962 	3961
f 3972 	3971 	3963
f 3972 	3963 	3962
f 3970 	3963 	3971
f 3970 	3964 	3963
f 3965 	3631 	3966
f 3905 	3964 	3970
f 3960 	3977 	3958
f 3620 	3623 	3958
f 3635 	3631 	3965
f 3902 	3976 	3967
f 3976 	3975 	3968
f 3976 	3968 	3967
f 3975 	3974 	3969
f 3975 	3969 	3968
f 3983 	3979 	3974
f 3969 	3974 	3979
f 3974 	3999 	3983
f 3979 	3981 	3980
f 3983 	3981 	3979
f 3985 	3969 	3984
f 3902 	3967 	3985
f 3988 	3984 	3969
f 3906 	3915 	3986
f 3987 	3974 	3986
f 3974 	3975 	3986
f 3842 	3899 	3832
f 3988 	3987 	3984
f 3986 	3985 	3984
f 3986 	3984 	3987
f 3916 	3985 	3986
f 3032 	3978 	3982
f 3773 	3959 	3957
f 3969 	3979 	3988
f 3980 	4010 	3979
f 3980 	4014 	4010
f 3988 	3979 	4010
f 3898 	4308 	3912
f 4307 	3912 	4308
f 3612 	3628 	3773
f 3991 	3994 	3990
f 3990 	3995 	3989
f 3836 	3835 	3853
f 3994 	3991 	3993
f 3995 	3990 	3994
f 3836 	3835 	3712
f 3835 	3697 	3712
f 3996 	3989 	3995
f 3993 	3991 	3997
f 3686 	3681 	3998
f 3987 	3999 	3974
f 3998 	4000 	4001
f 3993 	3997 	3999
f 3983 	3999 	3997
f 3898 	3998 	3899
f 3684 	3998 	3680
f 3680 	3998 	3681
f 3787 	3577 	3575
f 4004 	3991 	3990
f 3677 	3998 	3678
f 4005 	4004 	3989
f 3990 	3989 	4004
f 3679 	3998 	3684
f 3982 	3631 	3626
f 3982 	4037 	3631
f 3993 	3999 	4006
f 3739 	3620 	3958
f 3993 	4006 	3994
f 4019 	3803 	3805
f 1105 	3805 	3804
f 3987 	3988 	3999
f 3988 	4006 	3999
f 3804 	4002 	1105
f 4004 	4005 	4008
f 4009 	4008 	4005
f 4006 	3988 	4010
f 4010 	4003 	4006
f 4007 	4006 	4003
f 4003 	4004 	4007
f 4008 	4007 	4004
f 3786 	3787 	3575
f 4010 	3997 	4003
f 3991 	4003 	3997
f 3991 	4004 	4003
f 4019 	3801 	3803
f 3612 	3772 	4747
f 4002 	1104 	1105
f 3994 	4006 	4007
f 3994 	4007 	4008
f 3994 	4008 	3995
f 3995 	4008 	3996
f 4009 	3996 	4008
f 4002 	1116 	1104
f 4010 	4011 	3997
f 4011 	3992 	3997
f 1105 	4273 	3805
f 4011 	4010 	4014
f 4013 	3981 	3997
f 3992 	4012 	3997
f 3983 	3997 	3981
f 4012 	4013 	3997
f 4013 	3980 	3981
f 4013 	4014 	3980
f 4013 	4012 	4011
f 4002 	1109 	1116
f 4012 	3992 	4011
f 3787 	3786 	3783
f 4014 	4013 	4011
f 3920 	3919 	4016
f 3922 	4017 	4016
f 4016 	4017 	4015
f 3610 	3783 	3450
f 4021 	4022 	4020
f 4020 	4022 	4018
f 3928 	3929 	4021
f 4022 	4021 	3931
f 4023 	4018 	4022
f 3629 	3959 	3628
f 3934 	3954 	3933
f 4024 	3933 	4159
f 4159 	4158 	4024
f 2594 	3785 	2329
f 3785 	3730 	2333
f 3944 	3945 	3940
f 3930 	3945 	3807
f 3930 	3940 	3945
f 4300 	4299 	4019
f 3932 	4025 	3944
f 4026 	3769 	3770
f 3940 	3932 	3944
f 4025 	3917 	3944
f 4026 	3770 	199
f 4029 	3930 	4027
f 3827 	4027 	4028
f 3771 	3769 	4026
f 3827 	4029 	4027
f 3807 	4027 	3930
f 4032 	4030 	3801
f 3804 	3803 	4262
f 3863 	3827 	4028
f 4002 	4269 	4278
f 4029 	3829 	3930
f 3840 	3829 	4029
f 3840 	4029 	3827
f 4262 	3803 	4030
f 4026 	4030 	3771
f 4028 	4027 	4072
f 4072 	4073 	4028
f 4073 	4033 	4028
f 3921 	3869 	3887
f 3907 	3921 	3887
f 3966 	4036 	3942
f 3910 	3868 	3869
f 4035 	3946 	4036
f 3708 	3718 	4062
f 3910 	4025 	3868
f 4025 	3932 	3868
f 4037 	4034 	4035
f 4037 	4035 	4036
f 4037 	4036 	3966
f 3910 	3869 	3911
f 3911 	3869 	3921
f 3982 	3978 	4037
f 3507 	4031 	4038
f 4042 	3866 	4040
f 3908 	3866 	4042
f 3863 	4040 	3866
f 4042 	4040 	4043
f 3562 	3551 	2540
f 3678 	3998 	3679
f 4034 	4037 	4041
f 4039 	4041 	4037
f 4039 	4037 	3978
f 4033 	3863 	4028
f 4075 	4352 	4045
f 3863 	4033 	4040
f 4040 	4050 	4043
f 241 	4047 	605
f 4046 	2913 	2558
f 2558 	2541 	4046
f 605 	4047 	615
f 4048 	615 	4047
f 4049 	4043 	4050
f 3890 	3899 	3998
f 4000 	3998 	4052
f 4050 	4040 	4033
f 3944 	3917 	4053
f 3998 	4346 	3686
f 3898 	3912 	3998
f 3912 	4052 	3998
f 4339 	4347 	4001
f 3998 	4001 	4347
f 4054 	3807 	3945
f 3945 	4053 	4054
f 4000 	4052 	4303
f 3800 	3807 	4054
f 3912 	4305 	4052
f 3800 	4072 	4027
f 4057 	4058 	3898
f 4058 	4059 	3898
f 4059 	4060 	3898
f 4308 	3898 	4060
f 4057 	3898 	3835
f 3836 	4061 	3835
f 4057 	3835 	4061
f 4064 	3675 	3686
f 4063 	4064 	3686
f 4065 	4056 	4062
f 3998 	4347 	4346
f 4067 	4066 	4044
f 4070 	3524 	4069
f 4066 	4046 	2541
f 3537 	4069 	3524
f 3524 	4070 	3522
f 4068 	4053 	3909
f 4046 	2594 	2913
f 4071 	4054 	4068
f 2594 	4046 	3785
f 4054 	4053 	4068
f 2541 	4044 	4066
f 4071 	3800 	4054
f 3550 	3674 	3556
f 3674 	3673 	3556
f 4062 	4066 	4067
f 4072 	3800 	3798
f 3550 	3674 	3559
f 4078 	4072 	3798
f 3673 	3675 	3556
f 3675 	4064 	3556
f 4070 	4074 	3522
f 3675 	3559 	3673
f 3674 	3673 	3559
f 3675 	4064 	3559
f 4067 	4065 	4062
f 4059 	4058 	3853
f 4057 	3853 	4058
f 4061 	3853 	4057
f 4061 	3836 	3559
f 3836 	3853 	4061
f 3712 	3559 	3836
f 4076 	4033 	4073
f 4075 	4062 	4056
f 4057 	4061 	3559
f 4058 	4057 	3559
f 4313 	4033 	4076
f 4059 	3853 	4060
f 4060 	3853 	4077
f 4058 	3559 	4059
f 4063 	4060 	3559
f 4059 	3559 	4060
f 4066 	4062 	3730
f 4553 	3556 	4064
f 4055 	4352 	4075
f 4063 	3559 	4064
f 4079 	4073 	4078
f 4073 	4072 	4078
f 4056 	4055 	4075
f 3530 	3529 	4082
f 3531 	3532 	4082
f 3535 	4082 	3533
f 3960 	3959 	3629
f 3710 	4056 	4065
f 3959 	3773 	3628
f 4082 	3535 	3531
f 4069 	3537 	4084
f 3575 	3565 	3786
f 3537 	3533 	4084
f 4099 	4084 	3533
f 3786 	3565 	3611
f 4070 	4069 	4084
f 3957 	3623 	3617
f 4081 	4099 	4082
f 3957 	3958 	3623
f 3533 	4082 	4099
f 4081 	4080 	4099
f 3739 	3958 	3793
f 3977 	3739 	3793
f 4087 	4085 	4086
f 4089 	4087 	4086
f 3789 	3754 	3577
f 3546 	4085 	3548
f 4089 	3674 	4087
f 3674 	3550 	4087
f 3549 	4087 	3550
f 3617 	3754 	3789
f 3549 	3548 	4087
f 3787 	3957 	3617
f 4088 	4089 	4086
f 3787 	3617 	3789
f 3718 	3730 	4062
f 3786 	3611 	3412
f 3786 	3412 	3442
f 4084 	4099 	4090
f 4084 	4090 	4074
f 4084 	4074 	4070
f 2540 	3551 	4093
f 3621 	3977 	3960
f 4091 	4113 	4092
f 4113 	4085 	4092
f 3551 	4094 	4093
f 3960 	3629 	3621
f 4092 	3542 	3522
f 4092 	3522 	4074
f 4092 	4074 	4090
f 4092 	4090 	4091
f 4056 	3709 	4055
f 3543 	3544 	4092
f 1788 	4792 	2095
f 4085 	3546 	4092
f 3543 	4092 	3546
f 4087 	3548 	4085
f 4089 	3673 	3674
f 2583 	4795 	2607
f 3551 	4038 	4094
f 4097 	4091 	4090
f 4096 	4098 	4095
f 2540 	3547 	3555
f 4100 	4095 	4098
f 4101 	3234 	2736
f 4101 	2736 	3122
f 4101 	3265 	3234
f 4102 	4106 	4103
f 3167 	4185 	4101
f 4104 	3238 	4105
f 4104 	3231 	3238
f 4099 	4080 	4103
f 4107 	4103 	4106
f 4105 	4108 	4104
f 4103 	4107 	4099
f 3727 	4067 	4044
f 4111 	4104 	4108
f 4044 	3728 	3727
f 4109 	4099 	4107
f 4090 	4099 	4109
f 4097 	4090 	4109
f 4109 	4112 	4113
f 4091 	4097 	4113
f 4109 	4113 	4097
f 4044 	2333 	3728
f 4108 	4110 	4111
f 4113 	4114 	4086
f 4116 	4114 	4112
f 4113 	4112 	4114
f 4116 	4115 	4114
f 4113 	4086 	4085
f 4114 	4088 	4086
f 4108 	4098 	4110
f 4098 	4096 	4110
f 4114 	4117 	4118
f 4088 	4114 	4118
f 3238 	3273 	4105
f 4119 	4422 	4118
f 4114 	4115 	4117
f 4046 	4066 	3730
f 3730 	3785 	4046
f 4102 	4119 	4106
f 4109 	4107 	4112
f 3231 	4104 	4100
f 4107 	4106 	4112
f 4119 	4118 	4106
f 3124 	4101 	3122
f 3124 	3167 	4101
f 4093 	4094 	4031
f 4117 	4115 	4106
f 4116 	4112 	4106
f 4115 	4116 	4106
f 4118 	4117 	4106
f 4031 	4094 	4038
f 4120 	4121 	4119
f 4120 	4119 	4122
f 4124 	4123 	3732
f 4016 	4023 	4022
f 3723 	3732 	4123
f 4123 	4124 	1932
f 3931 	3920 	4016
f 3931 	4016 	4022
f 1932 	4465 	4123
f 4021 	3922 	3928
f 4021 	4017 	3922
f 4021 	4020 	4017
f 1928 	1932 	4124
f 4464 	4123 	4465
f 4130 	4015 	4138
f 4105 	4146 	4108
f 4558 	4467 	4123
f 4020 	4018 	4015
f 4020 	4015 	4017
f 4464 	4468 	4123
f 3732 	3813 	4124
f 3924 	3933 	4024
f 3721 	4123 	4467
f 3721 	3722 	4123
f 4130 	4135 	4015
f 4016 	4015 	4125
f 4095 	4100 	4104
f 3716 	3721 	4467
f 3947 	3924 	4150
f 4104 	4111 	4095
f 4023 	4016 	4125
f 4018 	4138 	4015
f 3924 	4024 	4126
f 4193 	964 	3943
f 4101 	4131 	3265
f 4005 	4132 	4009
f 3191 	3265 	4131
f 4390 	4080 	4128
f 4132 	4133 	4009
f 4133 	4134 	4009
f 4130 	4009 	4134
f 4130 	4134 	4135
f 4125 	4015 	4135
f 2731 	3191 	4131
f 4137 	4165 	4136
f 4128 	4127 	4370
f 4138 	4018 	4140
f 3989 	3996 	4143
f 4131 	3143 	2731
f 3828 	4129 	3831
f 4131 	3161 	3150
f 4143 	3996 	4142
f 4141 	4142 	3996
f 3996 	4138 	4141
f 4140 	4141 	4138
f 4023 	4140 	4018
f 4131 	3150 	3143
f 4139 	4127 	4128
f 3273 	3376 	4100
f 4169 	4145 	4024
f 4139 	4128 	4129
f 4132 	4005 	4143
f 3989 	4143 	4005
f 4146 	3273 	4100
f 4100 	4098 	4146
f 4142 	4133 	4132
f 4142 	4132 	4143
f 4098 	4108 	4146
f 4141 	4134 	4133
f 4141 	4133 	4142
f 4140 	4135 	4134
f 4140 	4134 	4141
f 3231 	4100 	3376
f 3832 	4139 	4129
f 3828 	3832 	4129
f 4135 	4140 	4125
f 4023 	4125 	4140
f 4009 	4130 	3996
f 4138 	3996 	4130
f 4129 	4128 	4081
f 4081 	4128 	4080
f 4105 	3273 	4146
f 4136 	4024 	4145
f 4126 	4024 	4136
f 3837 	3836 	4161
f 4145 	4144 	4137
f 4145 	4137 	4136
f 4356 	3839 	4161
f 4240 	2684 	3155
f 3842 	3839 	4139
f 4149 	4147 	4148
f 3155 	3102 	4240
f 3842 	4139 	3832
f 4150 	4126 	4149
f 4148 	4150 	4149
f 4151 	4149 	4126
f 4152 	4153 	3162
f 3853 	3846 	4155
f 4154 	4158 	4156
f 4159 	3933 	3954
f 4156 	4158 	4159
f 4160 	4024 	4158
f 4169 	4024 	4160
f 4077 	3853 	4155
f 4154 	4220 	4147
f 4161 	4057 	4058
f 4154 	4147 	4149
f 4161 	3836 	4061
f 4061 	4057 	4161
f 3162 	4153 	3163
f 4151 	4169 	4160
f 4158 	4154 	4149
f 4150 	4148 	4156
f 4158 	4149 	4151
f 4158 	4151 	4160
f 3947 	4150 	4159
f 4159 	4150 	4156
f 4186 	4157 	4187
f 4163 	4164 	4305
f 4165 	4166 	4136
f 4166 	4167 	4136
f 4167 	4168 	4136
f 4126 	4136 	4168
f 4126 	4168 	4151
f 4305 	4303 	4163
f 4171 	4172 	4170
f 4169 	4170 	4172
f 4172 	4144 	4169
f 4144 	4145 	4169
f 4153 	3164 	3163
f 4137 	4144 	4172
f 4137 	4172 	4165
f 4172 	4171 	4166
f 4172 	4166 	4165
f 4171 	4167 	4166
f 4171 	4170 	4167
f 3161 	4152 	3162
f 4170 	4168 	4167
f 3941 	3918 	4238
f 4169 	4168 	4170
f 4169 	4151 	4168
f 4096 	4246 	4157
f 4034 	4041 	4048
f 4162 	4157 	4246
f 4034 	4048 	4047
f 4173 	4174 	4175
f 4173 	4175 	4176
f 4173 	4176 	4177
f 4034 	4047 	3640
f 4179 	4182 	4180
f 4041 	4051 	4048
f 4181 	4178 	4180
f 4178 	4179 	4180
f 4183 	4180 	4182
f 4236 	4222 	4183
f 4184 	4185 	3167
f 3640 	4047 	3513
f 4173 	4236 	4183
f 4182 	4174 	4173
f 4182 	4173 	4183
f 4179 	4175 	4174
f 4179 	4174 	4182
f 603 	4051 	807
f 4178 	4176 	4179
f 4051 	603 	615
f 4178 	4181 	4176
f 4179 	4176 	4175
f 4051 	615 	4048
f 4181 	4177 	4176
f 3517 	4192 	3516
f 4181 	4180 	4177
f 4110 	4157 	4186
f 4189 	4190 	4191
f 4188 	3516 	4192
f 4189 	4191 	4194
f 4194 	4191 	4195
f 4194 	4195 	4192
f 4188 	4192 	3615
f 4190 	4242 	4191
f 4197 	3519 	4196
f 3520 	4196 	3519
f 4185 	4131 	4101
f 4201 	4454 	4200
f 4200 	4454 	4199
f 4198 	4199 	4473
f 4194 	4197 	4189
f 4196 	4189 	4197
f 4201 	4202 	4491
f 4185 	4153 	4152
f 4184 	4153 	4185
f 4200 	4203 	4202
f 4200 	4202 	4201
f 3169 	4184 	3167
f 4199 	4204 	4205
f 4199 	4205 	4200
f 3516 	4188 	3520
f 4198 	4206 	4204
f 4198 	4204 	4199
f 4189 	4196 	4190
f 4162 	4500 	4187
f 4198 	4479 	4206
f 4208 	3520 	4188
f 4209 	4196 	4208
f 4207 	4196 	4209
f 4207 	4190 	4196
f 3520 	4208 	4196
f 4203 	309 	4202
f 4491 	4202 	309
f 3615 	3650 	3649
f 4162 	4187 	4157
f 3649 	4208 	4188
f 3649 	4188 	3615
f 4110 	4096 	4157
f 4193 	4205 	4204
f 4204 	4206 	4193
f 4193 	4206 	4496
f 4203 	4200 	4210
f 4200 	4205 	4210
f 4131 	4185 	4152
f 4190 	4207 	3946
f 3942 	3946 	4207
f 4242 	4190 	3946
f 4210 	4205 	908
f 4203 	4210 	908
f 309 	4203 	308
f 3942 	4207 	4209
f 4184 	3164 	4153
f 3169 	3164 	4184
f 4208 	3649 	4209
f 3942 	4209 	3649
f 4194 	3519 	4197
f 3161 	4131 	4152
f 4238 	4211 	4212
f 4213 	4214 	4147
f 4148 	4147 	4214
f 4227 	4241 	4213
f 3102 	4844 	4240
f 4212 	4211 	4216
f 4214 	4213 	4234
f 4096 	4095 	4246
f 4156 	4221 	4154
f 4220 	4154 	4221
f 4222 	4236 	4221
f 4220 	4221 	4237
f 4180 	4183 	4222
f 4227 	4213 	4220
f 3624 	3622 	4223
f 3622 	4212 	4223
f 4212 	4224 	4223
f 4216 	4224 	4212
f 4224 	4225 	4223
f 4957 	4223 	4225
f 4147 	4220 	4213
f 4156 	4148 	4214
f 4156 	4214 	4221
f 4222 	4221 	4214
f 4222 	4214 	4215
f 3599 	4212 	3622
f 4222 	4215 	4180
f 4177 	4180 	4215
f 961 	3943 	964
f 3569 	4239 	3599
f 4218 	3378 	3382
f 4223 	3600 	3624
f 4228 	4241 	4227
f 4226 	4111 	4110
f 4223 	3570 	3600
f 4237 	4243 	4220
f 4223 	4219 	3570
f 4227 	4220 	4230
f 4232 	4228 	4229
f 4227 	4229 	4228
f 4239 	4238 	4212
f 4230 	4229 	4227
f 3568 	4239 	3569
f 4212 	3599 	4239
f 4232 	964 	4228
f 4177 	4215 	4173
f 4233 	4217 	4231
f 4233 	4218 	4217
f 4235 	4173 	4215
f 4215 	4214 	4235
f 4234 	4235 	4214
f 4241 	4234 	4213
f 3918 	3650 	3616
f 3387 	3378 	4218
f 4237 	4221 	4236
f 4218 	4233 	3387
f 3918 	3616 	4238
f 4236 	4235 	4234
f 4236 	4234 	4237
f 4236 	4173 	4235
f 4241 	4237 	4234
f 4399 	4401 	4193
f 4111 	4226 	4095
f 3941 	4238 	4239
f 3941 	4239 	3946
f 3567 	4242 	3568
f 4239 	3568 	4242
f 4242 	3946 	4239
f 4269 	4002 	3804
f 3567 	3614 	4242
f 4248 	4162 	4247
f 4192 	3614 	3615
f 4191 	4242 	4195
f 3614 	4195 	4242
f 4195 	3614 	4192
f 4030 	4032 	3771
f 3591 	3590 	4251
f 3591 	4251 	4254
f 4253 	4254 	4251
f 4273 	1105 	1064
f 4270 	3804 	4262
f 4256 	4254 	4253
f 4255 	4256 	4253
f 4247 	4162 	4246
f 3571 	3582 	3572
f 3580 	3572 	3582
f 4249 	4250 	4257
f 587 	4002 	4278
f 4248 	4257 	4250
f 3573 	3591 	4259
f 4258 	4259 	3591
f 4224 	4261 	4225
f 4247 	4257 	4248
f 4507 	4501 	4249
f 4260 	4224 	4211
f 4216 	4211 	4224
f 199 	567 	4264
f 4506 	4247 	4246
f 4226 	4506 	4246
f 4263 	4030 	4265
f 4246 	4095 	4226
f 4278 	4269 	1065
f 4266 	4933 	4769
f 4273 	4270 	4262
f 4270 	1064 	4269
f 1065 	4269 	1064
f 4278 	1065 	1068
f 1064 	4270 	4273
f 4278 	1091 	1067
f 4275 	4277 	4449
f 4275 	4449 	4279
f 571 	4278 	3026
f 4249 	4257 	4280
f 4281 	4497 	4272
f 3029 	3026 	4278
f 4278 	1067 	3029
f 4252 	4249 	4280
f 4278 	1068 	1091
f 4272 	4282 	4281
f 3804 	4270 	4269
f 4274 	4282 	4272
f 4282 	4283 	4286
f 4285 	4286 	4283
f 4284 	4285 	4283
f 4284 	4283 	4287
f 4284 	4287 	4288
f 4286 	4275 	4282
f 4275 	4279 	4282
f 4282 	4279 	4281
f 4282 	4274 	4290
f 4506 	4505 	4257
f 4306 	4032 	4301
f 4289 	4287 	4283
f 4283 	4282 	4290
f 4292 	4289 	4290
f 4286 	4277 	4275
f 4277 	4286 	4291
f 4285 	4291 	4286
f 4280 	4217 	4252
f 4289 	4288 	4287
f 4274 	4292 	4290
f 4283 	4290 	4289
f 4110 	4186 	4226
f 4291 	4285 	4284
f 4186 	4187 	4226
f 4278 	571 	587
f 4026 	199 	4264
f 4296 	4295 	4288
f 4030 	4026 	4264
f 4265 	4030 	4264
f 4284 	4288 	4295
f 4164 	4163 	4358
f 4030 	4263 	4262
f 4358 	4161 	4164
f 4231 	4514 	4294
f 4265 	4264 	2309
f 4161 	4058 	4059
f 4059 	4060 	4161
f 4161 	4308 	4164
f 567 	2309 	4264
f 4076 	4079 	4083
f 4297 	4263 	4298
f 4299 	4300 	4262
f 4273 	4262 	4300
f 4302 	4163 	4303
f 3801 	4019 	4299
f 4302 	4304 	4163
f 4019 	3805 	4300
f 3805 	4273 	4300
f 4263 	4297 	4299
f 4301 	4299 	4297
f 4076 	4073 	4079
f 4263 	4265 	4298
f 4262 	4263 	4299
f 4342 	4163 	4304
f 4305 	4164 	4307
f 4308 	4161 	4060
f 4025 	3910 	3917
f 4164 	4308 	4307
f 4309 	208 	4310
f 4299 	4301 	4032
f 4032 	3801 	4299
f 4305 	4307 	4336
f 4303 	4305 	4336
f 2309 	4297 	4298
f 2309 	4298 	4265
f 4307 	4308 	4155
f 4060 	4077 	4308
f 4297 	2309 	4301
f 4155 	4336 	4307
f 4155 	4308 	4077
f 4312 	208 	4311
f 4310 	208 	4312
f 4311 	4049 	4050
f 4312 	4311 	4050
f 4313 	4312 	4050
f 4063 	4346 	4302
f 4063 	4302 	4303
f 4063 	4303 	4305
f 4063 	4305 	4307
f 4063 	4307 	4308
f 4063 	4308 	4060
f 4302 	4303 	4336
f 4050 	4033 	4313
f 4000 	4303 	4302
f 4304 	4342 	4000
f 4302 	4304 	4000
f 4312 	4313 	4310
f 4309 	4310 	4313
f 4309 	4313 	4314
f 4301 	918 	4306
f 3781 	3797 	918
f 4306 	918 	3797
f 3912 	4307 	4305
f 4314 	4313 	4083
f 4303 	4052 	4305
f 4309 	4314 	4315
f 4322 	243 	208
f 3943 	3654 	908
f 3943 	961 	3654
f 4323 	245 	243
f 4323 	243 	4322
f 4193 	3943 	908
f 246 	4466 	205
f 4474 	204 	205
f 2540 	3555 	3562
f 4317 	4316 	4423
f 4341 	4340 	4317
f 4341 	4317 	4320
f 4056 	3710 	3709
f 4163 	4319 	4457
f 4457 	4358 	4163
f 4163 	4320 	4319
f 4313 	4076 	4083
f 4065 	3727 	3710
f 4318 	4314 	4083
f 4065 	4067 	3727
f 4309 	4322 	208
f 4322 	4309 	4315
f 4321 	4323 	4318
f 4315 	4314 	4322
f 4318 	4322 	4314
f 4324 	4064 	4089
f 3673 	4089 	3675
f 4044 	2541 	2333
f 4318 	4323 	4322
f 3846 	3716 	4155
f 4317 	4324 	4316
f 4324 	4088 	4316
f 4324 	4089 	4088
f 4325 	4326 	3907
f 4326 	4327 	3907
f 3921 	3907 	4327
f 4328 	4324 	4329
f 4075 	4045 	3720
f 4325 	3907 	4331
f 4317 	4340 	4324
f 3708 	4075 	3720
f 4320 	4342 	4341
f 4320 	4163 	4342
f 3907 	4330 	4331
f 3708 	4062 	4075
f 4332 	4064 	4324
f 3675 	4089 	4064
f 4324 	4328 	4332
f 4333 	4334 	3908
f 3907 	3908 	4334
f 4330 	3907 	4334
f 4336 	4337 	4329
f 4553 	4329 	4335
f 4328 	4553 	4332
f 4337 	4335 	4329
f 4332 	4553 	4064
f 4333 	3908 	4338
f 4329 	4553 	4328
f 4339 	4336 	4329
f 4329 	4324 	4340
f 4329 	4340 	4339
f 4042 	4348 	3908
f 4093 	2324 	2540
f 4043 	4349 	4042
f 4093 	4031 	2324
f 4337 	4336 	4155
f 4338 	3908 	4343
f 4336 	4339 	4340
f 4340 	4341 	4336
f 4341 	4342 	4336
f 3551 	3507 	4038
f 4342 	4304 	4336
f 4304 	4302 	4336
f 3720 	4344 	3708
f 4343 	3908 	4348
f 4344 	3720 	4345
f 4339 	4302 	4347
f 4346 	4347 	4302
f 4341 	4304 	4339
f 4340 	4341 	4339
f 4304 	4302 	4339
f 4304 	4341 	4342
f 4350 	4345 	3720
f 4043 	4049 	4349
f 4001 	4340 	4339
f 4348 	4042 	4349
f 3708 	4344 	3709
f 4001 	4000 	4341
f 4342 	4341 	4000
f 4340 	4001 	4341
f 4351 	4335 	4337
f 4311 	4364 	4049
f 4353 	4045 	4352
f 4556 	4155 	3716
f 4351 	4337 	4354
f 4155 	4354 	4337
f 4161 	4358 	4355
f 4355 	4356 	4161
f 4366 	4356 	4355
f 4363 	4364 	4311
f 4357 	4345 	4350
f 4353 	4345 	4357
f 4345 	4353 	4344
f 4352 	4344 	4353
f 4356 	4127 	4139
f 3709 	4344 	4352
f 4055 	3709 	4352
f 4358 	4457 	4461
f 4349 	4049 	4365
f 326 	328 	4360
f 4461 	4462 	4358
f 328 	4362 	4360
f 4365 	4049 	4364
f 4362 	328 	368
f 4358 	4361 	4366
f 4358 	4366 	4355
f 4621 	4349 	4365
f 4541 	4356 	4367
f 4362 	368 	334
f 4366 	4367 	4356
f 4356 	4541 	4369
f 4356 	4369 	4370
f 4372 	4370 	4369
f 4371 	4373 	4374
f 4375 	4370 	4372
f 4374 	4368 	4371
f 4356 	4370 	4127
f 4326 	4325 	4374
f 4326 	4374 	4373
f 4244 	4245 	4243
f 4245 	4387 	4243
f 4387 	4388 	4243
f 4230 	4220 	4243
f 4360 	2600 	326
f 4376 	4245 	4377
f 4377 	4245 	4378
f 4244 	4378 	4245
f 4244 	4379 	4378
f 326 	2600 	2623
f 4373 	4327 	4326
f 4243 	4380 	4379
f 4243 	4379 	4244
f 4380 	4243 	4241
f 4237 	4241 	4243
f 964 	4193 	4228
f 4368 	4382 	4381
f 4377 	4378 	969
f 4378 	4379 	969
f 4374 	4382 	4368
f 4379 	4380 	969
f 4331 	4330 	4382
f 4331 	4382 	4374
f 4382 	4385 	4381
f 969 	4380 	4193
f 4241 	4193 	4380
f 4241 	4228 	4193
f 4330 	4334 	4382
f 4325 	4331 	4374
f 4434 	4410 	4193
f 4385 	4383 	4381
f 4334 	4333 	4385
f 4388 	4229 	4243
f 4230 	4243 	4229
f 4385 	4382 	4334
f 4388 	4389 	4229
f 4232 	4229 	4389
f 4385 	4419 	4383
f 4388 	4387 	4391
f 4388 	4391 	4389
f 4333 	4338 	4385
f 4387 	4376 	4391
f 4387 	4245 	4376
f 4232 	4389 	964
f 969 	964 	4389
f 4389 	4391 	969
f 4371 	4392 	4373
f 4391 	4376 	969
f 4376 	4377 	969
f 4392 	4393 	4442
f 969 	4193 	4435
f 4392 	4368 	4393
f 4396 	4475 	4395
f 4395 	4476 	4394
f 4368 	4381 	4393
f 4368 	4392 	4371
f 4396 	4395 	4398
f 4396 	4398 	4397
f 4399 	4394 	4401
f 4395 	4394 	4399
f 4395 	4399 	4398
f 4400 	4443 	4393
f 4393 	4381 	4400
f 4397 	4398 	4193
f 4398 	4399 	4193
f 4448 	4445 	4402
f 4400 	4383 	4402
f 4406 	4510 	4405
f 4508 	4509 	4407
f 4383 	4400 	4381
f 4408 	4409 	3665
f 4128 	4370 	4390
f 4102 	4103 	4411
f 4409 	3662 	3665
f 4412 	4413 	4414
f 4103 	4415 	4411
f 4412 	4403 	4413
f 4390 	4103 	4080
f 4419 	4417 	4402
f 4412 	4424 	4403
f 4383 	4419 	4402
f 4416 	4403 	4424
f 4390 	4375 	4418
f 4390 	4370 	4375
f 4103 	4420 	4415
f 4416 	3758 	4403
f 4403 	3758 	4413
f 4421 	4420 	4390
f 4103 	4390 	4420
f 4418 	4421 	4390
f 4408 	4412 	4414
f 4316 	4422 	4423
f 4385 	4425 	4419
f 4338 	4343 	4425
f 4338 	4425 	4385
f 4426 	4428 	4422
f 4423 	4422 	4428
f 4417 	4429 	4427
f 4423 	4430 	4319
f 4419 	4429 	4417
f 4419 	4431 	4429
f 4433 	4430 	4432
f 4423 	4432 	4430
f 4349 	4617 	4431
f 4425 	4431 	4419
f 4348 	4349 	4431
f 4348 	4431 	4425
f 4408 	4414 	4409
f 4434 	4407 	4410
f 4406 	4410 	4407
f 4431 	4762 	4429
f 4406 	4405 	4435
f 4406 	4435 	4410
f 4343 	4348 	4425
f 3751 	3662 	4409
f 4405 	4404 	4436
f 4405 	4436 	4435
f 4414 	3751 	4409
f 4436 	4404 	4437
f 4434 	4401 	4407
f 4394 	4407 	4401
f 4404 	4440 	4437
f 4412 	4408 	3752
f 4404 	4520 	4441
f 4438 	4442 	4443
f 4438 	4443 	4439
f 3752 	3750 	4412
f 4404 	4441 	4440
f 3750 	4424 	4412
f 4443 	4442 	4393
f 4410 	4435 	4193
f 4401 	4434 	4193
f 4443 	4445 	4444
f 4443 	4444 	4439
f 4443 	4400 	4445
f 4447 	4497 	4281
f 4446 	4444 	4448
f 4445 	4448 	4444
f 4400 	4402 	4445
f 4449 	4447 	4279
f 4448 	4527 	4524
f 4448 	4524 	4446
f 4451 	356 	4450
f 4279 	4447 	4281
f 4452 	356 	4451
f 391 	387 	355
f 4448 	4402 	4527
f 4453 	4471 	4452
f 355 	4450 	356
f 4454 	4201 	4453
f 4392 	4442 	4373
f 4442 	4438 	4373
f 4438 	4752 	4373
f 4433 	4455 	4430
f 4320 	4423 	4319
f 4320 	4317 	4423
f 4319 	4430 	4457
f 4458 	4457 	4455
f 4430 	4455 	4457
f 4459 	4457 	4458
f 208 	204 	4478
f 4311 	208 	4478
f 4422 	4316 	4088
f 204 	4474 	4478
f 4457 	4459 	4460
f 4457 	4460 	4461
f 4361 	4358 	4462
f 4311 	4478 	4363
f 4422 	4463 	4426
f 4463 	4422 	4119
f 4118 	4422 	4088
f 4428 	4432 	4423
f 4460 	4462 	4461
f 4558 	4123 	4468
f 4277 	4469 	4449
f 4470 	4466 	4766
f 4277 	4456 	4469
f 4472 	4452 	4471
f 356 	4452 	4472
f 4471 	4453 	4201
f 4479 	4198 	4473
f 4475 	4396 	4473
f 4449 	4469 	4447
f 4268 	4447 	4469
f 4476 	4395 	4475
f 4470 	4477 	4474
f 4470 	4474 	4466
f 4498 	4447 	4268
f 4454 	4473 	4199
f 4479 	4473 	4396
f 4476 	4508 	4394
f 4503 	4450 	409
f 387 	409 	4450
f 4477 	4480 	4478
f 4271 	4268 	4469
f 4451 	4450 	4481
f 4451 	4481 	4482
f 4452 	4451 	4482
f 4452 	4482 	4484
f 4478 	4474 	4477
f 4484 	4485 	4452
f 4453 	4452 	4485
f 4453 	4485 	4486
f 4454 	4453 	4486
f 4454 	4486 	4487
f 4364 	4363 	4478
f 4364 	4478 	4480
f 356 	4472 	4488
f 4480 	4365 	4364
f 4473 	4454 	4487
f 4473 	4487 	4489
f 4470 	4766 	4365
f 4621 	4365 	4766
f 4480 	4470 	4365
f 4477 	4470 	4480
f 4490 	4488 	4472
f 4471 	4491 	4490
f 4471 	4490 	4472
f 4201 	4491 	4471
f 4492 	4475 	4489
f 4473 	4489 	4475
f 4475 	4492 	4493
f 4475 	4493 	4476
f 4293 	4518 	4294
f 4493 	4495 	4476
f 4476 	4495 	4494
f 4496 	4206 	4479
f 4479 	4396 	4496
f 4397 	4496 	4396
f 4231 	4294 	4518
f 4489 	4487 	4492
f 4487 	4486 	4492
f 4493 	4492 	4485
f 4495 	4493 	4485
f 4485 	4484 	4495
f 4484 	4482 	4495
f 4494 	4495 	4482
f 4494 	4482 	4481
f 4447 	4498 	4497
f 369 	4488 	4490
f 309 	367 	4490
f 4498 	4499 	4497
f 4491 	309 	4490
f 4486 	4485 	4492
f 4193 	4496 	4397
f 4500 	4501 	4505
f 4272 	4504 	4274
f 4481 	4450 	4503
f 378 	356 	4488
f 4497 	4504 	4272
f 4292 	4274 	4504
f 4500 	4505 	4506
f 4497 	4499 	4504
f 369 	378 	4488
f 4499 	4502 	4504
f 4510 	4406 	4509
f 4406 	4407 	4509
f 4404 	4405 	4510
f 4407 	4394 	4508
f 4294 	4514 	4507
f 4511 	4510 	4512
f 4510 	4513 	4512
f 4509 	4515 	4513
f 4509 	4513 	4510
f 4508 	4516 	4515
f 4508 	4515 	4509
f 4516 	4508 	4494
f 4476 	4494 	4508
f 4517 	4362 	334
f 4518 	4704 	4702
f 4511 	4512 	969
f 4519 	969 	4512
f 4512 	4513 	4519
f 4513 	4515 	4519
f 4481 	4519 	4515
f 4481 	4515 	4516
f 4481 	4516 	4494
f 420 	422 	4519
f 4519 	412 	420
f 4481 	4503 	4519
f 4503 	409 	4519
f 4510 	4520 	4404
f 4521 	4520 	4511
f 4520 	4510 	4511
f 4520 	4521 	4441
f 334 	4386 	4517
f 4521 	4511 	969
f 414 	4535 	4522
f 4521 	969 	4441
f 4435 	4436 	969
f 4436 	4437 	969
f 4437 	4440 	969
f 4440 	4441 	969
f 4519 	424 	969
f 311 	306 	1040
f 4427 	4429 	4532
f 4762 	4431 	4760
f 1040 	1055 	311
f 357 	4528 	4529
f 357 	4529 	4525
f 357 	4525 	4526
f 357 	4526 	354
f 4527 	4402 	4417
f 4465 	4559 	4464
f 4468 	4464 	4559
f 4531 	453 	425
f 4527 	4532 	4530
f 4527 	4530 	4524
f 4465 	1932 	1936
f 4417 	4427 	4527
f 4465 	1936 	4559
f 4427 	4532 	4527
f 4532 	4429 	4530
f 4467 	4558 	4556
f 4556 	3716 	4467
f 4078 	3798 	4539
f 4534 	4536 	4533
f 3909 	4533 	4537
f 4531 	4535 	453
f 4534 	4533 	4538
f 3909 	4538 	4533
f 4421 	4411 	4415
f 4415 	4420 	4421
f 4415 	4119 	4411
f 4534 	4538 	4536
f 4102 	4411 	4119
f 4420 	4119 	4415
f 4121 	4463 	4119
f 4537 	4068 	3909
f 4458 	4119 	4459
f 4071 	4540 	4542
f 4366 	4119 	4367
f 4369 	4119 	4372
f 4367 	4119 	4369
f 4071 	4068 	4540
f 4119 	4420 	4421
f 4119 	4421 	4418
f 4119 	4418 	4375
f 4375 	4372 	4119
f 4119 	4366 	4361
f 4119 	4361 	4462
f 3798 	4071 	4542
f 3798 	4542 	4539
f 4433 	4432 	4458
f 4428 	4458 	4432
f 4455 	4433 	4458
f 4460 	4459 	4462
f 4119 	4462 	4459
f 4426 	4463 	4458
f 4426 	4458 	4428
f 4119 	4458 	4463
f 4386 	4523 	4522
f 4541 	4367 	4369
f 4544 	4545 	4543
f 4386 	4384 	4523
f 4421 	4543 	4411
f 4545 	4411 	4543
f 4544 	4415 	4545
f 4420 	4415 	4544
f 4411 	4545 	4415
f 4421 	4420 	4543
f 4544 	4543 	4420
f 4463 	4121 	4546
f 4120 	4546 	4121
f 4122 	4119 	4546
f 4463 	4546 	4119
f 3556 	4547 	3526
f 4537 	4540 	4068
f 425 	2672 	4531
f 4120 	4122 	4546
f 2672 	425 	2924
f 4351 	4354 	4335
f 4548 	3521 	3526
f 4549 	4548 	3526
f 4547 	4549 	3526
f 1570 	3521 	4548
f 4555 	4548 	4549
f 2600 	4531 	2672
f 788 	2020 	4550
f 2600 	4360 	4531
f 4585 	4552 	4551
f 4555 	4550 	4548
f 4362 	4535 	4360
f 4531 	4360 	4535
f 4547 	4553 	4549
f 4362 	4517 	4522
f 4547 	3556 	4553
f 4539 	4551 	4078
f 4535 	4362 	4522
f 4554 	4555 	4549
f 4079 	4078 	4551
f 4553 	4554 	4549
f 4386 	4522 	4517
f 4079 	4551 	4552
f 4555 	2092 	791
f 4555 	791 	4550
f 4553 	4335 	4554
f 3720 	4045 	4561
f 4083 	4552 	4557
f 4552 	4083 	4079
f 4045 	4724 	4561
f 4561 	4562 	4350
f 4559 	4556 	4558
f 4468 	4559 	4558
f 1995 	4582 	4559
f 4559 	1997 	1995
f 4565 	4566 	4560
f 4565 	4560 	4564
f 4565 	4564 	4567
f 4560 	4566 	4607
f 3720 	4561 	4350
f 4556 	4554 	4335
f 4354 	4556 	4335
f 314 	320 	4526
f 313 	314 	4526
f 4561 	4568 	4562
f 4566 	4557 	4607
f 317 	4525 	4529
f 4562 	4568 	4563
f 367 	309 	357
f 4528 	357 	309
f 4557 	4318 	4083
f 4526 	4525 	316
f 315 	316 	4525
f 4569 	4565 	4567
f 315 	4525 	317
f 4526 	316 	313
f 307 	306 	4529
f 306 	311 	4529
f 311 	317 	4529
f 4386 	334 	4570
f 307 	4529 	308
f 4528 	308 	4529
f 4528 	309 	308
f 4571 	4576 	4565
f 4569 	4571 	4565
f 307 	308 	908
f 4384 	4570 	4572
f 4556 	4354 	4155
f 4573 	4384 	4572
f 4384 	4386 	4570
f 4576 	4566 	4565
f 4574 	2092 	4555
f 4555 	4554 	4574
f 4556 	4574 	4554
f 4573 	4523 	4384
f 4323 	4321 	245
f 4568 	4573 	4563
f 4572 	4575 	4573
f 4318 	4557 	4566
f 4582 	4588 	4559
f 4587 	4589 	4559
f 4576 	245 	4321
f 1995 	4577 	4578
f 4578 	4581 	1995
f 4573 	4575 	4563
f 4576 	4321 	4566
f 4566 	4321 	4318
f 2633 	1019 	1995
f 4577 	1995 	1027
f 4416 	4424 	3753
f 3749 	3753 	4424
f 4564 	4579 	4569
f 4567 	4564 	4569
f 3759 	4416 	3753
f 4571 	4569 	4579
f 1027 	4686 	4577
f 3759 	3758 	4416
f 4581 	4582 	1995
f 4587 	4559 	4588
f 4551 	4584 	4585
f 4551 	4539 	4584
f 4585 	4586 	4552
f 4592 	4593 	4556
f 918 	3656 	3781
f 4589 	4592 	4559
f 4586 	4557 	4552
f 4612 	4587 	4588
f 4587 	4612 	4589
f 4556 	4559 	4592
f 4542 	4540 	4580
f 4583 	4542 	4580
f 4582 	4687 	4588
f 4539 	4583 	4584
f 4539 	4542 	4583
f 4594 	4556 	4593
f 4594 	4602 	4556
f 4586 	4585 	4845
f 4596 	4597 	4595
f 4612 	4592 	4589
f 4583 	4845 	4584
f 4585 	4584 	4845
f 4601 	4599 	4600
f 4602 	4603 	4556
f 4603 	4605 	4556
f 4533 	4536 	4599
f 829 	995 	4574
f 4251 	3590 	4598
f 3581 	3582 	3590
f 4839 	4580 	4604
f 4574 	4556 	4605
f 4600 	4599 	4536
f 4599 	4604 	4533
f 4537 	4533 	4604
f 829 	4574 	4608
f 4605 	4608 	4574
f 4580 	4540 	4604
f 4540 	4537 	4604
f 4557 	4586 	4607
f 4607 	4606 	4560
f 4603 	4616 	4605
f 4606 	4609 	4610
f 4606 	4610 	4560
f 4605 	4616 	4608
f 4606 	4611 	4609
f 4253 	4251 	4598
f 4579 	4564 	4610
f 4560 	4610 	4564
f 4626 	4536 	4614
f 4612 	4588 	4613
f 4593 	4592 	4612
f 4614 	4538 	4327
f 3921 	4327 	4538
f 4536 	4538 	4614
f 4593 	4612 	4615
f 4291 	4624 	4483
f 4594 	4593 	4615
f 4620 	4253 	4598
f 4616 	4603 	4602
f 4571 	4617 	4576
f 4602 	4594 	4619
f 4616 	4602 	4619
f 4617 	4621 	4576
f 4621 	4622 	4576
f 4359 	4576 	4622
f 4291 	4483 	4456
f 4598 	4483 	4624
f 4349 	4621 	4617
f 4598 	4624 	4620
f 4253 	4620 	4255
f 4623 	4256 	4620
f 4255 	4620 	4256
f 4618 	4619 	4594
f 4615 	4618 	4594
f 4624 	4623 	4620
f 4626 	4628 	4536
f 4600 	4536 	4628
f 829 	4608 	4625
f 4256 	4623 	4254
f 4627 	4254 	4623
f 4628 	4629 	4600
f 4627 	4623 	4624
f 4616 	4625 	4608
f 4295 	4627 	4284
f 4284 	4627 	4624
f 4629 	4630 	4600
f 4284 	4624 	4291
f 4631 	4601 	4630
f 4625 	995 	829
f 4456 	4277 	4291
f 4632 	4601 	4631
f 4625 	1086 	995
f 4579 	4610 	4571
f 4600 	4630 	4601
f 4611 	4601 	4609
f 4601 	4632 	4609
f 4636 	4289 	4633
f 4288 	4289 	4636
f 4296 	4288 	4636
f 4634 	4636 	4633
f 4778 	4633 	4289
f 4652 	5083 	4637
f 4502 	4292 	4504
f 4639 	4640 	4609
f 4632 	4639 	4609
f 4610 	4609 	4640
f 4643 	4610 	4640
f 4502 	4778 	4292
f 4778 	4289 	4292
f 4633 	4641 	4634
f 4571 	4610 	4643
f 4643 	4617 	4571
f 4646 	4637 	4618
f 4619 	4618 	4637
f 4619 	4637 	4635
f 4619 	4635 	4638
f 4591 	4597 	4590
f 4276 	4293 	4294
f 4619 	4638 	4642
f 4595 	4597 	4591
f 4651 	4590 	4658
f 4507 	4514 	4505
f 4518 	4702 	4703
f 4654 	4651 	4653
f 4655 	4647 	4612
f 4648 	4612 	4647
f 4657 	4612 	4648
f 4613 	4655 	4612
f 4653 	4656 	4654
f 4687 	4689 	4655
f 4657 	4648 	4650
f 4660 	4661 	4659
f 4658 	4653 	4651
f 4293 	4267 	4518
f 4650 	4649 	4657
f 4646 	4657 	4649
f 4646 	4649 	4652
f 4646 	4652 	4637
f 4656 	177 	4654
f 4612 	4657 	4661
f 4657 	4659 	4661
f 4662 	4663 	4657
f 4662 	4657 	4646
f 4662 	4646 	4618
f 4657 	4663 	4659
f 4618 	4615 	4662
f 4673 	4662 	4615
f 4590 	4651 	4591
f 4612 	4661 	4701
f 4670 	4612 	4701
f 4651 	170 	173
f 177 	170 	4651
f 4619 	4668 	4662
f 4665 	4666 	4662
f 4663 	4662 	4666
f 173 	4591 	4651
f 4501 	4507 	4505
f 4667 	4668 	4619
f 4665 	4662 	4668
f 4667 	4619 	4642
f 4654 	177 	4651
f 4661 	4660 	4669
f 4664 	4669 	4660
f 4656 	191 	177
f 168 	191 	4656
f 5086 	1531 	4642
f 4653 	168 	4656
f 4658 	168 	4653
f 4663 	4670 	4659
f 4660 	4670 	4664
f 4659 	4670 	4660
f 4701 	4664 	4670
f 4666 	4670 	4663
f 4267 	4293 	4276
f 168 	4658 	169
f 179 	169 	4658
f 4658 	4590 	179
f 4505 	4514 	4257
f 4683 	4671 	4596
f 172 	4597 	183
f 172 	4590 	4597
f 4662 	4673 	4619
f 4514 	4231 	4280
f 172 	179 	4590
f 4670 	4673 	4615
f 4615 	4612 	4670
f 13 	3656 	25
f 4669 	4701 	4661
f 4187 	4506 	4226
f 28 	4707 	84
f 84 	4707 	86
f 4673 	4670 	4666
f 4671 	4688 	4672
f 4665 	4673 	4666
f 4668 	4674 	4665
f 4673 	4665 	4674
f 4671 	196 	183
f 4667 	4674 	4668
f 4500 	4506 	4187
f 1531 	5086 	5089
f 4667 	4642 	4674
f 1531 	4674 	4642
f 4671 	4675 	196
f 4672 	4676 	4671
f 4677 	4672 	4688
f 4616 	4619 	4673
f 4595 	4678 	4596
f 4674 	4616 	4673
f 4250 	4249 	4501
f 34 	4680 	33
f 4248 	4250 	4500
f 4501 	4500 	4250
f 5089 	5092 	1531
f 4500 	4162 	4248
f 4625 	4674 	1531
f 4674 	4625 	4616
f 4294 	4507 	4249
f 4249 	4252 	4294
f 4669 	4664 	4655
f 4682 	4655 	4664
f 4669 	4655 	4613
f 4678 	4681 	4596
f 4683 	4596 	4681
f 4685 	4679 	4683
f 4280 	4257 	4514
f 4680 	34 	4688
f 4506 	4257 	4247
f 1027 	4684 	4686
f 4578 	4577 	4686
f 4276 	4294 	4252
f 4581 	4578 	4686
f 4582 	4581 	4687
f 4686 	4687 	4581
f 4231 	4217 	4280
f 4687 	4613 	4588
f 4681 	4685 	4683
f 4692 	1671 	5111
f 4695 	4696 	5111
f 4679 	4688 	4683
f 4689 	4690 	5114
f 4697 	5114 	4690
f 4679 	4680 	4688
f 78 	33 	82
f 4690 	4689 	4687
f 4647 	4655 	4689
f 4679 	4711 	4710
f 4679 	4710 	4680
f 3406 	4691 	3382
f 4267 	4276 	4694
f 4675 	4709 	4679
f 4679 	4685 	4675
f 4692 	5111 	4696
f 4681 	4675 	4685
f 4693 	4252 	4217
f 4681 	196 	4675
f 4698 	3382 	4691
f 4678 	197 	196
f 4698 	4693 	3382
f 4678 	180 	197
f 1671 	4692 	4684
f 4686 	4684 	4692
f 4678 	196 	4681
f 4686 	4692 	4696
f 4684 	1734 	1671
f 4217 	4218 	4693
f 1734 	4684 	1754
f 4595 	180 	4678
f 4218 	3382 	4693
f 4696 	4695 	4686
f 4695 	4697 	4686
f 4697 	4690 	4686
f 4687 	4686 	4690
f 4683 	4688 	4671
f 4693 	4694 	4276
f 4682 	4700 	4655
f 4687 	4655 	4700
f 4699 	4687 	4700
f 4699 	4700 	4701
f 4693 	4276 	4252
f 183 	4596 	4671
f 4664 	4701 	4700
f 4682 	4664 	4700
f 4613 	4687 	4669
f 4701 	4669 	4687
f 4699 	4701 	4687
f 4672 	4677 	25
f 4704 	4705 	4702
f 4671 	4676 	4706
f 1671 	1711 	5111
f 4695 	5111 	4697
f 4709 	4675 	4706
f 4671 	4706 	4675
f 82 	4680 	4710
f 5114 	5081 	4647
f 5114 	4647 	4689
f 4711 	4679 	4709
f 4648 	5081 	4650
f 4707 	34 	89
f 4708 	4688 	4707
f 34 	4707 	4688
f 4677 	4688 	4708
f 4231 	4518 	4703
f 4635 	4637 	5083
f 4703 	3432 	3387
f 4706 	4676 	4709
f 4676 	2311 	4709
f 5083 	5086 	4635
f 4233 	4703 	3387
f 88 	86 	4707
f 89 	88 	4707
f 4708 	4707 	25
f 27 	4707 	28
f 4677 	4708 	25
f 4233 	4231 	4703
f 5086 	4642 	4638
f 3406 	3432 	4703
f 4711 	4709 	2372
f 4710 	4711 	2372
f 79 	78 	2372
f 4710 	2372 	82
f 4691 	3406 	4703
f 4709 	2311 	2372
f 4703 	4702 	4691
f 4702 	4693 	4698
f 2387 	100 	79
f 497 	495 	4713
f 9 	15 	14
f 4702 	4698 	4691
f 3464 	19 	9
f 15 	9 	19
f 4705 	4693 	4702
f 9 	14 	13
f 4705 	4704 	4693
f 4704 	4694 	4693
f 4267 	4694 	4704
f 4715 	4716 	4718
f 4712 	2012 	4717
f 4715 	11 	4716
f 4518 	4267 	4704
f 4717 	2012 	2015
f 2583 	4240 	4795
f 35 	4716 	11
f 2013 	2004 	4717
f 4795 	4240 	4844
f 2015 	2013 	4717
f 93 	71 	35
f 4713 	4717 	4714
f 2004 	4714 	4717
f 4718 	3465 	4715
f 4719 	3617 	3612
f 4719 	3610 	3564
f 4731 	4739 	4575
f 4732 	4719 	3612
f 3703 	9 	4715
f 3612 	4747 	4732
f 11 	4715 	9
f 4562 	4563 	4739
f 3564 	3617 	4719
f 4739 	4738 	4562
f 4718 	21 	19
f 4718 	19 	3464
f 23 	4716 	26
f 22 	4716 	23
f 4718 	4716 	22
f 4718 	22 	21
f 71 	26 	4716
f 3783 	4720 	3772
f 4724 	4568 	4561
f 11 	9 	13
f 11 	13 	25
f 3610 	4719 	3783
f 4720 	3783 	4719
f 4721 	4722 	4723
f 4724 	4045 	4357
f 4045 	4353 	4357
f 4724 	4357 	4725
f 4727 	4737 	4728
f 4644 	4730 	4456
f 4523 	4726 	4735
f 4722 	4737 	4742
f 4725 	4729 	4724
f 4726 	4731 	4735
f 4719 	4732 	4723
f 4733 	4721 	4723
f 4721 	4728 	4737
f 4456 	4730 	4469
f 4734 	4522 	4523
f 451 	4522 	4734
f 4266 	4271 	4730
f 4735 	4734 	4523
f 4271 	4761 	4268
f 4727 	4740 	4742
f 4730 	4271 	4469
f 4737 	4722 	4721
f 4735 	4572 	4734
f 4572 	4735 	4575
f 4732 	4733 	4723
f 4727 	4742 	4737
f 4644 	4456 	4483
f 4738 	4729 	4725
f 4739 	4731 	4726
f 4736 	4644 	4483
f 4741 	4742 	4740
f 4739 	4726 	4729
f 4570 	451 	4734
f 4572 	4570 	4734
f 4744 	4746 	4740
f 4563 	4575 	4739
f 4747 	3772 	4740
f 3772 	4720 	4740
f 4740 	4720 	4741
f 4738 	4739 	4729
f 4562 	4738 	4725
f 4740 	4746 	4747
f 4725 	4350 	4562
f 4744 	4779 	4743
f 4350 	4725 	4357
f 4756 	4644 	4745
f 4626 	4614 	4645
f 4644 	4756 	4730
f 5027 	2031 	4748
f 4730 	4756 	4266
f 4645 	4751 	4750
f 4751 	4752 	4753
f 4753 	4750 	4751
f 4752 	4438 	4439
f 4753 	4752 	4439
f 4271 	4266 	4769
f 4753 	4755 	4750
f 4444 	4755 	4753
f 4861 	4757 	4748
f 4749 	4748 	4757
f 4444 	4446 	4755
f 4439 	4444 	4753
f 4570 	334 	451
f 4758 	4755 	4446
f 4731 	4575 	4735
f 4446 	4524 	4758
f 4644 	4736 	4745
f 4736 	3586 	4745
f 4752 	4751 	4373
f 4751 	4645 	4373
f 4645 	4614 	4373
f 4327 	4373 	4614
f 4617 	4643 	4760
f 4573 	4726 	4523
f 4761 	4271 	4769
f 4573 	4568 	4729
f 4759 	4773 	4762
f 4770 	4763 	4761
f 4729 	4726 	4573
f 4764 	4466 	246
f 4498 	4761 	4763
f 4568 	4724 	4729
f 4769 	4770 	4761
f 246 	245 	4764
f 4498 	4268 	4761
f 4764 	245 	4576
f 4764 	4576 	4359
f 4763 	4775 	4765
f 4498 	4763 	4499
f 4622 	4621 	4764
f 4499 	4765 	4502
f 4766 	4764 	4621
f 1896 	2309 	2388
f 4764 	4359 	4622
f 4763 	4765 	4499
f 4764 	4766 	4466
f 4778 	4502 	4765
f 4773 	4429 	4762
f 4760 	4431 	4617
f 4771 	4767 	4821
f 4770 	4775 	4763
f 4524 	4772 	4758
f 4769 	4935 	4770
f 4773 	4759 	4772
f 4772 	4530 	4773
f 407 	4774 	4821
f 4524 	4530 	4772
f 4530 	4429 	4773
f 4626 	4645 	4776
f 4776 	4628 	4626
f 4777 	3571 	3586
f 3582 	3571 	4777
f 4645 	4750 	4776
f 3586 	4736 	4777
f 4598 	4777 	4483
f 4736 	4483 	4777
f 3582 	4777 	3590
f 4598 	3590 	4777
f 4765 	4775 	4778
f 458 	4774 	390
f 4944 	4936 	4775
f 4778 	4775 	4936
f 4641 	4633 	4778
f 4767 	4781 	4768
f 4740 	4779 	4744
f 4790 	4781 	4780
f 4733 	4732 	4746
f 4747 	4746 	4732
f 4746 	4721 	4733
f 4744 	4721 	4746
f 3591 	4254 	4782
f 4721 	4744 	4728
f 4743 	4728 	4744
f 4786 	4780 	4787
f 4728 	4743 	4727
f 4779 	4727 	4743
f 4780 	4788 	4787
f 4779 	4740 	4727
f 4781 	4788 	4780
f 4786 	4787 	4788
f 4785 	4782 	4627
f 4627 	4782 	4254
f 4722 	4742 	4741
f 4720 	4719 	4723
f 480 	4790 	4791
f 4722 	4741 	4723
f 4790 	4780 	4791
f 4741 	4720 	4723
f 4784 	4785 	4627
f 4780 	4786 	4791
f 2095 	4792 	2102
f 4789 	4784 	4295
f 4627 	4295 	4784
f 4296 	4794 	4295
f 4793 	4789 	4295
f 4793 	4295 	4794
f 4796 	4794 	4296
f 480 	407 	4790
f 4849 	2109 	4792
f 4797 	4636 	4641
f 4791 	458 	480
f 4791 	4774 	458
f 4776 	4800 	4629
f 4776 	4629 	4628
f 4634 	4641 	4636
f 4636 	4797 	4801
f 4799 	4296 	4801
f 4796 	4296 	4798
f 4799 	4798 	4296
f 4636 	4801 	4296
f 4774 	4791 	4771
f 4786 	4771 	4791
f 4630 	4629 	4800
f 4788 	4781 	4767
f 4802 	4800 	4776
f 4786 	4788 	4771
f 4767 	4771 	4788
f 4783 	4768 	4781
f 4776 	4750 	4802
f 4804 	3591 	4803
f 4750 	4755 	4802
f 4806 	4632 	4631
f 4631 	4800 	4806
f 4630 	4800 	4631
f 4802 	4807 	4800
f 3591 	4804 	4258
f 4805 	4258 	4804
f 4807 	4806 	4800
f 4758 	4802 	4755
f 425 	326 	2924
f 4782 	4803 	3591
f 4807 	4802 	4758
f 4807 	4759 	4806
f 2387 	2388 	2309
f 4772 	4759 	4807
f 4758 	4772 	4807
f 4632 	4806 	4639
f 4809 	4812 	4811
f 4810 	4639 	4806
f 4810 	4640 	4639
f 4937 	4967 	4641
f 4759 	4810 	4806
f 4851 	4879 	4816
f 4784 	4813 	4785
f 4768 	4811 	4812
f 4824 	4809 	4823
f 4759 	4762 	4810
f 4785 	4813 	4814
f 4785 	4814 	4782
f 4811 	4823 	4809
f 4813 	4815 	4814
f 4760 	4643 	4810
f 4814 	4815 	4816
f 4789 	4817 	4813
f 4789 	4813 	4784
f 4793 	4817 	4789
f 2609 	4818 	2593
f 4817 	4815 	4813
f 2593 	4818 	4792
f 4817 	4819 	4815
f 4812 	4767 	4768
f 4820 	4818 	2609
f 4812 	4821 	4767
f 4818 	4847 	4792
f 2608 	4820 	2609
f 4794 	4796 	4822
f 4794 	4822 	4817
f 3620 	3739 	4825
f 4794 	4817 	4793
f 3620 	4827 	3621
f 4822 	4828 	4819
f 4822 	4819 	4817
f 3620 	4825 	4827
f 3739 	3977 	4825
f 3977 	4827 	4825
f 4796 	4798 	4822
f 3977 	3621 	4827
f 4810 	4643 	4640
f 4829 	4820 	2608
f 4762 	4760 	4810
f 4795 	4829 	2607
f 4829 	4875 	4820
f 4795 	4875 	4829
f 4846 	4826 	4832
f 4834 	4835 	4833
f 4958 	1454 	4832
f 4601 	4835 	4831
f 4830 	4831 	4835
f 4833 	4835 	4611
f 4846 	4832 	4837
f 980 	2395 	4836
f 740 	4832 	936
f 4601 	4611 	4835
f 4840 	4606 	4839
f 4607 	4839 	4606
f 1454 	936 	4832
f 4849 	4838 	2322
f 4834 	4841 	4835
f 4830 	4835 	4841
f 2412 	981 	4838
f 4830 	4841 	4831
f 4842 	4831 	4841
f 4601 	4831 	4842
f 4599 	4601 	4842
f 4842 	4840 	4599
f 4846 	4905 	4826
f 4844 	4843 	4895
f 4840 	4839 	4599
f 4604 	4599 	4839
f 4844 	2402 	4843
f 2409 	4843 	2402
f 4580 	4839 	4845
f 4845 	4583 	4580
f 4842 	4841 	4833
f 4834 	4833 	4841
f 2386 	2402 	4844
f 4611 	4842 	4833
f 4606 	4842 	4611
f 4840 	4842 	4606
f 4824 	4837 	4809
f 2395 	4844 	4836
f 4839 	4607 	4586
f 4586 	4845 	4839
f 979 	4836 	2396
f 2397 	2396 	4836
f 300 	208 	301
f 4844 	3068 	4836
f 243 	301 	208
f 4847 	4848 	4849
f 4754 	4749 	4757
f 4838 	4849 	4848
f 4847 	4874 	4848
f 205 	490 	246
f 4748 	2017 	4861
f 4474 	205 	4466
f 493 	490 	205
f 493 	205 	204
f 4815 	4854 	4816
f 4816 	4854 	4851
f 4881 	4851 	4854
f 4856 	4854 	4815
f 4856 	4881 	4854
f 4819 	4828 	4855
f 4819 	4856 	4815
f 4856 	4819 	4855
f 4855 	4889 	4856
f 4754 	4757 	4857
f 4797 	4967 	4859
f 4858 	4859 	4860
f 4822 	4798 	4864
f 4872 	4857 	4757
f 4862 	4822 	4864
f 4862 	4828 	4822
f 4828 	4866 	4855
f 4828 	4862 	4866
f 4846 	4837 	4824
f 4801 	4797 	4859
f 4799 	4864 	4798
f 4865 	4853 	4852
f 4801 	4859 	4864
f 4801 	4864 	4799
f 4864 	4858 	4862
f 4858 	4864 	4859
f 4862 	4858 	4860
f 4865 	4717 	4853
f 4862 	4860 	4866
f 4866 	4907 	4908
f 4860 	4907 	4866
f 4863 	4714 	2014
f 4879 	4880 	4816
f 4880 	4989 	4816
f 4863 	2014 	2019
f 4803 	4869 	4868
f 4867 	4868 	4869
f 4757 	4861 	4712
f 4804 	4803 	4868
f 4804 	4868 	4870
f 4804 	4870 	4805
f 4870 	4259 	4805
f 4870 	4867 	4871
f 4757 	4712 	4872
f 2012 	4712 	4861
f 4258 	4805 	4259
f 2012 	4861 	2010
f 4867 	4870 	4868
f 4857 	4865 	4852
f 4259 	4870 	3573
f 4872 	4865 	4857
f 4869 	4873 	4871
f 4869 	4871 	4867
f 4849 	4792 	4847
f 4717 	4872 	4712
f 4717 	4865 	4872
f 4848 	4874 	4899
f 4861 	2017 	2010
f 497 	4713 	4850
f 4900 	4899 	4874
f 495 	4878 	4717
f 495 	4717 	4713
f 497 	4850 	4903
f 4870 	4871 	3573
f 4871 	4873 	3616
f 4238 	3616 	4873
f 949 	4832 	740
f 4983 	4238 	4873
f 4876 	4878 	4877
f 4852 	4853 	4876
f 4771 	4821 	4774
f 4814 	4816 	4984
f 4989 	4984 	4816
f 4877 	4878 	495
f 4851 	4881 	4879
f 4878 	4876 	4853
f 4881 	4882 	4880
f 4881 	4880 	4879
f 4984 	4985 	4814
f 4717 	4878 	4853
f 4884 	4881 	4856
f 4884 	4886 	4882
f 4884 	4882 	4881
f 4884 	4856 	4889
f 4886 	4884 	4890
f 4889 	4890 	4884
f 4885 	4891 	4892
f 4892 	4883 	4885
f 4850 	4713 	4714
f 4863 	4850 	4714
f 4795 	4844 	4895
f 4888 	4892 	4891
f 4795 	4895 	4875
f 4894 	4875 	4895
f 4895 	4843 	4894
f 4893 	488 	492
f 4894 	4874 	4897
f 4893 	492 	4896
f 4891 	4913 	4888
f 4818 	4820 	4897
f 4897 	4874 	4847
f 4847 	4818 	4897
f 4897 	4820 	4875
f 4875 	4894 	4897
f 4896 	492 	4898
f 501 	4898 	492
f 4838 	4848 	4901
f 4898 	505 	4902
f 4898 	501 	505
f 4838 	4901 	2412
f 4888 	4913 	4887
f 505 	521 	4902
f 527 	4902 	521
f 4899 	4901 	4848
f 4850 	4924 	4903
f 4874 	4894 	4900
f 4843 	2409 	2414
f 4900 	4843 	2414
f 4900 	4894 	4843
f 426 	3467 	4899
f 3467 	4901 	4899
f 4855 	4866 	4908
f 426 	4899 	4900
f 4908 	4889 	4855
f 948 	4883 	949
f 4883 	4992 	4905
f 3467 	417 	4901
f 3339 	3224 	3222
f 2352 	2351 	2355
f 4860 	4859 	4907
f 4997 	4859 	4967
f 4907 	4859 	4906
f 2401 	2398 	2399
f 4885 	4883 	4905
f 2383 	2408 	2384
f 4889 	4908 	4890
f 4910 	4890 	4908
f 3069 	3176 	3070
f 4909 	4888 	4887
f 4906 	4910 	4908
f 4906 	4908 	4907
f 4910 	4999 	5000
f 4999 	4910 	4906
f 4911 	4912 	4914
f 4852 	267 	4904
f 4832 	4883 	4837
f 4883 	4832 	949
f 4928 	4919 	4914
f 4919 	4918 	4914
f 4924 	5020 	4903
f 4914 	4918 	4917
f 4914 	4917 	4916
f 4754 	4857 	4904
f 4916 	4915 	4914
f 4852 	4904 	4857
f 4915 	4911 	4914
f 97 	148 	139
f 4930 	4921 	66
f 4921 	4920 	66
f 4790 	4909 	4781
f 4850 	4863 	4924
f 4909 	4887 	4783
f 97 	92 	4921
f 4922 	97 	4921
f 4930 	4922 	4921
f 70 	4922 	4925
f 4925 	74 	70
f 4219 	4929 	3586
f 69 	4925 	67
f 4925 	4922 	67
f 109 	74 	4925
f 4920 	91 	4934
f 92 	91 	4920
f 4921 	92 	4920
f 4926 	4927 	4918
f 4809 	4892 	4888
f 4919 	4928 	4926
f 4892 	4837 	4883
f 4927 	4917 	4918
f 4931 	4933 	4266
f 4756 	4931 	4266
f 4926 	4918 	4919
f 4909 	4783 	4781
f 4768 	4887 	4811
f 4914 	65 	4928
f 4745 	3586 	4929
f 4768 	4783 	4887
f 4913 	4811 	4887
f 109 	4925 	69
f 4926 	111 	4927
f 4811 	4913 	4823
f 111 	109 	4927
f 4823 	4913 	4891
f 4932 	4745 	4929
f 4928 	113 	4926
f 4824 	4823 	4891
f 113 	111 	4926
f 4891 	4885 	4846
f 4915 	4930 	4911
f 4930 	66 	4911
f 67 	4930 	4915
f 4846 	4824 	4891
f 4756 	4745 	4932
f 67 	4922 	4930
f 66 	4912 	4911
f 4885 	4905 	4846
f 65 	66 	4920
f 4920 	4934 	65
f 65 	4914 	4912
f 4756 	4932 	4931
f 65 	4912 	66
f 4916 	67 	4915
f 4892 	4809 	4837
f 109 	69 	4927
f 4932 	4929 	4946
f 4917 	4927 	69
f 4932 	4947 	4931
f 69 	4916 	4917
f 4946 	4947 	4932
f 69 	67 	4916
f 407 	4821 	4790
f 4934 	4928 	65
f 4934 	113 	4928
f 4821 	4909 	4790
f 4909 	4821 	4812
f 4888 	4909 	4812
f 4775 	4943 	4944
f 4931 	4948 	4933
f 4809 	4888 	4812
f 4933 	4935 	4769
f 4933 	4950 	4935
f 4641 	4778 	4937
f 4936 	4937 	4778
f 4936 	2331 	4937
f 2330 	4937 	2331
f 4936 	4938 	2331
f 2332 	2331 	4938
f 4938 	4936 	4939
f 4938 	4939 	4940
f 4938 	4940 	4941
f 4942 	4940 	4939
f 4935 	4943 	4770
f 4770 	4943 	4775
f 4939 	4936 	4944
f 1052 	1054 	1896
f 4942 	4939 	4944
f 4945 	4941 	4940
f 4945 	4940 	4942
f 4948 	4931 	4947
f 2572 	1052 	1896
f 4948 	4950 	4933
f 4949 	4929 	4219
f 4946 	4929 	4949
f 4935 	4950 	4959
f 4225 	4261 	4953
f 4957 	4225 	4955
f 4953 	4955 	4225
f 4223 	4956 	4219
f 4223 	4957 	4956
f 4949 	4219 	4956
f 5031 	5029 	4957
f 4959 	4943 	4935
f 4959 	4960 	4944
f 4959 	4944 	4943
f 4960 	4961 	4942
f 4960 	4942 	4944
f 4945 	4942 	4961
f 4962 	4961 	4960
f 4966 	4963 	4782
f 4803 	4782 	4963
f 4260 	4808 	4964
f 4966 	4224 	4963
f 1438 	4996 	4965
f 4964 	4963 	4224
f 4260 	4964 	4224
f 4261 	4224 	4966
f 5003 	1454 	4958
f 4797 	4641 	4967
f 4967 	4937 	4938
f 2332 	4938 	4937
f 2330 	2332 	4937
f 4941 	4945 	4938
f 4967 	4938 	4945
f 4969 	4955 	4968
f 4953 	4966 	4968
f 4261 	4966 	4953
f 4971 	4955 	4970
f 4826 	4972 	4832
f 4953 	4968 	4955
f 4973 	4951 	4974
f 4969 	4970 	4955
f 4976 	4955 	4975
f 4975 	4955 	4971
f 4951 	4954 	4974
f 4977 	4955 	4976
f 4978 	4961 	4979
f 4980 	4961 	4978
f 4967 	4945 	4980
f 5010 	4951 	4973
f 4981 	4979 	4961
f 4961 	4980 	4945
f 4962 	4981 	4961
f 4952 	4974 	258
f 4985 	4966 	4814
f 4954 	258 	4974
f 4803 	4963 	4982
f 4803 	4982 	4869
f 4873 	4869 	4982
f 4873 	4982 	4983
f 4964 	4808 	4983
f 4963 	4964 	4983
f 4982 	4963 	4983
f 4238 	4983 	4211
f 4211 	4983 	4260
f 4808 	4260 	4983
f 4782 	4814 	4966
f 4984 	5008 	4985
f 4987 	4958 	4832
f 5008 	4984 	4986
f 4987 	5003 	4958
f 4972 	4987 	4832
f 4882 	4988 	4880
f 4924 	2034 	5020
f 4880 	4988 	4989
f 4924 	4863 	2019
f 4986 	4989 	4988
f 2019 	2034 	4924
f 4986 	4984 	4989
f 4992 	4883 	4991
f 4993 	4988 	4882
f 4883 	5003 	4991
f 4886 	4993 	4882
f 4898 	4994 	4923
f 4890 	4995 	4886
f 4994 	280 	279
f 279 	4923 	4994
f 4993 	4886 	4995
f 4995 	4890 	5000
f 2181 	119 	4996
f 5011 	280 	4994
f 4996 	1428 	1431
f 4999 	4859 	4998
f 4998 	4859 	4997
f 4906 	4859 	4999
f 4903 	561 	497
f 4890 	4910 	5000
f 4877 	288 	4876
f 4995 	5000 	5001
f 267 	4852 	4876
f 4903 	5013 	561
f 5000 	4998 	5001
f 4998 	5000 	4999
f 5011 	527 	5002
f 5001 	4998 	4997
f 4997 	5023 	5001
f 273 	281 	5002
f 186 	4996 	119
f 488 	4893 	2296
f 4893 	5005 	2029
f 4966 	4985 	4968
f 5008 	4968 	4985
f 2029 	2296 	4893
f 186 	5004 	4996
f 4988 	4993 	5006
f 4988 	5006 	4986
f 5007 	4986 	5006
f 4923 	5005 	4896
f 5009 	5004 	186
f 5005 	4893 	4896
f 5008 	4969 	4968
f 4923 	276 	5005
f 5010 	4990 	5004
f 4923 	4896 	4898
f 5008 	4986 	5007
f 5008 	4970 	4969
f 4973 	4990 	5010
f 4902 	5011 	4994
f 5007 	4970 	5008
f 4994 	4898 	4902
f 4993 	5012 	5006
f 5009 	5010 	5004
f 4995 	5012 	4993
f 5011 	281 	280
f 4952 	4996 	5004
f 5007 	5014 	4975
f 4970 	5007 	4971
f 5007 	4975 	4971
f 527 	5011 	4902
f 5001 	5012 	4995
f 5002 	281 	5011
f 5006 	5014 	5007
f 5006 	5012 	5014
f 4976 	4975 	5014
f 5015 	5014 	5012
f 5014 	4977 	4976
f 5015 	5016 	5014
f 5017 	5014 	5016
f 5014 	5017 	4955
f 5018 	4955 	5017
f 4977 	5014 	4955
f 5009 	4951 	5010
f 5019 	4955 	5018
f 4957 	4955 	5019
f 5013 	4903 	5020
f 5016 	5021 	5017
f 4904 	269 	4754
f 5018 	5017 	5019
f 4979 	4981 	5015
f 5013 	5020 	194
f 5016 	5015 	5021
f 4981 	5021 	5015
f 5012 	5001 	5023
f 5012 	5023 	5015
f 4979 	5023 	4978
f 4979 	5015 	5023
f 5022 	4754 	269
f 5023 	4980 	4978
f 4967 	4980 	4997
f 4980 	5023 	4997
f 4981 	5024 	5021
f 4962 	5024 	4981
f 4749 	4754 	5022
f 1770 	5003 	4883
f 5022 	5028 	4749
f 5025 	5021 	5024
f 4946 	5026 	4947
f 5026 	4948 	4947
f 4949 	5026 	4946
f 5029 	5026 	4949
f 5029 	4949 	4956
f 5004 	4974 	4952
f 4957 	5030 	5031
f 4957 	5019 	5030
f 5030 	5019 	5032
f 5026 	4950 	4948
f 4996 	1438 	1428
f 4950 	5026 	5029
f 4952 	4965 	4996
f 4950 	5029 	4959
f 5029 	5031 	4960
f 5004 	4990 	4974
f 5029 	4960 	4959
f 4990 	4973 	4974
f 5031 	5030 	4960
f 449 	5020 	2034
f 5024 	4962 	5030
f 4960 	5030 	4962
f 5025 	5024 	5032
f 5030 	5032 	5024
f 5027 	4748 	5028
f 5021 	5032 	5017
f 5025 	5032 	5021
f 4748 	4749 	5028
f 5019 	5017 	5032
f 4956 	4957 	5029
f 5009 	4954 	4951
f 5036 	5038 	5033
f 5034 	5033 	5038
f 5034 	5038 	5040
f 5039 	5035 	5037
f 5039 	5042 	5035
f 5033 	4039 	3978
f 5041 	5036 	5033
f 5043 	5035 	5042
f 258 	4954 	5009
f 5009 	186 	258
f 3327 	5041 	5033
f 5040 	5044 	5034
f 4826 	4905 	4972
f 4992 	4972 	4905
f 4991 	4987 	4992
f 4991 	5003 	4987
f 4051 	5048 	5045
f 4992 	4987 	4972
f 4041 	4039 	5046
f 5033 	5046 	4039
f 5047 	5046 	5034
f 5033 	5034 	5046
f 2572 	1896 	2603
f 2628 	137 	147
f 5046 	5048 	4041
f 147 	5049 	2628
f 5034 	5044 	5047
f 4051 	4041 	5048
f 2630 	2628 	5049
f 5049 	2016 	2630
f 1533 	1531 	5092
f 5048 	5046 	5063
f 1500 	1501 	5100
f 5049 	5110 	2016
f 5045 	5048 	5084
f 5041 	5051 	5036
f 5038 	5036 	5051
f 5038 	5052 	5040
f 5053 	2169 	5102
f 5052 	5047 	5040
f 5047 	5044 	5040
f 754 	777 	5054
f 754 	5054 	5078
f 147 	137 	5050
f 5052 	5038 	5055
f 5038 	5051 	5055
f 3335 	5055 	5051
f 5056 	5057 	754
f 5055 	3147 	5058
f 5056 	754 	5059
f 754 	5060 	5061
f 754 	5061 	5064
f 5047 	5055 	5063
f 5052 	5055 	5047
f 5062 	5063 	5055
f 5058 	5062 	5055
f 4965 	4952 	250
f 754 	5065 	5066
f 5068 	752 	5066
f 5062 	5074 	5063
f 754 	5064 	5069
f 5058 	3151 	31
f 5065 	754 	5070
f 750 	752 	5068
f 754 	5066 	752
f 31 	5062 	5058
f 754 	5069 	5070
f 5071 	5060 	754
f 5041 	3329 	5051
f 3335 	5051 	3329
f 5071 	754 	5057
f 5047 	5063 	5046
f 5073 	754 	5072
f 5078 	5072 	754
f 5073 	5059 	754
f 1679 	5053 	5102
f 258 	250 	4952
f 5053 	5101 	2194
f 250 	2021 	4965
f 5063 	5074 	5048
f 5077 	765 	5076
f 5079 	2023 	256
f 5077 	5076 	5080
f 114 	2023 	5079
f 5084 	5048 	5074
f 5079 	256 	5067
f 5062 	5075 	5074
f 5075 	16 	17
f 5039 	5081 	5114
f 4649 	4650 	5081
f 4649 	5081 	4652
f 5062 	16 	5075
f 5083 	4652 	5081
f 5074 	5075 	5084
f 5085 	5084 	5075
f 5039 	5037 	5083
f 5039 	5083 	5081
f 5075 	17 	5085
f 4638 	4635 	5086
f 5037 	5035 	5087
f 5037 	5087 	5086
f 5037 	5086 	5083
f 5082 	255 	5090
f 5087 	5089 	5086
f 715 	5085 	713
f 5085 	5097 	713
f 5095 	5099 	5091
f 5084 	5085 	715
f 5092 	5094 	5091
f 5082 	2618 	2622
f 805 	807 	5045
f 5045 	807 	4051
f 5091 	5093 	5092
f 5084 	810 	811
f 5094 	5095 	5091
f 5084 	811 	5045
f 805 	5045 	811
f 5096 	5094 	5092
f 5110 	2622 	2619
f 5076 	5091 	5099
f 5098 	40 	861
f 5099 	5080 	5076
f 5093 	1533 	5092
f 24 	5098 	5097
f 5085 	17 	5097
f 17 	24 	5097
f 5092 	5089 	5096
f 5076 	5100 	5091
f 5093 	5091 	5100
f 5101 	5100 	5076
f 45 	40 	5098
f 5076 	2194 	5101
f 5098 	24 	45
f 5088 	5090 	255
f 195 	5090 	5088
f 1301 	5101 	1299
f 5053 	1299 	5101
f 5102 	2169 	2198
f 124 	114 	5079
f 5104 	5105 	5103
f 5079 	255 	124
f 187 	5117 	5067
f 757 	5104 	758
f 187 	5067 	256
f 5105 	5104 	760
f 757 	760 	5104
f 188 	310 	5067
f 5117 	188 	5067
f 2198 	5106 	5102
f 250 	2023 	2021
f 2198 	5104 	5106
f 5106 	1680 	5102
f 250 	256 	2023
f 5107 	5108 	5105
f 255 	310 	5088
f 5103 	5108 	5111
f 5107 	5112 	5108
f 5104 	5103 	5109
f 5103 	5105 	5108
f 5106 	5104 	5109
f 5082 	2622 	5110
f 1706 	1704 	5106
f 5106 	1708 	1706
f 5109 	1708 	5106
f 5103 	5111 	5109
f 5111 	5108 	5112
f 5049 	147 	5082
f 1708 	5109 	5111
f 5111 	5112 	5113
f 5082 	5110 	5049
f 5114 	4697 	5111
f 5113 	5114 	5111
f 5113 	5043 	5042
f 5114 	5113 	5042
f 4648 	4647 	5081
f 5042 	5039 	5114
f 5077 	5080 	5099
f 5094 	5096 	5095
f 5115 	2618 	5082
f 5096 	5099 	5095
f 5115 	5082 	5090
f 195 	5088 	188
f 5099 	5096 	5077
f 188 	5088 	310
f 5035 	5043 	5112
f 5089 	5087 	5112
f 195 	190 	5090
f 5113 	5112 	5043
f 5077 	5096 	765
f 5054 	777 	5096
f 765 	5096 	777
f 255 	5067 	310
f 5078 	5054 	5096
f 5057 	5056 	5096
f 5110 	2619 	2024
f 5071 	5057 	5096
f 5056 	5059 	5096
f 5078 	5096 	5072
f 5072 	5096 	5073
f 2024 	2016 	5110
f 5073 	5096 	5059
f 759 	750 	5112
f 5060 	5096 	5061
f 5071 	5096 	5060
f 255 	5079 	5067
f 5061 	5096 	5064
f 124 	5116 	188
f 5066 	5065 	5096
f 5065 	5070 	5096
f 5064 	5096 	5069
f 5096 	5112 	5066
f 5065 	2187 	5066
f 5069 	5096 	5070
f 5068 	5066 	751
f 5070 	2187 	5065
f 750 	5068 	751
f 5061 	2187 	5064
f 5060 	2187 	5061
f 5069 	5064 	2187
f 5116 	5082 	147
f 5070 	5069 	2187
f 5056 	2187 	5057
f 5071 	5057 	2187
f 5060 	5071 	2187
f 5059 	2187 	5056
f 751 	5066 	2187
f 5116 	255 	5082
f 5072 	5054 	5073
f 5054 	777 	5073
f 777 	2179 	5073
f 5059 	5073 	2179
f 124 	5117 	187
f 5072 	5078 	5054
f 5087 	5035 	5112
f 5068 	5066 	5112
f 750 	5068 	5112
f 759 	5112 	760
f 5105 	760 	5112
f 5096 	5089 	5112
f 5107 	5105 	5112
f 593 	5118 	595
f 5116 	195 	188
f 190 	5116 	147
f 5118 	593 	5013
f 124 	188 	5117
f 5118 	5013 	194
f 5022 	269 	292
f 2709 	5118 	194
f 119 	162 	114
f 2274 	5119 	2592
f 5119 	292 	2592
f 2274 	192 	5119
f 5119 	5022 	292
f 5028 	5022 	5119
f 5020 	449 	194
f 5027 	5028 	192
f 124 	255 	5116
f 2031 	5027 	193
f 5119 	192 	5028
f 5050 	190 	147
f 5115 	190 	5050
f 5125 	2221 	770
f 5050 	137 	2618
f 2346 	2344 	5121
f 5050 	2618 	5115
f 5120 	2344 	2360
f 5120 	2360 	5123
f 2365 	5124 	5122
f 2344 	5120 	5121
f 2365 	5122 	5123
f 5057 	5071 	5122
f 2368 	5124 	2365
f 5124 	2368 	2221
f 2221 	5125 	5124
f 770 	769 	5126
f 770 	5126 	5125
f 769 	772 	5126
f 772 	777 	5054
f 772 	5054 	5078
f 772 	5078 	5126
f 5124 	5056 	5057
f 5124 	5057 	5122
f 5059 	5056 	5125
f 5124 	5125 	5056
f 5060 	5061 	5121
f 5060 	5121 	5120
f 5061 	5064 	5121
f 5066 	5068 	782
f 750 	782 	5068
f 5123 	5071 	5060
f 5123 	5060 	5120
f 5123 	5122 	5071
f 5073 	5059 	5126
f 5072 	5073 	5126
f 5078 	5072 	5126
f 5125 	5126 	5059
f 2347 	2346 	5130
f 5130 	5129 	2347
f 5130 	2346 	5121
f 5121 	5064 	5130
f 5127 	5128 	5066
f 5129 	5130 	5069
f 5064 	5069 	5130
f 5070 	5065 	5128
f 5066 	5128 	5065
f 5127 	5066 	782
f 5129 	5069 	5128
f 5070 	5128 	5069
f 192 	2375 	193
# 10456 faces

 #end of obj_0

