# Object Export From Tinkercad Server 2015

mtllib obj.mtl

o obj_0
v 8.711 		-0.326 		12.301
v 8.793 		-0.28 		12.348
v 0.742 		0.672 		13.938
v 8.464 		-0.243 		12.39
v 8.71 		-0.252 		12.376
v 0.742 		0.668 		13.937
v -4.201 		-0.639 		12.798
v 0.768 		0.657 		13.946
v 9.688 		-0.165 		11.827
v 9.572 		-0.145 		11.849
v 9.398 		-0.203 		12.127
v -4.211 		-0.884 		12.584
v 0.696 		0.669 		13.93
v 9.29 		-0.18 		12.153
v 9.552 		-0.214 		11.782
v 9.284 		-0.251 		12.08
v 9.583 		-0.146 		11.486
v 9.695 		-0.164 		11.471
v 0.69 		0.67 		13.93
v 0.676 		0.64 		13.89
v 0.675 		0.65 		13.938
v -5.079 		-0.705 		12.763
v 9.549 		-0.214 		11.428
v -5.071 		-0.755 		12.687
v 0.67 		0.642 		13.93
v -5.006 		-0.846 		12.369
v 0.673 		0.655 		13.93
v 0.681 		0.661 		13.929
v 9.202 		-0.154 		11.852
v 8.962 		-0.182 		12.165
v -5.218 		-0.474 		12.47
v -0.356 		0.539 		15.516
v 1.268 		-1.459 		9.548
v -0.401 		0.623 		15.377
v -0.788 		0.511 		13.707
v -0.749 		0.03 		13.819
v 1.449 		-1.481 		9.576
v 0.717 		0.652 		13.845
v 1.368 		-1.521 		9.592
v 0.674 		0.649 		13.846
v 1.186 		-1.456 		9.727
v -0.685 		0.469 		13.54
v 0.67 		0.706 		13.881
v -0.723 		0.489 		13.507
v -0.748 		0.473 		13.517
v 1.214 		-1.466 		9.522
v 1.222 		-1.464 		9.535
v -0.706 		0.498 		13.553
v 1.399 		-1.076 		9.29
v 1.214 		-1.512 		9.393
v 1.509 		-1.447 		9.377
v -0.746 		0.504 		13.525
v -0.735 		0.509 		13.52
v 1.18 		-1.478 		9.38
v 1.215 		-1.471 		9.438
v 1.2 		-1.476 		9.373
v -0.736 		0.478 		13.477
v 1.204 		-1.476 		9.373
v 8.948 		-0.325 		12.007
v 8.461 		-0.39 		12.229
v 8.577 		-0.194 		11.842
v 0.657 		0.611 		13.922
v 1.302 		-1.599 		9.493
v 0.64 		0.636 		13.897
v 9.208 		-0.158 		11.479
v 9.166 		-0.294 		11.706
v 8.531 		-0.402 		11.595
v 0.666 		0.63 		13.932
v 1.298 		-1.582 		9.572
v 0.664 		0.6 		13.936
v 1.454 		-1.564 		9.61
v 1.301 		-1.57 		9.598
v 1.315 		-1.562 		9.603
v 9.352 		-0.18 		11.093
v 9.45 		-0.199 		11.083
v 9.305 		-0.247 		11.044
v 0.666 		0.604 		13.934
v 1.365 		-1.581 		9.593
v 8.401 		-0.237 		11.042
v 9.005 		-0.192 		11.078
v 1.251 		-1.632 		9.6
v 8.724 		-0.351 		10.783
v 1.262 		-1.558 		9.589
v 1.257 		-1.564 		9.579
v 1.241 		-1.537 		9.577
v 0.643 		0.525 		13.888
v 0.691 		0.57 		13.91
v 8.908 		-0.247 		10.69
v 0.686 		0.55 		13.906
v -5.942 		-0.522 		12.724
v 8.984 		-0.267 		10.682
v -5.53 		-0.61 		12.76
v 8.854 		-0.312 		10.651
v 0.67 		0.543 		13.946
v 8.616 		-0.255 		10.676
v -5.492 		-0.754 		12.538
v 0.673 		0.53 		13.952
v 0.731 		0.631 		13.856
v 0.718 		0.605 		13.885
v 8.229 		-0.405 		10.272
v -5.989 		-0.658 		12.63
v -5.852 		-0.751 		12.357
v 8.329 		-0.366 		10.295
v 0.754 		0.605 		13.839
v 8.278 		-0.344 		10.305
v 0.646 		0.638 		13.854
v -6.969 		-0.458 		12.646
v -6.878 		-0.425 		12.651
v 0.647 		0.622 		13.825
v -7.001 		-0.498 		12.617
v -6.727 		-0.401 		12.637
v -6.629 		-0.378 		12.573
v 7.753 		-0.328 		12.546
v 7.911 		-0.349 		12.535
v 7.913 		-0.428 		12.457
v 7.964 		-0.383 		12.506
v -0.024 		1.185 		9.759
v 0 		1.185 		9.758
v 0.75 		0.54 		13.841
v 0.705 		0.528 		13.879
v -0.02 		1.184 		9.76
v -0.026 		1.184 		9.759
v 0.661 		0.521 		13.881
v -0.02 		1.184 		9.76
v -0.051 		1.184 		9.761
v 0.647 		0.523 		13.846
v -6.877 		-0.593 		12.469
v -0.042 		1.183 		9.759
v -6.971 		-0.544 		12.56
v -7.469 		-0.289 		12.404
v -0.749 		0.472 		13.449
v -0.731 		0.509 		13.467
v -7.494 		-0.32 		12.546
v -0.749 		0.475 		13.447
v -0.753 		0.488 		13.48
v -0.737 		0.498 		13.49
v 1.261 		-1.586 		9.484
v -7.913 		-0.428 		12.457
v -7.964 		-0.383 		12.506
v -7.911 		-0.349 		12.535
v -7.753 		-0.328 		12.546
v 1.239 		-1.557 		9.505
v -8.054 		-0.254 		12.396
v -0.719 		0.51 		13.471
v -7.755 		-0.482 		12.382
v 1.229 		-1.605 		9.502
v 1.297 		-1.62 		9.457
v -0.756 		0.469 		13.483
v 1.457 		-1.623 		9.465
v 8.054 		-0.254 		12.396
v 1.295 		-1.625 		9.459
v 7.755 		-0.482 		12.382
v 1.462 		-1.626 		9.466
v -0.7 		0.51 		13.423
v 1.457 		-1.617 		9.468
v 1.299 		-1.614 		9.46
v 1.368 		-1.619 		9.466
v -0.688 		0.49 		13.433
v 7.494 		-0.32 		12.546
v -0.024 		0.469 		15.92
v -0.049 		0.493 		15.912
v -0.04 		0.426 		15.883
v -0.69 		0.489 		13.397
v -0.014 		0.399 		15.865
v -4.816 		-0.495 		12.198
v 0.195 		-1.295 		12.992
v 0.212 		-1.293 		12.99
v 0.224 		-1.288 		12.99
v -0.065 		0.428 		15.871
v 0.227 		-1.287 		12.99
v -0.034 		0.351 		15.816
v -4.171 		-0.559 		11.786
v -0.121 		0.502 		15.835
v 0.13 		-1.303 		12.992
v 0.206 		-1.293 		12.989
v -0.124 		0.4 		15.804
v 0.23 		-1.286 		12.989
v -4.575 		-0.927 		12.113
v -4.968 		-0.908 		11.831
v -0.028 		0.275 		15.737
v -0.211 		0.276 		15.636
v -0.161 		0.336 		15.729
v 0.245 		-1.283 		12.989
v -0.089 		0.292 		15.737
v -4.127 		-0.543 		11.575
v 0.201 		-1.301 		12.975
v -0.212 		0.427 		15.719
v -4.189 		-0.566 		11.637
v 0.0999 		-1.3036 		12.992
v 0.096 		-1.304 		12.992
v 0.0858 		-1.304 		12.992
v 0.1036 		-1.3036 		12.992
v -4.219 		-0.555 		11.55
v 0.0869 		-1.304 		12.9919
v 0.078 		-1.3042 		12.9915
v 0.0991 		-1.3037 		12.9919
v 0.023 		-1.305 		12.99
v -0.29 		0.423 		15.622
v -0.063 		0.197 		15.643
v 0.24 		-1.304 		12.927
v 0.193 		-1.334 		12.849
v -4.155 		-0.533 		11.486
v -0.336 		0.334 		15.529
v -0.303 		0.273 		15.534
v -4.118 		-0.53 		11.32
v -4.191 		-0.535 		11.32
v -0.384 		0.307 		15.439
v -0.435 		0.459 		15.387
v -4.2 		-0.541 		11.486
v -4.28 		-0.569 		11.269
v 0.541 		-1.104 		12.692
v 0.751 		-1.1 		12.663
v -4.266 		-0.57 		11.488
v 0.61 		-1.182 		12.49
v -0.007 		0.114 		15.545
v -0.086 		0.063 		15.454
v 0.347 		-1.15 		12.685
v -0.346 		0.236 		15.443
v -4.156 		-1.031 		11.416
v -0.232 		0.197 		15.54
v -0.143 		0.142 		15.543
v 0.348 		-1.193 		12.623
v -5.788 		-0.785 		12.146
v -0.244 		0.105 		15.408
v 0.308 		-1.226 		12.592
v -0.007 		0.925 		15.239
v -4.1 		-0.546 		11.083
v 0.283 		-1.264 		12.546
v -4.917 		-0.566 		10.805
v -0.101 		0.922 		15.204
v -0.105 		0.936 		15.105
v -0.094 		0.894 		15.319
v -0.178 		0.868 		15.321
v -4.137 		-0.579 		10.8
v -4.204 		-0.548 		11.148
v -0.734 		0.489 		13.439
v -0.263 		0.836 		15.283
v -0.323 		0.772 		15.326
v -0.28 		0.856 		15.172
v -4.267 		-0.575 		11.085
v -0.713 		0.455 		13.433
v -4.296 		-0.589 		11.163
v -0.362 		0.799 		15.113
v -4.227 		-0.595 		10.801
v -0.124 		1.176 		9.786
v -0.736 		0.477 		13.369
v 7.469 		-0.289 		12.404
v 1.239 		-1.569 		9.453
v 1.273 		-1.623 		9.461
v -0.42 		0.722 		15.148
v -0.401 		0.714 		15.251
v -0.694 		0.485 		13.345
v -0.445 		0.543 		15.339
v -0.152 		1.182 		9.747
v -0.48 		0.543 		15.225
v -0.255 		1.103 		9.78
v -0.5 		0.542 		15.127
v -0.241 		1.134 		9.731
v -0.723 		0.382 		13.432
v -0.245 		1.097 		9.774
v -0.247 		1.116 		9.752
v -0.773 		0.485 		13.548
v -0.007 		0.947 		15.077
v -0.017 		0.959 		14.978
v -0.796 		0.489 		13.512
v -0.2 		0.908 		15.079
v -0.186 		0.916 		14.977
v -0.111 		0.934 		14.979
v -0.798 		0.482 		13.455
v -0.817 		0.502 		13.455
v -0.2 		1.146 		9.787
v -0.2 		0.907 		14.978
v -0.182 		1.146 		9.818
v -0.825 		0.512 		13.455
v -0.038 		0.99 		14.901
v -0.169 		0.936 		14.969
v -0.814 		0.492 		13.468
v -0.136 		0.953 		14.962
v -0.277 		1.029 		9.973
v -0.265 		1.064 		9.863
v -0.808 		0.486 		13.456
v -0.219 		0.925 		14.957
v -0.793 		0.478 		13.488
v -0.274 		1.047 		9.836
v -0.779 		0.47 		13.456
v -0.159 		0.97 		14.89
v -0.116 		1.201 		9.687
v -0.773 		0.477 		13.347
v 6.878 		-0.425 		12.651
v -0.78 		0.505 		13.366
v 6.969 		-0.458 		12.646
v -0.077 		1.203 		9.708
v -0.746 		0.171 		13.516
v -0.028 		1.191 		9.631
v 7.001 		-0.498 		12.617
v -0.728 		0.252 		13.551
v 6.727 		-0.401 		12.637
v 6.629 		-0.378 		12.573
v -0.066 		1.189 		9.668
v 0.648 		0.531 		13.828
v 0.264 		-1.218 		12.72
v 0.28 		-1.204 		12.689
v 0.636 		0.62 		13.923
v 6.971 		-0.544 		12.56
v 6.877 		-0.593 		12.469
v 0.635 		0.592 		13.937
v 0.639 		0.539 		13.916
v 0.278 		-1.241 		12.623
v 0.276 		-1.232 		12.757
v 4.164 		-0.626 		13.531
v 4.176 		-0.625 		13.531
v 4.187 		-0.63 		13.531
v 4.17 		-0.623 		13.517
v -4.283 		-0.615 		10.889
v 4.1765 		-0.6266 		13.5099
v 4.1753 		-0.6262 		13.5172
v 4.1762 		-0.6257 		13.5216
v 4.1785 		-0.6281 		13.5173
v 4.1764 		-0.6259 		13.5213
v -4.12 		-0.623 		10.545
v -4.175 		-0.604 		10.663
v 0.247 		-1.192 		12.748
v 0.246 		-1.203 		12.784
v -0.197 		1.03 		13.271
v 0.24 		-1.171 		12.743
v -0.43 		0.983 		12.888
v -0.466 		0.98 		13.009
v 4.195 		-0.638 		13.518
v -0.461 		0.989 		13.267
v 0.213 		-1.185 		12.782
v 4.152 		-0.637 		13.531
v 0.146 		-1.17 		12.8
v -0.057 		1.017 		12.844
v 4.148 		-0.638 		13.518
v 0.085 		-1.357 		12.788
v 0.246 		-1.34 		12.677
v -0.692 		0.851 		13.266
v 0.263 		-1.303 		12.589
v -0.616 		0.924 		13.122
v 4.164 		-0.631 		13.477
v -4.257 		-0.641 		10.664
v 0.406 		-1.217 		12.504
v -0.727 		0.716 		13.265
v 0.276 		-1.281 		12.54
v 4.17 		-0.621 		13.476
v 4.195 		-0.631 		13.443
v 0.226 		-1.376 		12.5
v 0.171 		-1.414 		12.388
v 4.182 		-0.668 		13.533
v 3.799 		-1.011 		12.084
v 4.193 		-0.657 		13.533
v 4.163 		-0.668 		13.533
v 3.437 		-0.617 		11.788
v 4.165 		-0.672 		13.52
v 4.093 		-0.541 		11.549
v 4.077 		-0.552 		11.603
v 4.192 		-0.641 		13.518
v 4.091 		-0.572 		11.678
v -4.234 		-0.658 		10.542
v 4.197 		-0.653 		13.519
v -4.098 		-0.673 		10.358
v 1.253 		-1.612 		9.45
v 4.1526 		-0.6584 		13.5258
v 4.1537 		-0.6612 		13.5314
v 4.154 		-0.66 		13.519
v 4.154 		-0.662 		13.533
v -4.165 		-0.67 		10.374
v -4.213 		-0.658 		10.482
v 1.256 		-1.606 		9.448
v -4.144 		-0.696 		10.285
v -0.132 		1.205 		9.67
v -0.131 		1.204 		9.667
v 4.153 		-0.667 		13.509
v -0.209 		1.164 		9.68
v -0.277 		0.894 		14.96
v -4.108 		-0.7 		10.283
v -0.33 		0.859 		14.962
v -0.148 		1.206 		9.605
v -0.139 		1.206 		9.638
v -4.113 		-0.701 		10.273
v -0.288 		0.862 		15.082
v -4.123 		-0.703 		10.256
v -0.287 		0.86 		14.978
v -0.138 		1.208 		9.608
v -0.411 		0.804 		14.939
v -0.727 		0.599 		13.299
v -0.139 		1.205 		9.637
v -0.748 		0.612 		13.286
v -0.138 		1.201 		9.607
v -0.131 		1.196 		9.656
v -0.14 		1.2 		9.633
v 1.225 		-1.574 		9.427
v 0.361 		0.996 		14.097
v 1.23 		-1.595 		9.444
v 0.42 		0.969 		14.277
v 1.233 		-1.584 		9.434
v 0.274 		1.024 		13.885
v 0.45 		0.967 		14.097
v 0.508 		0.944 		14.097
v -0.695 		0.557 		13.308
v 0.822 		-0.397 		9.796
v 0.801 		-0.259 		10.1
v 0.707 		0.019 		14.124
v 0.705 		0.103 		14.135
v -0.699 		0.563 		13.272
v 0.852 		-0.538 		9.413
v 0.81 		-0.424 		9.475
v -4.123 		-1.058 		10.619
v 0.785 		-0.335 		9.5
v 0.704 		0.505 		13.839
v -6.667 		-0.682 		11.95
v 0.996 		-0.779 		9.658
v 0.652 		0.498 		13.878
v 0.912 		-0.64 		9.704
v 0.917 		-0.691 		9.307
v 4.152 		-0.657 		13.523
v -7.736 		-0.272 		11.416
v -7.681 		-0.26 		12.169
v 4.151 		-0.652 		13.527
v 0.758 		-0.151 		9.441
v 0.018 		-1.521 		9.265
v -7.448 		-0.568 		12.027
v 4.149 		-0.652 		13.532
v -7.488 		-0.543 		12.276
v 0.449 		-1.508 		9.824
v 0.177 		-1.526 		9.904
v -8.043 		-0.47 		12.13
v 0.758 		-1.5 		9.408
v -7.693 		-0.533 		11.285
v 4.191 		-0.657 		13.478
v 4.176 		-0.671 		13.479
v -7.06 		-0.373 		10.752
v -7.148 		-0.413 		10.25
v 1.032 		-0.888 		9.143
v 0.691 		0.261 		14.022
v 1.577 		-1.307 		8.711
v -6.52 		-0.697 		10.24
v 1.752 		-1.212 		9.003
v 0.74 		0.048 		13.9
v 4.023 		-0.561 		11.55
v -8.103 		-0.291 		10.642
v 1.979 		-1.408 		9.125
v 1.83 		-1.307 		8.769
v 0.515 		0.965 		13.658
v 0.656 		0.865 		13.657
v 0.678 		0.815 		13.657
v 4.021 		-0.582 		11.607
v 4.174 		-0.679 		13.479
v -7.693 		-0.364 		10.294
v 1.809 		-1.454 		8.725
v -8.068 		-0.343 		10.304
v 3.992 		-0.588 		11.551
v -4.173 		-1.061 		9.258
v -4.858 		-0.952 		9.456
v -4.862 		-0.678 		9.944
v -0.201 		1.169 		9.655
v -4.51 		-0.783 		9.594
v -4.96 		-0.828 		9.259
v -0.232 		1.149 		9.692
v -0.233 		1.147 		9.689
v 4.145 		-0.663 		13.478
v 4.154 		-0.662 		13.478
v -0.232 		1.128 		9.725
v -0.239 		1.131 		9.726
v 4.142 		-0.658 		13.444
v -5.605 		-0.637 		9.754
v -0.237 		1.111 		9.691
v -0.224 		1.143 		9.686
v 4.033 		-0.542 		11.411
v 4.159 		-0.64 		13.331
v 4.179 		-0.634 		13.409
v 3.977 		-0.566 		11.322
v 4.019 		-0.552 		11.487
v -0.23 		1.148 		9.633
v -0.7 		0.565 		13.249
v -0.234 		1.144 		9.615
v -0.244 		1.135 		9.601
v -0.227 		1.149 		9.656
v -0.424 		0.726 		14.977
v -0.695 		0.521 		13.308
v -0.473 		0.635 		15.084
v -0.235 		1.13 		9.6
v -0.237 		1.122 		9.603
v -0.72 		0.571 		13.277
v -0.416 		0.767 		14.968
v -0.221 		1.143 		9.631
v -0.463 		0.701 		14.944
v -0.446 		0.7 		14.971
v -0.057 		1.218 		9.562
v -0.057 		1.217 		9.561
v -0.721 		0.525 		13.26
v -0.06 		1.216 		9.558
v 0 		1.224 		9.552
v -0.453 		0.675 		14.973
v -0.059 		1.216 		9.559
v -0.756 		0.572 		13.282
v -0.743 		0.515 		13.249
v -0.505 		0.533 		14.964
v -0.476 		0.628 		14.958
v -0.495 		0.545 		14.96
v -0.039 		1.202 		9.568
v -0.039 		1.205 		9.565
v 0 		1.208 		9.565
v 0 		1.195 		9.596
v -5.665 		-0.674 		9.565
v -5.749 		-0.704 		9.443
v -0.472 		0.36 		15.271
v -0.432 		0.278 		15.315
v -0.481 		0.452 		15.266
v -5.729 		-0.806 		9.38
v 3.952 		-0.595 		11.369
v -5.785 		-0.783 		9.337
v -5.808 		-0.759 		9.332
v 3.966 		-0.595 		11.465
v -0.466 		0.256 		15.175
v -5.797 		-0.732 		9.367
v 3.956 		-0.6 		11.397
v -4.26 		-1.013 		8.964
v -4.253 		-0.984 		9.01
v -0.401 		0.189 		15.281
v 3.413 		-1.091 		11.728
v -4.253 		-1.034 		8.977
v 1.495 		-1.198 		8.952
v 1.291 		-1.142 		8.887
v -4.986 		-0.912 		9.132
v 1.137 		-1.078 		8.776
v -0.108 		1.213 		9.567
v -0.127 		1.21 		9.583
v -0.727 		0.605 		13.193
v 1.864 		-1.442 		8.623
v -0.709 		0.598 		13.194
v 1.621 		-1.384 		8.576
v -0.105 		1.212 		9.569
v 1.874 		-1.374 		8.634
v -0.125 		1.199 		9.586
v -0.126 		1.202 		9.584
v 2.717 		-1.121 		12.029
v 2.803 		-0.647 		12.231
v 2.259 		-0.677 		12.249
v -0.104 		1.203 		9.572
v -0.074 		1.204 		9.566
v 1.628 		-1.435 		8.535
v 2.79 		-0.699 		11.285
v 1.885 		-1.417 		8.589
v 2.254 		-0.734 		11.294
v 1.597 		-1.464 		8.577
v 2.721 		-1.203 		11.295
v 1.37 		-1.272 		8.641
v 1.205 		-1.222 		8.538
v -0.112 		1.212 		9.56
v 4.068 		-0.539 		11.213
v -0.113 		1.21 		9.556
v 1.026 		-1.036 		8.583
v 4.065 		-0.551 		11.084
v 4.005 		-0.58 		10.979
v -0.09 		1.215 		9.514
v 1.528 		-1.479 		8.689
v -0.179 		1.194 		9.548
v -0.157 		1.197 		9.552
v -0.147 		1.203 		9.553
v 3.942 		-0.608 		11.217
v -0.162 		1.21 		9.54
v 1.409 		-1.363 		8.507
v -0.129 		1.217 		9.536
v 3.967 		-0.589 		11.086
v 3.958 		-0.62 		10.946
v 1.362 		-1.46 		8.523
v 1.406 		-1.424 		8.472
v 1.275 		-1.481 		8.646
v 1.059 		-1.465 		8.569
v 3.948 		-0.615 		11.217
v 3.962 		-0.635 		10.947
v -0.196 		1.173 		9.544
v 1.232 		-1.324 		8.414
v 3.948 		-0.616 		11.205
v 1.086 		-1.281 		8.286
v 1.217 		-1.393 		8.389
v 3.416 		-0.703 		10.753
v -0.208 		1.188 		9.53
v -0.179 		1.189 		9.523
v -0.138 		1.198 		9.518
v 4.071 		-0.606 		10.664
v 4.088 		-0.626 		10.546
v 4.184 		-0.637 		13.409
v 4.014 		-0.627 		10.668
v -0.204 		1.191 		9.535
v 3.986 		-0.653 		10.736
v 4.196 		-0.677 		13.411
v 3.99 		-0.653 		10.671
v 3.996 		-0.656 		10.732
v 4.014 		-0.663 		10.548
v -0.244 		1.138 		9.598
v 4.094 		-0.697 		10.313
v 4.054 		-0.662 		10.449
v 4.077 		-0.69 		10.343
v -4.999 		-0.89 		9.121
v -4.99 		-0.863 		9.163
v 4.15 		-0.659 		13.41
v 4.03 		-0.676 		10.483
v 4.064 		-0.69 		10.375
v 0.77 		0.649 		13.718
v 1.058 		-1.353 		8.274
v 1.159 		-1.437 		8.446
v 0.779 		0.597 		13.781
v -0.734 		0.58 		13.24
v 1.076 		-1.178 		8.383
v 0.781 		0.532 		13.764
v 0.768 		0.588 		13.774
v 0.738 		-0.087 		9.117
v -0.753 		0.585 		13.247
v 0.789 		-0.445 		9.188
v 0.789 		0.519 		13.706
v -0.703 		0.519 		13.187
v 0.752 		-0.476 		8.807
v 0.776 		0.587 		13.752
v 0.729 		-0.32 		8.732
v 0.749 		-0.378 		8.964
v -0.704 		0.57 		13.185
v 0.887 		-0.708 		8.985
v 0.827 		-0.558 		9.112
v 0.793 		-0.573 		8.847
v 0.795 		0.563 		13.736
v -0.7047 		0.5733 		13.1845
v 0.803 		0.586 		13.698
v 0.893 		-0.86 		8.543
v 0.727 		-0.614 		8.362
v 4.039 		-0.677 		10.45
v 0.778 		0.604 		13.586
v 0.782 		0.537 		13.591
v 0.801 		0.628 		13.684
v 0.691 		-0.542 		8.203
v 0.715 		-0.379 		8.501
v -0.743 		0.534 		13.232
v 0.7 		-0.083 		8.226
v 0.774 		0.646 		13.678
v 0.8 		0.631 		13.686
v 0.807 		0.604 		13.695
v -0.734 		0.728 		13.07
v 0.276 		-1.516 		9.201
v 0.806 		0.619 		13.691
v 0.71 		-1.5 		9.011
v -0.7069 		0.5764 		13.1519
v -0.7067 		0.576 		13.154
v -0.736 		0.58 		13.139
v -0.708 		0.579 		13.14
v 3.759 		-1.111 		10.485
v 0.736 		0.653 		13.813
v 2.792 		-0.755 		10.746
v 0.736 		0.657 		13.77
v -6.35 		-0.538 		9.899
v 0.677 		0.642 		13.819
v -6.583 		-0.575 		9.681
v -6.637 		-0.649 		9.604
v 2.134 		-1.268 		11.207
v -6.679 		-0.621 		9.606
v -6.662 		-0.596 		9.631
v 2.13 		-1.268 		11.21
v -7.383 		-0.452 		9.969
v 2.114 		-1.435 		11.22
v -7.983 		-0.459 		10.236
v -7.315 		-0.56 		9.91
v -0.228 		1.142 		9.538
v 0.971 		-1.14 		8.195
v -7.513 		-0.463 		9.947
v -7.474 		-0.52 		9.919
v -0.312 		1.071 		9.573
v 2.119 		-1.438 		11.217
v -7.542 		-0.487 		9.931
v -0.264 		1.117 		9.589
v 2.129 		-1.357 		11.194
v 2.094 		-1.51 		11.12
v -0.286 		1.081 		9.577
v 2.05 		-1.506 		11.213
v -8.711 		-0.326 		12.301
v 2.115 		-1.481 		11.152
v 2.126 		-1.427 		11.082
v -8.71 		-0.252 		12.376
v -8.464 		-0.243 		12.39
v -8.793 		-0.28 		12.348
v 2.089 		-1.485 		11.22
v -0.27 		0.059 		15.289
v -0.183 		0.03 		15.33
v -0.263 		1.108 		9.5
v -0.333 		0.129 		15.324
v -0.297 		1.08 		9.525
v -0.267 		1.104 		9.529
v -0.359 		0.095 		15.185
v 0.992 		-1.403 		8.329
v -0.28 		0.04 		15.219
v -0.32 		1.047 		9.521
v 0.753 		-1.404 		8.256
v -0.321 		1.049 		9.521
v -0.505 		0.336 		14.975
v -0.506 		0.341 		15.063
v -0.312 		1.087 		9.512
v -0.296 		1.107 		9.509
v -8.962 		-0.182 		12.165
v -8.461 		-0.39 		12.229
v 2.128 		-1.418 		10.98
v 2.124 		-1.507 		10.85
v -0.251 		1.168 		9.227
v -0.308 		1.104 		9.305
v -0.273 		1.103 		9.463
v -8.948 		-0.325 		12.007
v -0.15 		1.199 		9.451
v -8.577 		-0.194 		11.842
v 2.141 		-1.295 		10.848
v -0.117 		1.232 		9.297
v -0.347 		1.027 		9.451
v -9.202 		-0.154 		11.852
v 2.052 		-1.565 		10.921
v 2.094 		-1.548 		10.92
v 0 		1.243 		9.216
v -9.166 		-0.294 		11.706
v -0.054 		1.236 		9.369
v -9.208 		-0.158 		11.479
v 2.127 		-1.494 		10.482
v 2.127 		-1.494 		10.251
v -9.398 		-0.203 		12.127
v -9.284 		-0.251 		12.08
v -9.552 		-0.214 		11.782
v -0.052 		0.914 		10.171
v -0.249 		0.92 		10.166
v -9.583 		-0.146 		11.486
v -9.572 		-0.145 		11.849
v 2.052 		-1.609 		10.272
v 2.052 		-1.597 		10.69
v 2.115 		-1.557 		10.687
v -9.29 		-0.18 		12.153
v 2.094 		-1.579 		10.689
v -0.244 		0.902 		10.201
v -9.688 		-0.165 		11.827
v 2.124 		-1.537 		10.486
v 2.094 		-1.592 		10.493
v -0.159 		0.896 		10.24
v -9.549 		-0.214 		11.428
v -9.695 		-0.164 		11.471
v 0.749 		-1.462 		8.571
v 0.487 		-1.459 		8.438
v 0.225 		-1.465 		8.21
v 0.276 		-1.494 		8.685
v 4.207 		-0.673 		13.323
v -8.724 		-0.351 		10.783
v 0.048 		1.029 		8.058
v -9.005 		-0.192 		11.078
v -0.487 		0.353 		14.971
v 0.523 		0.558 		7.953
v 0.302 		0.852 		7.949
v 0.197 		0.972 		8.016
v -0.475 		0.241 		14.979
v -0.476 		0.241 		14.981
v 4.147 		-0.688 		13.324
v -0.429 		0.159 		15.096
v 4.149 		-0.656 		13.322
v 0.496 		0.617 		8.162
v -0.279 		0.007 		15.005
v 0.453 		0.658 		8.078
v 0.419 		0.696 		8.183
v -0.355 		0.065 		14.992
v -0.419 		0.133 		14.976
v -0.429 		0.153 		14.986
v 5.838 		-0.423 		12.452
v 0.44 		0.659 		8.075
v -0.418 		0.146 		14.984
v 0.265 		0.907 		7.853
v 0.325 		0.815 		7.885
v 5.989 		-0.565 		12.726
v 0.318 		0.843 		7.835
v 5.942 		-0.522 		12.724
v 0.332 		0.813 		7.869
v 5.542 		-0.658 		12.73
v -0.399 		0.115 		14.988
v 5.938 		-0.706 		12.518
v -8.401 		-0.237 		11.042
v 0 		1.001 		7.765
v 0 		1.014 		7.855
v 0.102 		1.008 		7.861
v -0.75 		0.591 		13.171
v 5.852 		-0.751 		12.357
v 0.211 		0.959 		7.846
v 0.205 		0.943 		7.726
v -0.758 		0.597 		13.17
v 0.155 		0.992 		7.86
v -8.854 		-0.312 		10.651
v 0.156 		0.98 		7.769
v -8.616 		-0.255 		10.676
v -8.229 		-0.405 		10.272
v 4.19 		-0.627 		13.221
v -8.329 		-0.366 		10.295
v 0.418 		0.701 		7.861
v 0.446 		0.656 		7.873
v 0.385 		0.727 		7.88
v -8.984 		-0.267 		10.682
v 0.448 		0.651 		7.882
v -8.908 		-0.247 		10.69
v 4.173 		-0.639 		13.222
v -0.762 		0.603 		13.171
v 4.19 		-0.646 		13.272
v -0.7068 		0.576 		13.1515
v -0.707 		0.576 		13.1476
v -0.7068 		0.576 		13.1484
v -0.7071 		0.5768 		13.1466
v -0.7067 		0.576 		13.1509
v -0.707 		0.576 		13.1475
v -8.278 		-0.344 		10.305
v 0.46 		0.645 		7.93
v 0.434 		0.654 		7.885
v 0.442 		0.651 		7.884
v -9.352 		-0.18 		11.093
v -9.305 		-0.247 		11.044
v -9.45 		-0.199 		11.083
v 0.475 		0.622 		7.874
v 0.476 		0.615 		7.84
v -0.199 		0.969 		7.971
v 0.543 		0.468 		7.681
v -0.496 		0.617 		8.162
v -0.7054 		0.5721 		13.1628
v -0.7055 		0.5721 		13.1627
v -0.7054 		0.5721 		13.1647
v -0.7057 		0.5726 		13.1585
v -0.7059 		0.5729 		13.1564
v -0.7059 		0.573 		13.1553
v -0.706 		0.5733 		13.1545
v -0.7062 		0.5746 		13.1566
v -0.7054 		0.5725 		13.1648
v -0.7054 		0.5722 		13.1648
v -0.7064 		0.5742 		13.1522
v -0.706 		0.573 		13.1552
v -0.46 		0.064 		14.856
v 0.652 		0.131 		7.813
v -0.7059 		0.5729 		13.1563
v -0.7054 		0.5723 		13.1638
v -0.7055 		0.5721 		13.1623
v -0.7066 		0.5758 		13.1518
v 0.767 		0.648 		13.748
v -0.7051 		0.5717 		13.1674
v -0.7052 		0.572 		13.1648
v 0.669 		0.005 		7.724
v 0.731 		0.655 		13.738
v -0.7057 		0.5736 		13.1563
v -0.248 		0.913 		10.161
v -0.7051 		0.5717 		13.1679
v -0.7053 		0.572 		13.1667
v -0.516 		0.44 		15.058
v -0.523 		0.36 		14.876
v 2.094 		-1.591 		10.269
v -0.706 		0.573 		13.155
v -0.516 		0.435 		14.969
v -0.705 		0.5715 		13.1687
v -0.015 		1.02 		14.756
v 0.758 		0.631 		13.809
v -0.7058 		0.5725 		13.1566
v -0.7059 		0.5729 		13.1555
v -0.7059 		0.5729 		13.1554
v -0.116 		0.997 		14.829
v 0.752 		0.579 		13.799
v 0.754 		0.6 		13.788
v -0.706 		0.573 		13.1539
v -0.418 		0.938 		14.602
v -0.454 		0.875 		14.713
v -0.706 		0.573 		13.1541
v 0.759 		0.542 		12.139
v 0.73 		0.707 		12.063
v -0.46 		0.809 		14.83
v -0.7057 		0.5726 		13.1566
v -0.51 		0.873 		14.598
v -0.7058 		0.5725 		13.1565
v -0.705 		0.5714 		13.1688
v -0.705 		0.572 		13.166
v -0.7055 		0.5727 		13.1577
v -0.705 		0.572 		13.161
v 0.447 		0.944 		12.286
v -0.7056 		0.5726 		13.1574
v 0.762 		0.6 		13.782
v 0.471 		0.921 		12.036
v 0.244 		0.972 		12.1
v 0.721 		0.619 		13.776
v 0.704 		0.608 		13.774
v 0.741 		0.577 		13.802
v -0.458 		0.947 		14.399
v -0.217 		1.016 		14.577
v -0.7047 		0.5712 		13.1765
v 0.719 		0.599 		13.791
v -0.374 		0.969 		14.545
v -0.7049 		0.5714 		13.1742
v -0.7042 		0.5705 		13.1826
v 4.213 		-0.673 		13.224
v -0.7048 		0.5711 		13.1743
v -0.498 		0.915 		14.48
v 0.64 		0.778 		11.411
v -0.484 		0.914 		14.542
v -0.705 		0.571 		13.171
v -0.705 		0.5723 		13.1733
v -0.7047 		0.5711 		13.1768
v 0.728 		0.644 		11.635
v -0.7068 		0.5758 		13.1525
v -0.515 		0.826 		14.669
v -0.552 		0.645 		14.707
v -0.7055 		0.5722 		13.1621
v -0.7056 		0.5722 		13.1615
v -0.7055 		0.5721 		13.1628
v -0.7052 		0.5717 		13.1678
v -0.7058 		0.5727 		13.1576
v -0.7058 		0.5727 		13.1575
v -0.573 		0.721 		14.592
v -0.7053 		0.572 		13.167
v -0.7052 		0.5716 		13.1683
v -0.559 		0.824 		14.534
v -0.55 		0.875 		14.437
v 4.157 		-0.687 		13.225
v -0.478 		0.634 		8.085
v 0.747 		0.445 		11.144
v -0.7059 		0.5724 		13.1557
v -0.7059 		0.5727 		13.1554
v -0.302 		0.852 		7.949
v 0.035 		0.925 		11.102
v 4.18 		-0.705 		13.226
v -0.724 		0.523 		13.178
v 0.239 		0.907 		10.879
v -0.43 		0.667 		8.029
v 4.145 		-0.632 		13.118
v -0.743 		0.566 		13.173
v -0.749 		0.556 		13.154
v -0.21 		0.96 		7.854
v -0.204 		0.962 		7.868
v 0.532 		0.778 		10.431
v 4.208 		-0.7 		13.122
v -0.15 		0.994 		7.877
v -0.247 		1.012 		10.038
v -0.239 		0.992 		10.055
v -0.746 		0.568 		13.172
v -0.075 		1.011 		7.865
v -0.051 		1.011 		10.005
v -0.171 		1.023 		9.993
v -0.597 		0.75 		14.47
v -0.7051 		0.5717 		13.168
v -0.7051 		0.5717 		13.168
v -0.7051 		0.5717 		13.168
v 4.143 		-0.678 		13.12
v -0.7053 		0.572 		13.1668
v -0.104 		0.996 		7.772
v -0.28 		0.927 		10.16
v -0.29 		0.936 		10.15
v -0.284 		0.945 		10.138
v -0.288 		0.952 		10.128
v -0.253 		0.91 		7.881
v 4.139 		-0.705 		13.122
v -0.269 		0.924 		10.161
v -0.275 		0.929 		10.152
v -0.303 		0.831 		7.695
v -0.26 		0.909 		7.867
v -0.317 		0.844 		7.853
v -0.305 		0.847 		7.874
v 0.098 		0.968 		7.631
v 0.129 		0.897 		7.266
v 0.268 		0.796 		7.365
v -0.351 		0.782 		7.875
v -0.589 		0.714 		14.536
v 0.188 		0.862 		7.286
v 0.172 		0.896 		7.403
v -0.7053 		0.572 		13.1668
v -0.7067 		0.5757 		13.1525
v -0.7051 		0.5717 		13.168
v -0.26 		0.916 		10.161
v -0.604 		0.706 		14.452
v 0.655 		0.66 		10.344
v 0.669 		0.661 		10.716
v 0.648 		0.605 		13.813
v -0.604 		0.691 		14.444
v 0.613 		0.74 		10.701
v 0.67 		0.584 		13.776
v -0.619 		0.676 		14.405
v 0.649 		0.58 		13.805
v 0.487 		0.826 		10.723
v 0.369 		0.843 		10.319
v -0.584 		0.675 		14.414
v 0.707 		0.527 		13.772
v 0.728 		0.516 		13.767
v 0.34 		0.855 		10.24
v 0.76 		0.542 		13.766
v 0.307 		0.883 		10.659
v 0.762 		0.567 		13.779
v 0.269 		0.883 		10.276
v 0.72 		0.542 		13.794
v 0.739 		0.531 		13.787
v 0.728 		0.535 		13.793
v 0.111 		0.932 		7.469
v 0.022 		0.924 		7.357
v -0.601 		0.688 		14.444
v -0.58 		0.659 		14.435
v 0.482 		0.451 		7.171
v 0.524 		0.463 		7.526
v 0.591 		0.336 		7.621
v -0.6 		0.686 		14.447
v 0.676 		0.542 		13.771
v -0.592 		0.684 		14.446
v -0.588 		0.686 		14.444
v -0.578 		0.658 		14.449
v -0.584 		0.684 		14.444
v -0.448 		0.651 		7.882
v -0.432 		0.67 		7.875
v -0.394 		0.727 		7.872
v -0.46 		0.645 		7.93
v -0.58 		0.676 		14.446
v -0.583 		0.682 		14.446
v 4.159 		-0.645 		13.119
v -0.604 		0.69 		14.452
v 0.697 		0.581 		13.753
v 0.694 		0.633 		13.746
v -0.265 		0.92 		10.161
v -0.274 		0.926 		10.152
v 0.02 		0.896 		7.146
v 0.14 		0.799 		6.756
v -0.445 		0.652 		7.928
v 0.105 		0.835 		6.836
v -0.331 		0.93 		10.139
v 0.402 		0.516 		6.929
v -0.334 		0.915 		10.163
v 0.707 		0.521 		13.757
v 0.748 		0.519 		13.758
v 0.569 		0.269 		7.159
v 0.548 		0.227 		6.774
v 0.577 		0.146 		6.769
v 0.707 		0.514 		13.707
v -0.613 		0.688 		14.362
v -0.614 		0.687 		14.354
v 0.699 		0.571 		13.72
v -0.608 		0.685 		14.391
v -0.442 		0.651 		7.884
v -0.613 		0.688 		14.36
v -0.603 		0.683 		14.396
v -0.348 		0.9 		10.112
v -0.492 		0.571 		7.754
v -0.309 		0.894 		10.2
v -0.287 		0.886 		10.223
v 0.58 		0.065 		6.513
v 0.527 		0.195 		6.434
v -0.423 		0.667 		7.884
v 0.21 		0.656 		6.406
v -0.427 		0.662 		7.897
v -0.34 		0.855 		10.24
v -0.436 		0.651 		7.897
v -0.336 		0.895 		10.176
v -0.432 		0.657 		7.881
v -0.356 		0.852 		10.163
v -0.709 		0.577 		13.104
v -0.387 		0.823 		10.178
v -0.718 		0.594 		13.106
v -0.349 		0.876 		10.161
v 0.696 		-0.274 		8.018
v 0.655 		-0.693 		7.79
v 0.65 		-0.537 		7.693
v 0.865 		-0.989 		8.124
v -0.386 		0.816 		10.114
v -0.764 		0.595 		13.071
v 0.748 		-0.767 		8.121
v -0.727 		0.582 		13.088
v 0.739 		-0.971 		7.676
v 0.734 		0.648 		13.672
v 0.757 		0.646 		13.674
v 0.741 		0.646 		13.672
v 0.597 		-0.71 		7.226
v 0.693 		-0.973 		7.456
v 4.216 		-0.651 		12.944
v -0.709 		0.544 		13.064
v 0.693 		0.661 		13.654
v 0.695 		0.713 		13.655
v -0.589 		0.681 		14.397
v -0.594 		0.678 		14.353
v -0.806 		0.606 		13.279
v 0.712 		0.638 		13.67
v 0.707 		0.636 		13.684
v 0.747 		0.579 		13.637
v -0.829 		0.579 		13.257
v 0.035 		0.906 		10.695
v -0.413 		0.769 		9.997
v 0.877 		-1.109 		7.99
v 0.159 		0.893 		10.361
v 0.159 		0.896 		10.24
v 0.964 		-1.239 		8.125
v 4.225 		-0.733 		12.848
v 0.734 		0.4 		10.525
v -0.356 		0.852 		10.072
v -0.352 		0.82 		10.021
v 0.807 		-1.277 		7.94
v 0.923 		-1.312 		8.125
v 1.814 		-0.691 		12.263
v 1.2 		-0.664 		12.25
v -0.63 		0.318 		8.056
v -0.681 		0.008 		7.989
v -0.594 		0.683 		14.392
v 0.713 		0.629 		13.695
v 1.462 		-0.687 		12.266
v -0.57 		0.498 		8.144
v -0.655 		0.66 		14.394
v -0.585 		0.409 		7.819
v -0.653 		0.695 		14.355
v 4.229 		-0.681 		12.837
v 1.813 		-0.709 		11.822
v -0.679 		0.687 		14.34
v 4.224 		-0.709 		12.843
v -0.67 		0.675 		14.368
v 1.206 		-0.68 		11.807
v -0.578 		0.464 		8.01
v 1.464 		-0.705 		11.824
v -0.565 		0.43 		7.707
v -0.13 		0.928 		7.464
v -0.611 		0.621 		14.456
v -0.602 		0.623 		14.44
v -0.578 		0.639 		14.45
v -0.578 		0.639 		14.446
v -0.198 		0.931 		7.647
v 0.714 		0.634 		13.67
v -0.268 		0.796 		7.365
v -0.631 		0.63 		14.421
v -0.821 		0.564 		13.288
v -0.815 		0.565 		13.267
v -0.807 		0.529 		13.279
v -0.794 		0.573 		13.279
v -0.786 		0.539 		13.303
v -0.581 		0.594 		14.44
v -0.769 		0.524 		13.3
v -0.799 		0.561 		13.289
v -0.343 		0.82 		10.012
v -0.346 		0.818 		10.02
v -0.832 		0.526 		13.263
v -0.59 		0.546 		14.44
v -0.616 		0.545 		14.435
v -0.799 		0.536 		13.298
v -0.36 		0.795 		10.025
v -0.621 		0.538 		14.408
v 0.852 		-1.365 		8.174
v 4.139 		-0.673 		12.92
v 0.733 		-1.332 		7.985
v 0.797 		-1.086 		7.775
v 0.857 		-1.204 		7.935
v 0.766 		-1.175 		7.725
v 0.7 		0.588 		13.693
v 0.71 		-1.246 		7.729
v 0.692 		0.579 		13.69
v 0.7 		0.61 		13.67
v 0.633 		-1.304 		7.767
v 0.07 		-1.446 		7.686
v 0.698 		0.608 		13.672
v 0.052 		-1.465 		7.931
v 4.203 		-0.672 		12.828
v 0.427 		-1.416 		8.043
v 4.207 		-0.683 		12.838
v 0.669 		0.62 		13.638
v 0.663 		0.606 		13.668
v 0.228 		-1.419 		7.766
v 4.165 		-0.654 		12.811
v 4.211 		-0.647 		12.805
v 0.554 		-1.277 		7.526
v 0.582 		-1.196 		7.286
v 4.115 		-0.69 		12.843
v 4.118 		-0.666 		12.821
v 0.677 		-1.059 		7.337
v 0.73 		-1.069 		7.555
v 0.694 		-1.152 		7.507
v 0.64 		-1.133 		7.292
v 1.465 		-0.747 		11.305
v 0.634 		-1.22 		7.506
v 1.033 		-0.631 		11.764
v 4.137 		-0.688 		12.842
v 0.699 		0.535 		13.665
v 1.207 		-0.719 		11.291
v 0.689 		0.571 		13.677
v 0.661 		0.569 		13.689
v 0.663 		0.535 		13.679
v -0.615 		0.552 		14.455
v 1.813 		-0.751 		11.303
v -0.585 		0.555 		14.454
v 4.14 		-0.673 		12.828
v 0.667 		0.513 		13.651
v 1.527 		-1.231 		11.936
v 4.17 		-0.722 		12.848
v -0.586 		0.548 		14.452
v -0.585 		0.546 		14.45
v 4.195 		-0.713 		12.845
v -0.583 		0.547 		14.451
v 0.913 		-0.561 		12.132
v 0.863 		-0.488 		12.009
v 0.833 		-0.332 		11.323
v 0.697 		0.529 		13.685
v 0.702 		0.517 		13.686
v 0.93 		-0.565 		11.692
v 0.878 		-0.488 		11.589
v 4.203 		-0.734 		12.849
v 0.698 		0.544 		13.679
v 4.148 		-0.713 		12.847
v 1.021 		-0.621 		12.208
v 4.179 		-0.744 		12.846
v 4.149 		-0.739 		12.852
v 4.121 		-0.712 		12.848
v -0.37 		0.798 		10.027
v 0.814 		-0.305 		11.954
v 4.226 		-0.784 		12.815
v -0.49 		0.763 		10.112
v 0.805 		-0.235 		11.957
v -0.402 		0.762 		9.987
v 0.695 		-1.296 		11.956
v -0.2 		0.889 		7.466
v -0.3 		0.993 		9.978
v 0.317 		-1.308 		12.243
v 0.462 		-1.309 		12.063
v -0.524 		0.417 		7.342
v 0.752 		0.635 		13.584
v 0.728 		0.637 		13.583
v 0.732 		0.624 		13.622
v -0.591 		0.336 		7.621
v -0.32 		0.915 		9.956
v 0.268 		-1.329 		12.277
v -0.287 		0.978 		9.895
v 0.215 		-1.399 		12.123
v 0.202 		-1.409 		12.287
v -0.433 		0.777 		9.826
v -0.375 		0.801 		9.939
v -0.786 		0.553 		13.298
v 0.169 		-1.437 		12.186
v -0.583 		0.546 		14.451
v -0.616 		0.571 		14.409
v 0.128 		-1.449 		12.168
v -0.586 		0.57 		14.409
v -0.827 		0.603 		13.222
v -0.845 		0.593 		13.187
v 0.673 		0.6 		13.574
v -0.805 		0.597 		13.201
v 0.6732 		0.6191 		13.6028
v 0.6731 		0.6191 		13.6025
v -0.591 		0.56 		14.362
v 0.6732 		0.6191 		13.6019
v -0.593 		0.567 		14.342
v -0.846 		0.589 		13.185
v 0.673 		0.614 		13.591
v 0.763 		0.526 		13.614
v 0.734 		0.512 		13.629
v -0.852 		0.565 		13.196
v -0.623 		0.553 		14.373
v -0.839 		0.512 		13.238
v -0.851 		0.571 		13.192
v -0.848 		0.548 		13.198
v 0.596 		0.935 		13.445
v -0.702 		0.623 		14.341
v -0.679 		0.598 		14.378
v -0.657 		0.569 		14.382
v -0.693 		0.591 		14.354
v 0.8 		0.618 		13.515
v -0.848 		0.527 		13.203
v 0.801 		0.589 		13.542
v -0.644 		0.369 		14.345
v 0.782 		0.582 		13.537
v 0.777 		0.594 		13.527
v -0.559 		0.44 		14.763
v -0.613 		0.338 		14.55
v -0.772 		0.573 		13.128
v -0.782 		0.514 		13.139
v -0.794 		0.607 		13.174
v -0.099 		-0.012 		15.293
v -0.007 		-0.051 		15.193
v 0.798 		0.513 		13.54
v -0.802 		0.611 		13.176
v -0.197 		-0.012 		15.191
v 0.769 		0.559 		13.551
v -0.788 		0.591 		13.086
v 0.788 		0.524 		13.515
v -0.816 		0.545 		13.089
v 0.772 		0.525 		13.544
v -0.055 		0.873 		6.996
v -0.129 		-0.152 		14.97
v -0.114 		0.886 		7.164
v 0.78 		0.561 		13.547
v -0.237 		0.717 		6.854
v -0.007 		-0.071 		15.065
v -0.021 		-0.071 		15.037
v -0.116 		-0.059 		15.033
v -0.105 		0.835 		6.836
v 0.402 		-1.298 		7.259
v 0.317 		-1.371 		11.9
v 0.462 		-1.326 		7.571
v 0.026 		-1.44 		7.361
v 0.249 		-1.383 		12.002
v -0.592 		0.001 		6.431
v 0.111 		-1.469 		11.956
v 0.306 		-1.355 		7.393
v -0.46 		0.321 		6.41
v 0.835 		0.586 		13.444
v 0.833 		0.591 		13.44
v 0.365 		-1.37 		7.646
v 0.795 		0.63 		13.497
v 0.777 		0.636 		13.462
v -0.527 		0.195 		6.434
v 0.506 		-1.248 		7.281
v 0.819 		0.602 		13.455
v 0.797 		0.608 		13.47
v 0.769 		0.616 		13.468
v -0.745 		-0.804 		8.019
v -0.865 		-0.989 		8.124
v 0.636 		-0.304 		6.779
v 0.628 		-0.072 		6.751
v -0.68 		-0.092 		7.721
v 5.071 		-0.755 		12.687
v 0.593 		-0.891 		6.989
v 0.226 		-1.45 		11.474
v 0.405 		-1.413 		11.464
v 0.218 		-1.43 		11.763
v -0.689 		-0.278 		7.877
v 0.62 		-0.513 		7.113
v 5.047 		-0.802 		12.558
v 0.554 		-0.818 		6.724
v 5.006 		-0.846 		12.369
v -0.669 		-0.292 		7.427
v -0.652 		-0.467 		7.58
v 0.574 		-0.724 		6.939
v 0.595 		-0.979 		6.87
v -0.693 		-0.973 		7.456
v -0.739 		-0.971 		7.676
v 0.83 		0.596 		13.455
v 0.598 		-0.464 		6.473
v 0.62 		-0.259 		6.453
v 0.509 		-0.984 		6.247
v -0.597 		-0.71 		7.226
v 0.517 		-0.863 		6.201
v -0.603 		-0.796 		7.226
v 0.615 		-0.123 		6.438
v -0.639 		-0.694 		7.648
v -0.037 		-1.466 		7.918
v -0.165 		-1.468 		8.173
v 0 		-1.43 		7.097
v 0.043 		-1.415 		7.018
v -0.308 		-1.441 		8.103
v -0.151 		-1.441 		7.83
v 0.256 		-1.348 		7.144
v 0.201 		-1.332 		6.656
v 0.498 		-1.211 		7.051
v 0.809 		0.534 		13.476
v -0.523 		-1.411 		8.126
v 0.611 		-1.053 		6.942
v -0.923 		-1.312 		8.125
v 0.579 		-1.111 		6.919
v 4.147 		-0.637 		12.795
v 4.203 		-0.589 		12.686
v 4.175 		-0.632 		12.786
v 4.212 		-0.632 		12.791
v 0.381 		-1.184 		6.179
v 0.047 		-1.484 		11.772
v 0.101 		-1.479 		11.665
v 0.268 		-1.289 		6.541
v 0.453 		-1.184 		6.647
v 0.462 		-1.125 		6.316
v 0.311 		-1.443 		11.3
v -0.83 		0.522 		13.066
v 1.823 		-0.814 		10.753
v 1.475 		-0.812 		10.753
v -0.559 		0.944 		12.93
v -0.702 		0.818 		12.812
v -0.465 		0.735 		9.942
v -0.665 		0.879 		12.973
v 7.681 		-0.26 		12.169
v -0.477 		0.713 		9.9
v 1.038 		-0.664 		11.254
v 8.043 		-0.47 		12.13
v 1.216 		-0.781 		10.742
v 7.488 		-0.543 		12.276
v 6.61 		-0.678 		12.167
v 6.667 		-0.682 		11.95
v 1.046 		-0.719 		10.713
v -0.735 		0.592 		13.018
v -0.567 		0.734 		10.21
v -0.623 		0.686 		10.128
v 1.673 		-1.543 		11.226
v 1.728 		-1.546 		11.219
v -0.668 		0.605 		10.051
v 1.978 		-1.515 		11.222
v -0.757 		0.589 		13.054
v -0.763 		0.583 		13.01
v 2.047 		-1.501 		11.221
v 1.588 		-1.596 		11.053
v 1.89 		-1.581 		10.989
v 7.461 		-0.551 		10.285
v 7.693 		-0.364 		10.294
v 7.411 		-0.354 		10.584
v -0.527 		0.695 		9.858
v -0.579 		0.672 		9.845
v -0.624 		0.634 		9.825
v 8.068 		-0.343 		10.304
v -0.639 		0.621 		9.845
v -0.631 		0.613 		9.774
v -0.659 		0.571 		9.792
v -0.617 		0.678 		9.983
v 1.195 		-1.354 		11.215
v -0.74 		0.534 		13.007
v 1.204 		-1.497 		10.849
v 6.275 		-0.417 		11.128
v -0.765 		0.547 		13.021
v 1.191 		-1.354 		11.212
v 5.443 		-0.444 		12.19
v -0.201 		-0.029 		15.085
v -0.161 		-0.046 		15.028
v 4.968 		-0.908 		11.831
v -0.379 		-0.068 		14.864
v -0.304 		-0.161 		14.87
v -0.759 		0.573 		12.983
v 4.171 		-0.559 		11.786
v 1.457 		-1.565 		11.224
v 1.37 		-1.563 		11.227
v 1.294 		-1.642 		10.858
v 1.294 		-1.589 		11.134
v 1.229 		-1.556 		11.156
v 1.229 		-1.59 		10.99
v 4.955 		-0.521 		11.307
v 1.253 		-1.561 		11.216
v 1.234 		-1.539 		11.223
v 1.256 		-1.557 		11.224
v -0.852 		-1.365 		8.174
v -0.733 		-1.332 		7.985
v 4.204 		-0.566 		11.62
v 4.139 		-0.556 		11.643
v 4.158 		-0.567 		11.669
v -0.877 		-1.109 		7.99
v -0.964 		-1.239 		8.125
v -0.298 		-0.074 		14.939
v 0.831 		0.569 		13.446
v -0.257 		-0.045 		14.988
v -0.686 		0.504 		9.812
v -0.714 		0.425 		10.064
v -0.258 		-0.111 		14.942
v -0.74 		0.222 		9.756
v 0.802 		0.629 		13.427
v 0.769 		0.628 		13.421
v 0.785 		0.628 		13.423
v -0.093 		-0.276 		14.88
v -0.376 		0.882 		9.725
v -0.738 		0.709 		12.915
v 0.829 		0.61 		13.433
v -0.392 		-0.162 		14.769
v -0.764 		0.556 		12.921
v -0.456 		-0.177 		14.65
v -0.512 		-0.042 		14.662
v -0.048 		-0.382 		14.786
v -0.739 		0.577 		12.867
v -0.049 		-0.488 		14.664
v 0.828 		0.614 		13.435
v -0.768 		0.569 		12.921
v 1.298 		-1.566 		11.224
v 0.784 		0.567 		13.364
v 0.779 		0.602 		13.344
v -0.721 		0.574 		12.872
v 0.516 		-1.055 		6.408
v 0.813 		0.53 		13.318
v 0.076 		0.729 		6.101
v 0.42 		0.316 		6.088
v 0.263 		0.528 		6.092
v 0.557 		0.024 		6.1
v 0.503 		0.167 		6.096
v 1.89 		-1.638 		10.276
v 1.981 		-1.624 		10.497
v 1.56 		-1.669 		10.278
v 0.712 		0.752 		13.442
v 1.838 		-1.63 		10.693
v 0.72 		0.616 		13.508
v 0.027 		0.656 		5.521
v 0.082 		0.602 		5.404
v 0.361 		0.253 		5.401
v 0.222 		0.475 		5.584
v 1.181 		-1.402 		10.622
v 0.732 		0.59 		13.523
v 0.749 		0.601 		13.524
v 0.747 		0.582 		13.539
v -0.38 		0.981 		9.512
v -0.807 		-1.277 		7.94
v 0.705 		0.598 		13.526
v -0.398 		0.978 		9.553
v -0.451 		0.91 		9.542
v -0.43 		0.901 		9.557
v -0.54 		-1.35 		7.826
v 0.681 		0.624 		13.551
v -0.453 		0.911 		9.541
v -0.633 		-1.304 		7.767
v -0.387 		0.973 		9.553
v 0.698 		0.618 		13.563
v -0.766 		-1.175 		7.725
v -0.857 		-1.204 		7.935
v -0.797 		-1.086 		7.775
v -0.444 		0.933 		9.474
v -0.453 		0.925 		9.478
v -0.441 		0.909 		9.5
v -0.452 		0.897 		9.505
v -0.71 		-1.246 		7.729
v 4.196 		-0.538 		11.267
v 4.171 		-0.532 		11.411
v 4.1 		-0.531 		11.32
v 4.167 		-0.534 		11.486
v 4.254 		-0.553 		11.321
v -0.747 		0.601 		12.858
v -0.306 		-1.355 		7.393
v -0.462 		-1.326 		7.571
v -0.402 		-1.298 		7.259
v 4.218 		-0.546 		11.487
v -0.744 		0.573 		12.86
v -0.749 		0.555 		12.857
v -0.365 		-1.37 		7.646
v -0.501 		0.844 		9.529
v -0.473 		0.812 		9.564
v -0.489 		0.84 		9.529
v -0.715 		0.517 		12.859
v 4.266 		-0.57 		11.488
v -0.74 		0.561 		12.856
v -0.506 		-1.248 		7.281
v -0.742 		0.569 		12.859
v -0.014 		-1.445 		7.4
v -0.089 		-1.441 		7.659
v -0.735 		0.574 		12.854
v -0.51 		0.813 		9.49
v -0.721 		0.574 		12.855
v 5.708 		-0.532 		10.403
v -0.721 		0.573 		12.853
v -0.554 		-1.277 		7.526
v -0.725 		0.575 		12.854
v -0.486 		0.76 		9.6
v -0.177 		-0.35 		14.784
v -0.312 		-0.267 		14.776
v 4.953 		-0.936 		11.109
v -0.117 		-0.368 		14.785
v -0.494 		0.855 		9.263
v -0.42 		0.943 		9.44
v 4.917 		-0.566 		10.805
v -0.418 		0.95 		9.47
v -0.386 		-0.302 		14.648
v -0.214 		-0.442 		14.66
v -0.507 		0.853 		9.463
v -0.291 		-0.401 		14.657
v -0.487 		0.864 		9.455
v 0.764 		0.535 		13.55
v 0.735 		0.552 		13.535
v 0.752 		0.544 		13.548
v -0.521 		0.778 		9.518
v -0.714 		0.549 		12.855
v -0.474 		-0.282 		14.5
v -0.368 		-0.451 		14.498
v -0.534 		0.781 		9.517
v -0.313 		-0.498 		14.503
v 0.467 		0.007 		5.259
v 0.429 		0.096 		5.242
v 0.767 		0.513 		13.535
v -0.561 		-0.149 		14.444
v -0.813 		0.586 		13.055
v -0.785 		0.597 		13.043
v -0.777 		0.593 		13.014
v 0.017 		0.499 		4.598
v 4.298 		-0.586 		11.205
v -0.049 		-0.595 		14.51
v 0.087 		0.471 		4.772
v 0.344 		0.09 		4.608
v -0.227 		-0.544 		14.507
v 4.267 		-0.575 		11.085
v -0.827 		0.58 		13.03
v 4.181 		-0.565 		10.943
v 4.233 		-0.597 		10.801
v 4.182 		-0.583 		10.8
v 0 		0.489 		4.53
v -0.171 		1.04 		13.992
v -0.048 		1.044 		13.775
v 0.556 		-0.407 		5.734
v 0.597 		-0.217 		6.112
v 0.501 		-0.499 		5.253
v 1.251 		-1.665 		10.497
v 1.229 		-1.647 		10.269
v 0.756 		0.517 		13.542
v 1.455 		-1.675 		10.5
v 1.409 		-1.663 		10.694
v -0.45 		0.967 		14.097
v -0.363 		1.004 		13.884
v 1.251 		-1.652 		10.693
v 1.229 		-1.632 		10.691
v 0.495 		-0.092 		5.268
v 0.515 		-0.281 		5.265
v -0.634 		-1.22 		7.506
v 1.294 		-1.675 		10.499
v -0.64 		-1.133 		7.292
v 0.479 		-0.888 		5.688
v -0.694 		-1.152 		7.507
v 0.674 		0.556 		13.557
v 0.702 		0.522 		13.53
v 0.802 		-0.178 		11.16
v 0.454 		-0.97 		5.62
v 0.883 		-0.504 		11.123
v -0.73 		-1.069 		7.555
v -0.677 		-1.059 		7.337
v 4.257 		-0.64 		10.672
v 4.194 		-0.607 		10.665
v 0.462 		-1.055 		5.973
v -0.639 		-0.014 		7.087
v 4.125 		-0.623 		10.544
v 0.183 		-1.295 		6.104
v 0.262 		-1.211 		5.675
v 0.059 		-1.301 		5.599
v 4.234 		-0.658 		10.542
v 0.301 		-1.159 		5.446
v -0.602 		0.829 		14.276
v -0.64 		0.778 		14.097
v -0.626 		0.668 		14.28
v 4.136 		-0.672 		10.35
v 4.194 		-0.66 		10.446
v 0.343 		-0.913 		4.435
v 0.448 		-0.26 		4.694
v 0.36 		-0.037 		4.334
v 4.167 		-0.681 		10.343
v -0.595 		-0.979 		6.87
v 0.446 		-0.772 		5.076
v -0.647 		-0.351 		7.113
v -0.656 		-0.201 		7.092
v 4.123 		-0.703 		10.256
v -0.586 		-0.672 		7
v 0.329 		-1.08 		5.066
v 4.144 		-0.696 		10.285
v 0.193 		-1.175 		4.906
v 0.153 		-1.178 		4.604
v 0.168 		-1.15 		4.365
v 0 		-1.268 		4.972
v 0.25 		-1.052 		4.318
v 4.113 		-0.701 		10.273
v 0.083 		-1.201 		4.299
v -0.615 		-0.123 		6.438
v -0.62 		-0.259 		6.453
v 7.983 		-0.459 		10.236
v -0.517 		-0.863 		6.201
v -0.534 		-0.905 		6.474
v 7.315 		-0.56 		9.91
v 0.792 		-0.136 		10.585
v 7.474 		-0.52 		9.919
v 0.937 		-0.589 		11.197
v -0.61 		0.679 		14.332
v -0.818 		0.557 		13.011
v -0.546 		-0.978 		6.559
v -0.77 		0.563 		12.996
v 0.887 		-0.534 		10.637
v -0.83 		0.528 		13.023
v 0.634 		-1.408 		11.215
v -0.814 		0.519 		13.048
v -0.803 		0.517 		13.052
v 0.489 		-1.451 		10.787
v -0.773 		0.551 		13.031
v -0.804 		0.531 		13.047
v -0.816 		0.54 		13.038
v 0.261 		-1.488 		10.454
v 0.036 		-1.516 		10.354
v 0.759 		0.637 		13.487
v -0.344 		-1.272 		6.799
v -0.201 		-1.332 		6.656
v 0.198 		-1.459 		11.222
v -0.256 		-1.348 		7.144
v 0.714 		0.591 		13.482
v -0.498 		-1.211 		7.051
v 0.731 		0.595 		13.442
v 0.733 		0.603 		13.499
v -0.461 		-1.184 		6.695
v -0.84 		0.547 		12.997
v 0.744 		0.613 		13.454
v 0.747 		0.612 		13.485
v -0.847 		0.557 		13.006
v -0.034 		-1.422 		7.079
v -0.844 		0.581 		12.972
v -0.836 		0.586 		12.929
v -0.805 		0.594 		12.962
v -0.06 		-1.399 		6.875
v 7.513 		-0.463 		9.947
v 7.383 		-0.452 		9.969
v 7.542 		-0.487 		9.931
v -0.534 		-1.158 		6.913
v -0.868 		0.549 		12.942
v -0.869 		0.544 		12.946
v 6.596 		-0.682 		9.936
v -0.614 		0.682 		14.331
v 6.35 		-0.538 		9.899
v -0.863 		0.571 		12.937
v 7.146 		-0.455 		9.997
v -0.863 		0.568 		12.935
v -0.865 		0.526 		12.948
v -0.608 		0.652 		14.304
v 6.44 		-0.561 		9.756
v -0.59 		0.634 		9.655
v -0.671 		0.695 		14.28
v -0.564 		0.644 		9.71
v 6.637 		-0.649 		9.604
v 6.679 		-0.621 		9.606
v 6.345 		-0.718 		9.708
v 6.662 		-0.596 		9.631
v -0.701 		0.688 		14.274
v -0.651 		0.651 		14.292
v -0.619 		0.615 		9.724
v -0.653 		0.557 		9.631
v -0.71 		0.644 		14.278
v -0.694 		0.64 		14.3
v -0.689 		0.652 		14.289
v -0.57 		0.652 		9.541
v 0.728 		0.57 		13.442
v -0.563 		0.649 		9.54
v 0.727 		0.553 		13.469
v -0.505 		-1.122 		6.581
v -0.574 		0.651 		9.54
v 0.725 		0.564 		13.502
v 0.136 		-1.477 		10.638
v -0.649 		0.682 		14.218
v 0.115 		-1.461 		11.018
v -0.563 		0.703 		9.512
v -0.648 		0.664 		14.258
v -0.666 		0.667 		14.268
v -0.566 		0.682 		9.518
v -0.7 		0.66 		14.263
v 3.452 		-0.842 		9.826
v 0.709 		0.623 		13.438
v 2.901 		-0.994 		9.429
v -0.553 		0.727 		9.513
v -0.562 		0.682 		9.519
v 0.74 		0.62 		13.419
v 2.287 		-0.871 		10.225
v -0.543 		0.723 		9.512
v -0.556 		0.679 		9.518
v 2.849 		-0.909 		9.792
v 2.339 		-0.961 		9.77
v -0.803 		0.574 		12.97
v -0.563 		0.718 		9.483
v 2.126 		-1.493 		10.014
v 2.127 		-1.475 		9.79
v -0.57 		0.635 		9.584
v 2.115 		-1.545 		9.814
v 2.052 		-1.59 		9.83
v 2.094 		-1.576 		9.93
v -0.58 		0.637 		9.585
v -0.787 		0.585 		12.921
v -0.775 		0.575 		12.92
v -0.811 		0.586 		12.924
v 2.205 		-1.328 		10.066
v -0.615 		0.592 		9.549
v 0.726 		0.59 		13.421
v 0.721 		0.601 		13.392
v 2.847 		-1.264 		9.475
v -0.528 		0.797 		9.402
v 5.605 		-0.637 		9.754
v 5.665 		-0.674 		9.565
v 0.071 		0.187 		3.13
v 0.049 		0.22 		3.144
v 0.032 		0.277 		3.571
v -0.572 		0.741 		9.448
v -0.58 		0.727 		9.431
v -0.552 		0.758 		9.429
v 0.029 		0.355 		3.974
v -0.591 		0.68 		9.39
v 0.762 		0.63 		13.42
v 0.732 		0.577 		13.405
v 0.072 		0.301 		3.869
v 0.742 		0.616 		13.418
v 0.14 		0.213 		3.838
v 0.7297 		0.5937 		13.4321
v 0.7286 		0.5926 		13.4236
v 0.7286 		0.5862 		13.4299
v 0.7335 		0.6008 		13.4252
v -0.552 		0.743 		9.471
v 0 		0.267 		3.475
v 0 		0.342 		3.872
v 0.728 		0.592 		13.419
v 0.215 		0.115 		3.854
v 0.12 		0.091 		3.098
v -0.819 		0.589 		12.925
v -0.536 		-1.053 		6.536
v -0.717 		0.488 		13.3
v -0.066 		-1.367 		6.457
v 5.785 		-0.783 		9.337
v -0.745 		0.463 		13.274
v -0.088 		0.695 		5.951
v 5.729 		-0.806 		9.38
v 5.808 		-0.759 		9.332
v -0.731 		0.47 		13.309
v -0.282 		0.426 		5.709
v 5.797 		-0.732 		9.367
v -0.752 		0.482 		13.258
v -0.756 		0.497 		13.286
v -0.503 		0.167 		6.096
v -0.486 		0.104 		5.716
v 0.687 		0.585 		13.419
v 0.689 		0.595 		13.405
v -0.761 		0.456 		13.291
v -0.709 		0.666 		14.233
v -0.036 		0.654 		5.522
v 4.88 		-0.948 		9.376
v 4.173 		-1.061 		9.258
v -0.415 		0.124 		5.236
v -0.455 		0.038 		5.254
v 0.031 		0.218 		2.596
v 0.016 		0.227 		2.578
v 0.025 		0.223 		3.061
v -0.004 		0.552 		4.873
v -0.055 		0.557 		5.038
v -0.022 		0.436 		4.305
v 0.685 		0.545 		13.439
v -0.271 		0.198 		4.573
v -0.17 		0.325 		4.569
v 0.686 		0.519 		13.432
v 2.14 		-1.36 		9.517
v 0.72 		0.561 		13.438
v 4.51 		-0.783 		9.594
v 2.106 		-1.366 		9.493
v 2.098 		-1.366 		9.507
v -0.596 		-0.309 		6.12
v -0.559 		-0.185 		5.727
v -0.533 		-0.032 		5.724
v 4.96 		-0.828 		9.259
v 2.115 		-1.528 		9.584
v 2.09 		-1.47 		9.561
v 2.101 		-1.41 		9.523
v 2.069 		-1.494 		9.574
v 0.726 		0.526 		13.428
v 0.764 		0.551 		13.389
v 0.763 		0.522 		13.39
v 2.053 		-1.474 		9.586
v 2.063 		-1.489 		9.585
v 2.091 		-1.437 		9.556
v 0.758 		0.618 		13.315
v 0.725 		0.605 		13.321
v 0.694 		0.602 		13.363
v 2.404 		-1.056 		9.392
v 0.736 		0.613 		13.361
v 2.126 		-1.374 		9.339
v 2.11 		-1.509 		9.43
v 2.101 		-1.497 		9.449
v 0.695 		0.569 		13.313
v 0.695 		0.514 		13.313
v -0.733 		0.655 		14.219
v 2.131 		-1.373 		9.339
v 2.139 		-1.364 		9.446
v 0.788 		0.511 		13.707
v 0.772 		0.497 		13.708
v -0.593 		0.634 		14.316
v -0.594 		0.611 		14.312
v 0.043 		0.184 		2.532
v -0.603 		0.592 		14.305
v 0.729 		0.492 		13.776
v 0.053 		0.112 		2.346
v -0.627 		0.553 		14.299
v -0.598 		0.539 		14.324
v 0 		0.225 		2.549
v 0.704 		0.498 		13.791
v -0.607 		0.56 		14.33
v 0.021 		0.314 		2.239
v 0.011 		0.321 		2.252
v 0.692 		0.51 		13.77
v 0.03 		0.296 		2.168
v 0.743 		0.486 		13.718
v 0.765 		0.496 		13.739
v 0 		0.322 		2.243
v -0.622 		0.614 		14.247
v 0.721 		0.49 		13.701
v 0.077 		0.005 		2.299
v 0.745 		0.487 		13.706
v 0.711 		0.495 		13.709
v -0.743 		0.49 		13.186
v -0.75 		0.466 		13.193
v 0.763 		0.496 		13.706
v 0.374 		-0.32 		4.063
v 0.737 		0.49 		13.703
v 0.717 		0.495 		13.696
v 0.298 		-0.345 		3.427
v 0.293 		-0.259 		3.428
v -0.761 		0.454 		13.199
v 4.999 		-0.89 		9.121
v 4.99 		-0.863 		9.163
v 0.227 		-0.863 		3.35
v 0.201 		-0.97 		3.462
v 4.253 		-1.034 		8.977
v 4.986 		-0.912 		9.132
v 0.075 		-1.155 		3.558
v 4.253 		-0.984 		9.01
v 2.114 		-1.372 		9.378
v 0.132 		-1.119 		3.724
v 4.26 		-1.013 		8.964
v -0.614 		0.6 		9.445
v -0.633 		0.607 		9.428
v -0.758 		0.46 		13.195
v 0.185 		-1.036 		3.654
v 0.053 		-1.168 		3.549
v 2.085 		-1.529 		9.447
v 1.652 		-0.041 		2.072
v 1.387 		-0.056 		2.15
v 3.449 		-0.849 		12.849
v 1.307 		-0.035 		2.168
v 3.463 		-0.69 		12.828
v 1.408 		-0.08 		2.098
v 3.455 		-0.795 		12.888
v 2.113 		-1.513 		9.432
v 0.23 		-0.429 		2.831
v 0.2 		-0.097 		2.944
v 2.0482 		-1.5551 		9.4527
v 2.048 		-1.5553 		9.4527
v 2.048 		-1.5553 		9.4528
v 2.0481 		-1.5552 		9.4528
v 0.203 		-0.196 		2.758
v -0.759 		0.471 		13.227
v -0.746 		0.492 		13.236
v 0.2 		-0.71 		2.798
v 2.051 		-1.565 		9.475
v 2.091 		-1.539 		9.446
v 0.147 		-0.949 		2.844
v 1.007 		-0.094 		2.115
v 0.708 		-0.063 		2.283
v 3.595 		-1.095 		8.896
v 3.603 		-1.125 		8.847
v 3.572 		-1.051 		9.015
v 0.688 		-0.019 		2.293
v 0.673 		-0.008 		2.198
v 3.596 		-1.145 		8.864
v 0.997 		-0.047 		2.258
v 0.593 		-0.035 		2.334
v 0.179 		-0.508 		2.329
v 3.443 		-0.902 		12.753
v 3.464 		-0.646 		12.716
v -0.715 		0.438 		13.209
v 3.001 		-1.255 		8.863
v 3.823 		-0.919 		12.588
v 2.562 		-1.328 		8.718
v 2.074 		-1.193 		9.047
v 2.142 		-1.277 		8.82
v 2.142 		-0.944 		12.855
v 2.226 		-0.767 		12.88
v 2.783 		-0.79 		12.907
v 2.137 		-1.406 		8.762
v 2.173 		-0.883 		12.918
v 2.754 		-0.902 		12.863
v 2.183 		-1.336 		8.688
v 2.195 		-1.374 		8.639
v 2.244 		-0.72 		12.766
v 2.805 		-0.659 		12.54
v 0.682 		0.482 		13.71
v 0.258 		1.03 		10.007
v 2.114 		-1.006 		12.732
v 2.727 		-1.015 		12.581
v 0.265 		1.064 		9.864
v 0.274 		1.047 		9.836
v 2.402 		-1.098 		12.312
v -0.742 		0.477 		13.151
v 0.05 		1.047 		14.534
v 0.157 		1.035 		14.549
v 0.264 		1.043 		9.833
v 0.036 		0.528 		15.918
v 0.027 		0.586 		15.875
v 0.181 		1.113 		9.884
v 0.011 		0.552 		15.916
v -0.556 		-0.407 		5.734
v -0.563 		-0.313 		5.73
v 0.155 		1.067 		9.93
v 0.22 		1.106 		9.867
v -0.478 		-0.025 		5.264
v -0.622 		0.583 		9.429
v -0.636 		0.587 		9.423
v -0.511 		-0.408 		5.262
v -0.456 		-0.87 		5.362
v 0.679 		0.477 		13.649
v -0.454 		-0.97 		5.62
v 0.708 		0.5 		13.695
v -0.615 		0.636 		9.35
v -0.626 		0.627 		9.358
v -0.462 		-1.055 		5.973
v -0.057 		-1.294 		5.49
v -0.634 		0.55 		9.347
v 0.698 		0.459 		13.652
v -0.627 		0.571 		9.393
v -0.416 		-1.119 		5.938
v -0.262 		-1.211 		5.675
v -0.301 		-1.159 		5.446
v 0.671 		0.504 		13.61
v -0.132 		-1.295 		5.858
v -0.666 		0.512 		9.462
v -0.192 		-1.195 		5.154
v -0.642 		0.58 		9.385
v 0.672 		0.511 		13.586
v -0.446 		-0.772 		5.076
v -0.436 		-0.158 		4.696
v -0.393 		-0.919 		4.853
v -0.626 		0.607 		9.266
v 0.763 		0.002 		13.653
v 0.796 		0.489 		13.512
v 0.816 		0.509 		13.487
v -0.152 		-1.164 		4.407
v 0.816 		0.493 		13.456
v 0.277 		0.536 		15.624
v 0.817 		0.502 		13.455
v -0.62 		0.61 		9.271
v 0.193 		0.572 		15.722
v 0.111 		0.596 		15.799
v -0.706 		0.48 		13.166
v 0.148 		0.643 		15.715
v -0.709 		0.461 		13.126
v -0.634 		0.564 		9.307
v 0.065 		0.628 		15.803
v -0.678 		0.448 		9.352
v 0.022 		0.646 		15.799
v 0.008 		0.6 		15.864
v -0.191 		1.204 		9.142
v -0.322 		1.097 		9.157
v -0.32 		1.074 		8.988
v 0.076 		0.688 		15.715
v -0.125 		1.198 		8.967
v -0.745 		0.492 		13.183
v -0.125 		1.23 		9.178
v -0.753 		0.455 		13.118
v 0.13 		0.798 		15.505
v 0.232 		0.814 		15.367
v -0.745 		0.448 		13.08
v 0.068 		0.84 		15.456
v -0.189 		1.177 		8.969
v 0.198 		0.683 		15.615
v -0.063 		1.216 		9.008
v 0.29 		0.668 		15.513
v 0.022 		0.765 		15.61
v 0.192 		0.766 		15.507
v 0.283 		0.751 		15.414
v -0.25 		1.129 		8.922
v -0.32 		1.027 		8.814
v -0.709 		0.509 		13.058
v -0.166 		1.134 		8.795
v 0.368 		0.54 		15.473
v -0.711 		0.463 		13.093
v -0.28 		1.041 		8.72
v -0.06 		1.183 		8.88
v 0.347 		0.612 		15.47
v -0.103 		1.118 		8.72
v 0.333 		0.689 		15.418
v -0.723 		0.47 		13.064
v -0.638 		0.594 		14.259
v 0.054 		0.509 		15.906
v 0.036 		0.493 		15.92
v 0.779 		0.47 		13.456
v 0.791 		0.478 		13.455
v 0.027 		0.426 		15.884
v 0.26 		0.37 		15.633
v 0.277 		0.424 		15.63
v 0.776 		0.502 		13.506
v 0.09 		0.505 		15.87
v 0.111 		0.4 		15.81
v 0.142 		0.471 		15.809
v 0.136 		1.174 		9.789
v 0.149 		1.162 		9.808
v 0.051 		1.184 		9.761
v 0.768 		0.469 		13.486
v 0.065 		0.37 		15.818
v -0.647 		0.611 		14.298
v 0.795 		0.502 		13.342
v -0.682 		0.632 		14.309
v 0.795 		0.475 		13.314
v 0.209 		0.51 		15.724
v -0.651 		0.576 		14.297
v 0.198 		0.276 		15.638
v -0.684 		0.584 		14.307
v 0.174 		0.369 		15.732
v 0.758 		0.474 		13.532
v 0.737 		0.478 		13.525
v 0.76 		0.481 		13.557
v 0.036 		0.278 		15.737
v -0.692 		0.619 		14.31
v -0.665 		0.602 		14.311
v -0.814 		0.467 		13.258
v 0.333 		-0.053 		2.321
v -0.708 		0.628 		14.285
v 0.409 		-0.008 		2.314
v -0.802 		0.496 		13.27
v 0.061 		1.181 		9.763
v 0.066 		1.181 		9.764
v 0.09 		-0.019 		2.344
v 0.221 		-0.022 		2.349
v -0.789 		0.505 		13.296
v 0.096 		-0.048 		2.313
v 0.169 		-0.274 		2.298
v -0.717 		0.624 		14.3
v -0.789 		0.486 		13.274
v 0.11 		1.169 		9.789
v -0.792 		0.454 		13.262
v 0.042 		1.183 		9.759
v 0.287 		-0.08 		2.214
v -0.053 		1.122 		8.719
v -0.809 		0.49 		13.305
v -0.777 		0.46 		13.309
v -0.226 		1.054 		8.635
v 0.096 		-0.074 		2.216
v -0.089 		1.067 		8.571
v 0.126 		-0.874 		2.316
v 0 		1.069 		8.57
v -0.774 		0.464 		13.226
v -0.79 		0.47 		13.235
v -0.78 		0.452 		13.204
v -0.781 		0.452 		13.205
v -0.7811 		0.4518 		13.2049
v 0.009 		-1.144 		2.856
v -0.781 		0.4519 		13.205
v 0.002 		-1.108 		2.126
v -0.046 		1.097 		8.53
v -0.7814 		0.4513 		13.204
v 0.052 		-1.072 		2.366
v -0.7813 		0.4517 		13.2047
v 0.076 		-1.098 		2.936
v -0.087 		1.093 		8.498
v -0.021 		1.088 		8.479
v 2.568 		-0.106 		1.627
v -0.809 		0.458 		13.207
v 2.606 		-0.085 		1.615
v 2.61 		-0.093 		1.619
v 2.119 		-0.059 		1.902
v -0.045 		1.1 		8.508
v 2.279 		-0.056 		1.805
v -0.044 		1.066 		8.474
v -0.067 		1.064 		8.476
v 2.08 		-0.044 		1.87
v 0.735 		0.503 		13.506
v 2.373 		-0.077 		1.769
v 0.755 		0.499 		13.516
v 0 		1.066 		8.474
v 2.477 		-0.071 		1.703
v 0 		1.068 		8.476
v 2.273 		-0.089 		1.797
v 2.171 		-0.123 		1.737
v 0.735 		0.509 		13.52
v 2.498 		-0.139 		1.549
v 0.72 		0.492 		13.518
v -0.197 		1.05 		8.558
v -0.196 		1.047 		8.572
v -0.131 		1.089 		8.536
v -0.206 		1.066 		8.536
v -0.176 		1.078 		8.518
v -0.11 		-1.228 		4.911
v -0.135 		1.09 		8.515
v -0.226 		1.049 		8.547
v -0.238 		1.043 		8.535
v -0.318 		-1.035 		4.73
v -0.329 		-1.08 		5.066
v -0.072 		0.301 		3.869
v -0.782 		0.451 		13.204
v -0.7813 		0.4513 		13.2047
v -0.781 		0.4515 		13.205
v -0.029 		0.355 		3.974
v -0.69 		0.553 		14.325
v -0.781 		0.451 		13.205
v -0.653 		0.536 		14.312
v -0.255 		0.06 		3.881
v -0.782 		0.451 		13.205
v -0.796 		0.45 		13.208
v -0.186 		0.152 		3.844
v -0.697 		0.575 		14.281
v -0.049 		0.22 		3.144
v -0.032 		0.277 		3.571
v -0.809 		0.453 		13.22
v -0.071 		0.187 		3.13
v -0.684 		0.565 		14.285
v -0.69 		0.541 		14.299
v -0.12 		0.091 		3.098
v -0.031 		0.218 		2.596
v -0.016 		0.227 		2.578
v -0.834 		0.472 		13.208
v 0.09 		1.176 		9.775
v -0.025 		0.223 		3.061
v -0.842 		0.508 		13.205
v -0.834 		0.481 		13.207
v 0.05 		0.197 		15.643
v 0.154 		0.24 		15.64
v 0.736 		0.482 		13.443
v 0.323 		0.334 		15.532
v 0.735 		0.496 		13.455
v 0.394 		0.383 		15.435
v 0.765 		0.472 		13.452
v 0.246 		0.219 		15.539
v 0.749 		0.472 		13.449
v 0.349 		0.222 		15.401
v 0.081 		1.176 		9.771
v 0.745 		0.477 		13.445
v 0.242 		0.086 		15.366
v 0.13 		0.142 		15.543
v 0.074 		0.063 		15.454
v 0.043 		1.198 		9.73
v 0.192 		0.175 		15.541
v 0.255 		1.103 		9.78
v 0.237 		1.137 		9.738
v 0.241 		1.134 		9.731
v 0.081 		0.019 		15.37
v 0.254 		1.101 		9.776
v 0.241 		1.132 		9.728
v 0.512 		0.64 		14.849
v 0.32 		0.779 		15.287
v 0.346 		0.797 		15.144
v 0.257 		0.845 		15.243
v 0.165 		0.868 		15.321
v 0.086 		0.915 		15.239
v 0.273 		0.861 		15.109
v 0.179 		0.894 		15.205
v 0.186 		0.907 		15.106
v -0.723 		0.603 		14.237
v 2.613 		-0.08 		1.466
v 0.75 		0.489 		13.38
v 2.759 		-0.119 		1.492
v -0.737 		0.587 		14.216
v 0.73 		0.499 		13.435
v -0.743 		0.627 		14.209
v 2.767 		-0.105 		1.495
v 2.864 		-0.129 		1.374
v 2.701 		-0.089 		1.526
v 0.713 		0.455 		13.433
v 2.856 		-0.113 		1.38
v -0.654 		0.549 		14.238
v -0.648 		0.561 		14.269
v -0.777 		0.488 		13.137
v 2.596 		-0.155 		1.365
v -0.646 		0.559 		14.225
v -0.798 		0.487 		13.115
v -0.641 		0.57 		14.247
v -0.656 		0.533 		14.21
v 2.817 		-0.15 		1.269
v -0.794 		0.439 		13.057
v -0.806 		0.455 		13.075
v 2.904 		-0.137 		1.257
v 2.888 		-0.122 		1.262
v 0.252 		1.099 		9.775
v 2.881 		-0.13 		1.127
v -0.759 		0.161 		13.274
v -0.712 		0.473 		13.02
v 2.249 		-0.152 		1.502
v 0.725 		0.511 		13.434
v 2.269 		-0.161 		1.348
v 0.279 		1.054 		9.624
v 2.294 		-0.096 		1.102
v -0.737 		0.476 		13.031
v 2.851 		-0.139 		0.962
v 0.296 		1.087 		9.576
v 2.87 		-0.15 		0.963
v 2.78 		-0.147 		0.792
v 0.264 		1.117 		9.589
v 2.164 		-0.171 		0.715
v -0.76 		0.497 		13.013
v 2.716 		-0.163 		0.794
v 2.795 		-0.155 		0.79
v 2.652 		-0.153 		0.641
v 0.689 		0.495 		13.409
v -0.137 		1.041 		8.475
v 2.451 		-0.157 		0.52
v -0.137 		1.043 		8.478
v -0.137 		1.083 		8.503
v 2.651 		-0.16 		0.631
v -0.196 		1.059 		8.509
v 0.736 		0.477 		13.369
v -0.755 		0.45 		13.019
v 0.476 		0.543 		15.19
v 0.453 		0.636 		15.153
v 0.431 		0.632 		15.256
v -0.444 		0.934 		9.215
v -0.457 		0.878 		8.973
v 0.403 		0.72 		15.18
v 0.432 		0.543 		15.339
v -0.386 		1.008 		9.087
v 0.406 		0.627 		15.335
v -0.502 		0.775 		8.848
v -0.52 		0.781 		9.024
v -0.752 		0.498 		12.954
v -0.765 		0.467 		12.969
v -0.548 		0.747 		9.204
v 0.298 		0.842 		14.981
v 0.311 		0.853 		14.976
v 0.355 		0.798 		15.015
v -0.677 		0.53 		14.214
v -0.685 		0.548 		14.246
v -0.756 		0.458 		12.977
v -0.704 		0.537 		14.217
v -0.761 		0.484 		12.93
v -0.76 		0.469 		12.936
v -0.685 		0.528 		14.217
v 0.332 		0.815 		14.982
v 0.381 		0.782 		14.981
v 0.351 		0.8 		14.982
v -0.768 		0.445 		12.943
v 0.387 		0.829 		14.938
v 0.258 		0.905 		14.959
v 0.33 		0.859 		14.962
v -0.723 		0.546 		14.219
v -0.737 		0.571 		14.218
v 0.454 		0.771 		14.896
v -0.729 		0.56 		14.218
v 0.448 		0.804 		14.863
v -0.747 		0.407 		12.88
v 0.226 		0.886 		14.981
v -0.755 		0.4 		12.868
v 0.093 		0.938 		15.051
v 0.132 		0.924 		14.98
v 0.053 		0.958 		14.977
v 0.702 		0.452 		13.345
v 2.416 		-0.162 		0.5
v 2.164 		-0.159 		0.441
v -0.043 		0.184 		2.532
v 2.069 		-0.164 		0.415
v -0.607 		0.64 		14.186
v -0.053 		0.112 		2.346
v 0.019 		1.212 		1.607
v 0.011 		1.053 		1.715
v -0.08 		0.027 		2.441
v 0.02 		1.058 		1.701
v 0.286 		1.081 		9.577
v -0.011 		0.321 		2.252
v 0.011 		1.598 		1.274
v 0.01 		1.637 		1.179
v -0.021 		0.314 		2.239
v 0.296 		1.107 		9.509
v 0.01 		1.656 		1.088
v 0.008 		1.489 		1.426
v -0.03 		0.296 		2.168
v -0.614 		0.6 		9.175
v 0.008 		1.521 		1.396
v 0.015 		1.52 		1.388
v -0.631 		0.587 		9.135
v -0.602 		0.619 		9.162
v 0.004 		1.529 		1.374
v 0.002 		1.521 		1.396
v 0.004 		1.519 		1.398
v 0.021 		1.52 		1.365
v 0.015 		1.532 		1.358
v 0.694 		0.484 		13.347
v -0.634 		0.591 		9.201
v 0.693 		0.482 		13.369
v 0.016 		1.533 		1.317
v 0.028 		1.491 		1.343
v -0.631 		0.548 		9.199
v 0.707 		0.45 		13.345
v 0.04 		1.36 		1.298
v 0.044 		1.15 		1.298
v 0.333 		1.048 		9.49
v -0.077 		0.005 		2.299
v 0.024 		1.532 		1.226
v 0.031 		1.527 		1.23
v 0.004 		0.945 		14.98
v 0.2 		1.168 		9.69
v 0.139 		1.207 		9.624
v -0.064 		0.018 		2.178
v 0.244 		0.9 		14.973
v 0.169 		0.936 		14.969
v 0.063 		0.981 		14.929
v -0.317 		-0.774 		3.942
v 0.132 		1.205 		9.67
v -0.63 		0.577 		9.043
v -0.304 		-0.02 		3.961
v -0.63 		0.571 		8.983
v -0.625 		0.57 		8.978
v -0.343 		-0.113 		4.041
v 0.184 		0.95 		14.931
v 0.096 		0.987 		14.889
v -0.264 		-0.983 		4.057
v 0.01 		0.673 		1.911
v 0 		0.874 		1.817
v 0.464 		0.634 		15.047
v 0.408 		0.731 		14.984
v -0.625 		0.554 		8.777
v 0.418 		0.719 		14.988
v -0.618 		0.557 		8.736
v -0.55 		0.694 		8.927
v 0.144 		1.029 		13.18
v 0.395 		0.759 		14.982
v -0.612 		0.556 		8.715
v -0.605 		0.558 		8.747
v 0.703 		0.824 		13.266
v 0.494 		0.535 		14.978
v 0.66 		0.891 		13.194
v 0.616 		0.924 		13.122
v 0.467 		0.621 		14.976
v 0.721 		0.79 		13.123
v 0.444 		0.668 		14.979
v -0.626 		0.52 		8.86
v 0.471 		0.61 		14.976
v -0.666 		0.421 		9.035
v 0.787 		0.615 		13.302
v 0.812 		0.609 		13.249
v 0.821 		0.6 		13.252
v -0.253 		1.023 		8.549
v -0.254 		1.014 		8.56
v 0.138 		1.201 		9.607
v 0.137 		1.206 		9.608
v 0.14 		1.2 		9.633
v 0.805 		0.581 		13.253
v 0.771 		0.588 		13.257
v -0.187 		1.006 		8.474
v 0.019 		0.675 		1.89
v 0.066 		1.2 		9.709
v 0.821 		0.548 		13.252
v 0.815 		0.565 		13.267
v -0.188 		1.015 		8.481
v -0.188 		1.009 		8.48
v -0.189 		1.01 		8.481
v 0.77 		0.558 		13.294
v -0.631 		0.667 		14.15
v 0.799 		0.561 		13.289
v -0.617 		0.665 		14.151
v -0.613 		0.659 		14.164
v 0.781 		0.515 		13.302
v 0.786 		0.539 		13.303
v -0.25 		0.953 		8.485
v 0.807 		0.529 		13.279
v -0.245 		0.954 		8.485
v 0.797 		0.54 		13.299
v -0.362 		0.904 		8.599
v -0.636 		0.67 		14.143
v 0.036 		0.925 		1.667
v 0 		0.674 		1.914
v 0.036 		0.286 		1.912
v -0.741 		0.411 		12.882
v 0.032 		0.49 		1.854
v -0.741 		0.417 		12.871
v 0.46 		0.708 		14.943
v -0.731 		0.41 		12.894
v -0.727 		0.412 		12.882
v 0.018 		0.478 		2.022
v 0.01 		0.48 		2.043
v 0.051 		1.189 		9.658
v -0.727 		0.415 		12.871
v 0.105 		1.191 		9.641
v 0 		0.481 		2.044
v 0.167 		0.013 		1.988
v -0.746 		0.416 		12.871
v 0.428 		0.003 		2.027
v 0.056 		0.013 		1.994
v -0.723 		0.437 		12.864
v -0.449 		0.798 		8.63
v -0.624 		0.661 		14.095
v -0.724 		0.42 		12.87
v -0.751 		0.496 		12.86
v 0.233 		1.147 		9.689
v -0.285 		0.985 		8.571
v -0.753 		0.443 		12.863
v -0.34 		0.93 		8.526
v 0.232 		1.128 		9.725
v 0.224 		1.143 		9.686
v -0.286 		0.972 		8.508
v -0.302 		-0.834 		3.918
v -0.665 		0.685 		14.182
v -0.697 		0.69 		14.186
v -0.284 		-0.21 		3.417
v -0.655 		0.642 		14.164
v -0.228 		-0.067 		3.253
v -0.27 		0.919 		8.48
v -0.668 		0.684 		14.182
v -0.752 		0.483 		12.86
v -0.644 		0.653 		14.204
v -0.641 		0.643 		14.185
v -0.421 		0.831 		8.516
v -0.346 		0.819 		8.477
v -0.641 		0.646 		14.182
v -0.719 		0.457 		12.863
v -0.325 		0.871 		8.492
v 0.013 		1.666 		0.872
v 0.027 		1.603 		1.022
v -0.201 		-0.97 		3.462
v 0.027 		1.585 		0.912
v 0.239 		1.131 		9.726
v 0.026 		1.604 		0.821
v 0.009 		1.653 		0.704
v 0.027 		1.594 		0.728
v 0.02 		1.607 		0.609
v 0.23 		1.148 		9.633
v 0.021 		1.559 		0.526
v -0.064 		-1.161 		3.554
v 0.244 		1.135 		9.601
v 0.234 		1.144 		9.615
v 0.221 		1.143 		9.631
v 0.225 		1.139 		9.614
v 0.028 		1.513 		0.889
v 0.227 		1.149 		9.656
v 0.788 		0.616 		13.212
v 0.045 		1.51 		0.927
v 0.041 		1.509 		0.89
v 0.046 		1.384 		0.901
v 0.851 		0.58 		13.191
v 0.028 		1.176 		0.666
v 0.845 		0.593 		13.187
v -0.185 		-1.036 		3.654
v 0.022 		1.452 		0.89
v 0.046 		1.502 		0.89
v 0.492 		0.446 		15.164
v -0.132 		-1.119 		3.724
v 0.489 		0.344 		15.112
v 0.453 		0.256 		15.175
v 0.432 		0.37 		15.349
v -0.716 		0.502 		12.859
v 0.419 		0.278 		15.315
v -0.433 		0.827 		8.534
v -0.716 		0.485 		12.862
v 0.276 		0.02 		15.104
v 0.342 		0.1 		15.216
v 0.32 		0.129 		15.324
v -0.376 		0.805 		8.497
v -0.395 		0.781 		8.499
v 0.17 		0.03 		15.33
v 0.388 		0.189 		15.281
v -0.755 		0.382 		12.869
v 0.012 		1.561 		0.464
v 0.022 		1.433 		0.344
v 0.022 		1.461 		0.4
v 0.028 		1.38 		0.395
v -0.757 		0.347 		12.873
v -0.834 		0.474 		13.041
v -0.824 		0.507 		13.028
v -0.806 		0.464 		13.023
v -0.806 		0.483 		13.045
v 0.028 		1.329 		0.474
v -0.773 		0.476 		13.035
v -0.653 		0.675 		14.181
v -0.642 		0.649 		14.184
v -0.787 		0.502 		13.049
v 0.013 		1.446 		0.322
v -0.646 		0.669 		14.182
v 0.012 		1.403 		0.275
v -0.741 		0.672 		14.198
v -0.747 		0.644 		14.206
v -0.746 		0.649 		14.202
v -0.714 		0.683 		14.188
v -0.147 		-0.949 		2.844
v 0.027 		1.304 		0.244
v 0.017 		1.357 		0.248
v -0.216 		-0.6 		2.817
v 0.013 		1.129 		0.135
v 0.022 		1.196 		0.176
v -0.229 		-0.32 		2.833
v -0.741 		0.668 		14.195
v -0.644 		0.677 		14.094
v -0.674 		0.665 		14.134
v -0.692 		0.671 		14.111
v 0.846 		0.589 		13.185
v 0.041 		0.971 		0.936
v 0.039 		0.658 		0.976
v -0.642 		0.674 		14.103
v 0.022 		0.095 		0.966
v 0.025 		0.338 		0.967
v 0.028 		0.081 		0.725
v -0.636 		0.615 		14.188
v -0.179 		-0.818 		2.783
v -0.608 		0.59 		14.195
v -0.639 		0.593 		14.19
v -0.485 		-0.032 		2.348
v -0.09 		-0.019 		2.344
v -0.488 		-0.057 		2.314
v 0.128 		1.218 		9.541
v 0.852 		0.565 		13.196
v 0.211 		1.18 		9.54
v -0.506 		0.713 		8.663
v -0.096 		-0.048 		2.313
v -0.509 		0.7 		8.599
v 0.2 		1.175 		9.544
v 0.196 		1.173 		9.544
v -0.182 		-0.372 		2.333
v 0.851 		0.571 		13.192
v -0.432 		0.729 		8.501
v -0.403 		0.764 		8.498
v -0.44 		0.719 		8.503
v -0.427 		0.736 		8.504
v -0.447 		0.707 		8.504
v 0.819 		0.608 		13.179
v 0.498 		0.487 		14.971
v 0.773 		0.605 		13.171
v 0.493 		0.336 		14.975
v -0.448 		0.685 		8.496
v 0.494 		0.336 		14.99
v -0.83 		0.447 		13.013
v 0.504 		0.435 		14.974
v -0.451 		0.678 		8.478
v -0.859 		0.47 		12.957
v -0.461 		0.68 		8.465
v 0.503 		0.435 		14.969
v -0.461 		0.684 		8.499
v -0.455 		0.694 		8.501
v -0.456 		0.686 		8.498
v -0.096 		-0.074 		2.216
v 0.501 		0.452 		14.968
v 0.491 		0.366 		14.971
v 0.491 		0.342 		14.962
v -0.458 		0.682 		8.493
v 0.027 		0.671 		0.056
v 0.027 		0.984 		0.117
v 0.181 		1.195 		9.547
v 0.185 		1.197 		9.544
v 0.162 		1.21 		9.54
v -1.007 		-0.094 		2.115
v -0.858 		-0.066 		2.249
v 0.012 		0.93 		0.071
v 0.021 		0.719 		0.043
v -0.688 		-0.019 		2.293
v -0.58 		-0.003 		2.202
v 0.01 		0.613 		0.019
v -0.997 		-0.047 		2.258
v 0.013 		0.371 		0.009
v 0.027 		0.363 		0.04
v 0.144 		1.203 		9.554
v 0.171 		1.191 		9.549
v 0.027 		0.218 		0.049
v 0.027 		0.087 		0.049
v -0.104 		-0.959 		2.353
v -0.475 		0.663 		8.467
v 0.819 		0.604 		13.177
v 0.252 		1.152 		9.522
v 0.222 		1.179 		9.528
v 0.194 		1.197 		9.532
v -0.455 		0.696 		8.502
v -0.457 		0.693 		8.504
v 0.194 		1.168 		9.511
v 0.135 		1.205 		9.525
v 0.802 		0.529 		13.116
v 0.799 		0.554 		13.112
v 0.808 		0.576 		13.083
v -0.452 		0.685 		8.498
v 0.783 		0.59 		13.099
v -0.465 		0.674 		8.508
v 0.088 		1.223 		9.541
v 0.044 		1.224 		9.55
v 0.727 		0.716 		13.265
v -0.489 		0.633 		8.502
v 0.426 		0.17 		14.985
v 0.73 		0.592 		13.28
v 0.416 		0.158 		15.079
v -0.512 		0.605 		8.375
v -0.474 		0.665 		8.412
v -0.461 		0.669 		8.302
v 0.752 		0.579 		13.267
v 0.392 		0.122 		14.998
v 0.363 		0.086 		14.999
v 0.293 		0.026 		15.008
v -0.628 		0.521 		8.652
v -0.851 		0.459 		12.957
v -0.597 		0.567 		8.646
v -0.56 		0.612 		8.652
v -0.771 		0.456 		12.991
v -0.606 		0.61 		14.197
v 0.461 		0.244 		14.969
v -0.769 		0.447 		12.941
v 1.863 		-0.066 		1.997
v 0.429 		0.155 		14.975
v 0.46 		0.064 		14.856
v 1.831 		-0.091 		1.951
v -0.773 		0.435 		12.96
v 1.404 		-0.124 		1.86
v -0.139 		-0.81 		2.311
v 1.923 		-0.037 		1.89
v 0.4 		0.045 		14.932
v -0.017 		-1.143 		2.862
v -0.009 		-1.107 		2.127
v 1.48 		-0.043 		1.613
v -0.031 		-1.101 		2.344
v -0.78 		0.43 		12.982
v -0.783 		0.43 		12.951
v 0.518 		0.744 		14.749
v 0.559 		0.782 		14.592
v 1.414 		-0.159 		1.353
v 1.848 		-0.167 		1.208
v -0.638 		0.569 		14.196
v 1.828 		-0.076 		1.21
v 1.643 		-0.089 		1.029
v -0.611 		0.562 		14.172
v 0.727 		-0.13 		1.791
v 1.02 		-0.142 		1.632
v 0.057 		1.218 		9.562
v -0.807 		0.427 		12.957
v 0.048 		1.218 		9.561
v 0.985 		-0.027 		1.787
v -0.076 		-1.098 		2.936
v 0.093 		-0.113 		2.03
v -1.307 		-0.035 		2.168
v -1.408 		-0.08 		2.098
v -1.387 		-0.056 		2.15
v 0.146 		-0.379 		1.919
v -1.652 		-0.041 		2.072
v -1.514 		-0.028 		2.057
v 0.084 		-0.1 		1.977
v 0.148 		-0.115 		1.819
v 0.113 		1.21 		9.556
v -0.01 		1.209 		1.619
v -0.619 		0.514 		8.593
v -0.019 		1.212 		1.607
v -0.622 		0.516 		8.583
v 0.584 		0.648 		14.593
v -0.626 		0.52 		8.59
v -0.002 		1.573 		1.34
v -0.624 		0.518 		8.578
v -0.002 		1.536 		1.382
v -0.017 		1.542 		1.329
v 0.519 		0.873 		14.568
v -0.002 		1.614 		1.275
v -0.024 		1.629 		1.138
v -0.002 		1.656 		1.134
v 0.58 		0.822 		14.433
v 0.554 		0.875 		14.407
v -0.608 		0.561 		8.634
v -0.008 		1.489 		1.426
v 0.599 		0.703 		14.498
v -0.563 		0.631 		8.576
v -0.554 		0.627 		8.598
v -0.015 		1.489 		1.417
v 0.611 		0.589 		14.478
v -0.002 		1.519 		1.407
v 0.679 		0.646 		14.375
v 0.65 		0.673 		14.39
v -0.784 		0.433 		12.949
v 0.657 		0.692 		14.357
v -0.52 		0.708 		8.541
v -0.522 		0.686 		8.525
v -0.832 		0.44 		12.957
v -0.788 		0.446 		12.982
v -0.806 		0.442 		12.972
v 0.603 		0.715 		14.458
v -0.595 		0.578 		8.566
v 0.724 		0.526 		13.249
v -0.846 		0.446 		12.958
v -0.514 		0.618 		8.514
v 0.751 		0.54 		13.286
v -0.599 		0.519 		8.531
v -0.613 		0.537 		8.547
v -0.345 		0.994 		12.778
v -0.201 		1.003 		12.65
v -0.267 		0.985 		12.39
v -0.584 		0.529 		8.523
v 0.074 		1.214 		9.563
v 0.105 		1.212 		9.569
v -0.614 		0.518 		8.552
v -0.61 		0.512 		8.551
v -0.031 		0.994 		12.418
v -0.619 		0.523 		8.553
v 0.126 		1.208 		9.584
v 0.108 		1.213 		9.567
v -0.549 		0.921 		12.491
v -0.611 		0.898 		12.644
v 0.104 		1.203 		9.572
v -0.008 		1.521 		1.396
v -0.008 		1.519 		1.398
v -0.545 		0.558 		8.509
v -0.006 		1.518 		1.398
v 0.126 		1.202 		9.584
v -0.015 		1.532 		1.358
v -0.03 		1.512 		1.286
v -0.016 		1.532 		1.347
v -0.618 		0.546 		14.118
v -0.022 		1.49 		1.392
v 0.074 		1.2 		9.573
v -0.041 		1.068 		1.495
v -0.034 		1.248 		1.505
v -0.028 		1.53 		1.239
v -0.66 		0.608 		14.171
v 0.127 		1.21 		9.583
v -0.031 		1.528 		1.153
v -0.037 		1.515 		1.152
v -0.645 		0.545 		14.204
v -0.728 		0.755 		12.701
v -0.66 		0.845 		12.394
v -0.653 		0.539 		14.205
v -0.752 		0.613 		12.51
v -0.683 		0.574 		14.147
v 0.044 		1.222 		9.515
v -0.032 		1.525 		1.054
v 0.09 		1.215 		9.514
v -0.708 		0.623 		14.125
v -0.642 		0.517 		14.13
v -0.011 		0.873 		1.815
v -0.01 		0.673 		1.911
v -0.677 		0.535 		14.108
v -0.703 		0.57 		14.125
v -0.029 		0.893 		1.752
v -0.033 		0.712 		1.746
v 0.254 		1.128 		9.592
v -0.651 		0.534 		14.09
v -0.209 		0.012 		1.999
v 0.248 		1.131 		9.561
v -0.032 		0.49 		1.854
v -0.055 		0.013 		1.954
v 0.227 		1.144 		9.537
v 0.228 		1.142 		9.538
v -0.037 		0.289 		1.799
v -0.574 		0.912 		13.99
v -0.628 		0.871 		13.883
v -0.01 		0.48 		2.043
v -0.665 		0.772 		13.882
v 0.707 		0.546 		13.292
v -0.026 		0.478 		1.963
v -0.64 		0.662 		14.073
v -0.035 		0.081 		1.046
v -0.703 		0.797 		12.397
v -0.644 		0.665 		14.074
v -0.671 		0.676 		14.045
v -0.69 		0.683 		14.079
v 0.601 		0.688 		14.444
v -0.763 		0.325 		12.763
v 0.606 		0.682 		14.456
v -0.611 		-0.258 		14.166
v -0.569 		-0.284 		14.255
v 0.089 		-0.178 		1.701
v -0.616 		-0.151 		14.285
v -0.449 		-0.467 		14.302
v -0.696 		-0.061 		14.118
v 0.603 		0.691 		14.449
v 0.605 		0.696 		14.447
v -0.659 		-0.341 		13.859
v 0.118 		-0.369 		1.587
v -0.016 		1.657 		0.74
v 0.6 		0.686 		14.447
v -0.002 		1.677 		1.003
v 0.045 		-0.014 		1.569
v 0.062 		-0.117 		1.661
v -0.568 		-0.404 		14.068
v -0.002 		1.649 		0.67
v -0.017 		1.665 		0.888
v 0.131 		-0.674 		1.921
v 0.764 		0.593 		13.217
v 0.069 		-0.92 		1.554
v -0.031 		1.595 		0.797
v -0.03 		1.605 		0.86
v 0.581 		0.665 		14.429
v 0.061 		-1.009 		1.941
v -0.018 		1.623 		0.629
v -0.031 		1.592 		0.991
v 0.615 		-0.054 		1.216
v -0.596 		-0.422 		13.947
v 0.58 		0.659 		14.435
v 0.104 		-0.499 		1.36
v -0.008 		-0.697 		14.322
v -0.047 		-0.786 		14.107
v 0.763 		0.61 		13.209
v -0.125 		-0.769 		14.108
v -0.149 		-0.671 		14.321
v 0.259 		-0.149 		1.193
v 0.283 		-0.061 		1.053
v -0.267 		-0.627 		14.319
v -0.393 		-0.538 		14.31
v -0.345 		-0.674 		14.107
v 0.13 		-0.041 		1.266
v 0.056 		-0.202 		1.259
v 0.703 		0.526 		13.186
v -0.016 		1.665 		1.005
v -0.045 		1.505 		0.89
v 0.767 		0.606 		13.171
v 0.038 		-0.064 		1.125
v -0.283 		-0.794 		13.888
v -0.428 		-0.692 		13.894
v 0.75 		0.591 		13.171
v 0.747 		0.577 		13.171
v 0.752 		0.586 		13.179
v -0.126 		-0.852 		13.878
v -0.629 		0.467 		8.603
v -0.634 		0.432 		8.534
v -0.621 		0.51 		8.7
v 0.758 		0.597 		13.17
v -0.736 		-0.156 		13.807
v -0.751 		-0.063 		13.813
v -0.61 		0.429 		8.202
v -0.768 		-0.007 		13.571
v 0.731 		0.6 		13.124
v 0.712 		0.6 		13.179
v -0.666 		-0.422 		13.654
v -0.717 		-0.304 		13.641
v -0.601 		0.488 		8.47
v -0.58 		0.496 		8.309
v -0.777 		-0.124 		13.411
v -0.048 		1.468 		0.941
v -0.045 		1.51 		0.914
v -0.032 		1.513 		0.889
v 0.578 		0.645 		14.45
v -0.039 		1.511 		0.89
v -0.822 		-0.397 		9.796
v -0.894 		-0.58 		10.156
v -0.996 		-0.779 		9.658
v -0.032 		1.506 		0.886
v -0.042 		1.503 		0.887
v -0.784 		-0.242 		9.781
v -0.912 		-0.64 		9.704
v -0.852 		-0.538 		9.413
v -0.81 		-0.424 		9.475
v 0.58 		0.676 		14.446
v 0.753 		0.536 		13.159
v -0.917 		-0.691 		9.307
v 0.743 		0.539 		13.175
v -0.032 		1.491 		0.887
v -0.026 		1.455 		0.89
v -0.032 		1.448 		0.516
v -0.044 		-1.53 		10.151
v -0.286 		-1.506 		10.168
v 0.724 		0.523 		13.178
v -0.002 		1.543 		0.404
v -0.016 		1.561 		0.464
v -0.886 		-1.495 		9.392
v 0.742 		0.551 		13.175
v -0.032 		1.296 		0.298
v -0.029 		1.425 		0.358
v -0.648 		0.648 		14.038
v 0.704 		0.558 		13.174
v 0.706 		0.573 		13.155
v -0.002 		1.497 		0.351
v -0.017 		1.496 		0.394
v -0.016 		1.403 		0.275
v -0.025 		1.367 		0.265
v -0.719 		0.672 		14.065
v 0.76 		0.588 		13.117
v -0.002 		1.39 		0.256
v -0.663 		0.659 		14.006
v -0.002 		1.274 		0.19
v -0.002 		1.139 		0.131
v 0.709 		0.573 		13.091
v -0.026 		1.196 		0.176
v 0.723 		0.56 		13.058
v -0.688 		0.658 		13.966
v -0.706 		-0.413 		13.421
v 0.583 		0.682 		14.446
v 0.584 		0.684 		14.444
v -0.78 		-0.025 		13.332
v -0.761 		0.641 		13.968
v -0.048 		-0.946 		13.636
v -0.728 		0.645 		14.012
v -0.363 		-0.783 		13.787
v -0.505 		-0.68 		13.701
v 0.308 		1.104 		9.305
v 0.631 		0.692 		14.372
v -0.717 		0.663 		13.955
v -0.131 		-0.927 		13.641
v 0.612 		0.734 		14.382
v -0.75 		0.667 		13.982
v -0.115 		-1.001 		13.399
v -0.017 		1.129 		0.135
v -0.622 		0.563 		14.075
v 0.61 		0.692 		14.399
v -0.637 		0.558 		14.058
v -0.028 		0.66 		0.945
v -0.032 		0.011 		0.727
v 0.608 		0.685 		14.391
v -0.62 		0.628 		14.067
v 0.589 		0.681 		14.397
v -0.041 		0.971 		0.936
v -0.002 		0.757 		0.935
v 0.033 		-0.119 		1.043
v 0.031 		-0.109 		1.033
v 0.594 		0.678 		14.353
v -0.018 		1.014 		0.096
v 0.032 		-0.09 		1.038
v -0.002 		1.005 		0.084
v 0.696 		0.628 		14.353
v 0.0312 		-0.096 		1.0329
v 0.0309 		-0.0978 		1.0315
v 0.679 		0.557 		14.348
v -0.017 		0.836 		0.053
v 0.658 		0.601 		14.4
v -0.026 		0.771 		0.054
v 0.031 		-0.099 		1.032
v 0.664 		0.562 		14.37
v -0.032 		0.747 		0.112
v 0.042 		-0.131 		1.147
v 0.649 		0.549 		14.36
v 0.044 		-0.25 		1.079
v 0.034 		-0.18 		1.052
v 0.273 		1.103 		9.463
v -0.027 		0.666 		0.044
v 0.347 		1.027 		9.451
v -0.002 		0.695 		0.021
v -0.016 		0.618 		0.02
v 0.037 		-0.129 		1.09
v -0.002 		0.657 		0.017
v -0.47 		-0.842 		13.347
v 0.117 		1.232 		9.297
v 0.251 		1.168 		9.227
v 0.186 		1.21 		9.222
v 0.068 		-0.414 		1.097
v 0.07 		-0.274 		1.231
v 0.179 		1.18 		9.453
v -0.234 		-0.956 		13.429
v 0.123 		1.233 		9.218
v 0.047 		-0.343 		1.044
v -0.618 		-0.579 		13.5
v -0.66 		-0.551 		13.343
v 0.108 		1.227 		9.369
v 0.074 		-0.85 		1.38
v 0.049 		1.229 		9.431
v -0.78 		-0.233 		13.149
v 0.04 		-1.007 		1.48
v 0.567 		0.734 		10.21
v 0.035 		-1.014 		1.404
v -0.759 		-0.33 		13.195
v 0.56 		0.72 		10.018
v -0.734 		-0.375 		13.304
v 0.634 		0.672 		10.092
v 0.697 		0.525 		10.219
v 0.668 		0.605 		10.051
v 0.058 		-0.758 		1.123
v 0.072 		-0.559 		1.109
v 0.048 		-0.729 		1.068
v -0.788 		-0.024 		13.028
v -0.799 		-0.176 		12.852
v 0.617 		0.678 		9.983
v -0.788 		-0.271 		12.982
v 0.645 		0.639 		9.962
v 0.057 		-0.872 		1.225
v 0.539 		0.7 		9.896
v -0.773 		-0.501 		12.925
v -0.769 		-0.423 		12.989
v 0.031 		-0.996 		1.244
v 0.036 		-1.014 		1.214
v 0.611 		0.621 		14.456
v 0.028 		-1.014 		1.278
v 0.578 		0.637 		14.447
v -0.326 		-0.963 		13.261
v 0.015 		-0.879 		1.032
v 0.027 		-0.784 		1.037
v -0.091 		-1.531 		9.92
v -0.031 		0.504 		0.05
v -0.032 		0.116 		0.093
v -0.15 		-1.527 		9.598
v 0.624 		0.634 		9.825
v 0.583 		0.649 		9.733
v 0.554 		0.665 		9.78
v -0.017 		0.275 		0.012
v -0.026 		0.167 		0.03
v -0.002 		0.377 		0
v 0.709 		0.554 		13.071
v -0.021 		0.095 		0.024
v -0.002 		0.089 		0.013
v -1.124 		-0.889 		9.673
v -1.915 		-0.992 		9.754
v -1.853 		-0.896 		10.221
v 0.725 		0.777 		12.976
v -1.247 		-0.864 		10.203
v -1.312 		-0.963 		9.712
v -1.2 		-1.005 		9.236
v -0.512 		-0.954 		12.953
v -0.426 		-0.935 		13.155
v -1.507 		-0.895 		10.216
v -1.574 		-0.995 		9.737
v -0.716 		-0.579 		13.064
v -0.672 		-0.597 		13.192
v 0.598 		0.602 		14.438
v 0.582 		0.588 		14.436
v -0.605 		-0.688 		13.276
v -1.294 		-1.669 		10.046
v -1.251 		-1.654 		9.935
v -0.555 		-0.779 		13.244
v -0.594 		-0.779 		13.122
v -1.508 		-1.665 		10.05
v -1.294 		-1.652 		9.747
v -1.183 		-1.442 		9.959
v -0.789 		-0.611 		12.831
v -0.881 		-0.761 		12.909
v -0.743 		-0.749 		12.932
v -0.651 		-0.762 		13.01
v -1.864 		-1.628 		9.942
v -1.981 		-1.618 		10.046
v -1.187 		-1.459 		9.665
v -0.784 		-0.516 		12.844
v 0.516 		0.688 		9.77
v -0.016 		0.045 		0.026
v -1.214 		-1.466 		9.522
v -1.219 		-1.483 		9.489
v -1.214 		-1.466 		9.522
v 0.659 		0.571 		9.792
v -1.225 		-1.512 		9.548
v -1.214 		-1.466 		9.522
v 0.547 		0.662 		9.779
v -1.284 		-1.457 		9.55
v -1.214 		-1.466 		9.522
v -1.222 		-1.464 		9.535
v -0.146 		-0.379 		1.919
v -0.814 		-0.857 		12.932
v -1.399 		-1.076 		9.29
v -0.087 		-0.206 		1.587
v 0.334 		0.915 		10.163
v -0.34 		-0.139 		1.579
v -0.047 		-0.009 		1.633
v -0.463 		-0.023 		1.573
v -1.2 		-1.476 		9.373
v 0.559 		0.944 		12.938
v -1.214 		-1.512 		9.393
v -1.204 		-1.476 		9.373
v -0.062 		-0.117 		1.661
v 0.614 		0.907 		12.807
v -0.107 		-0.308 		1.551
v 0.795 		0.597 		13.047
v -0.622 		0.599 		14.06
v -0.637 		0.598 		14.036
v 0.793 		0.596 		13.018
v -0.717 		-0.111 		2.009
v -1.017 		-0.135 		1.749
v -0.669 		-0.018 		1.807
v 0.839 		0.542 		13.037
v 0.034 		-1.023 		1.145
v 0.834 		0.575 		13.017
v 0.84 		0.547 		12.997
v -0.675 		-0.856 		12.948
v 0.034 		-0.973 		1.097
v -0.733 		-0.947 		12.889
v 0.615 		0.552 		14.455
v 0.027 		-1.023 		1.114
v 0.031 		-1.024 		1.106
v 0.596 		0.547 		14.434
v 0.022 		-0.938 		1.079
v -0.587 		-0.864 		13.003
v 0.616 		0.545 		14.435
v -0.595 		-0.951 		12.905
v 0.021 		-0.953 		1.024
v 0.593 		0.555 		14.454
v 0.021 		-0.957 		1.024
v 0.582 		0.569 		14.454
v -0.833 		-0.503 		12.358
v 0.331 		0.93 		10.139
v -0.098 		-0.822 		1.728
v 0.01 		-0.936 		1.039
v 0.01 		-0.94 		1.03
v 0.006 		-0.938 		1.031
v 0.348 		0.9 		10.112
v 0.014 		-1.084 		1.768
v 0.585 		0.555 		14.454
v -0.8 		-0.357 		12.679
v -0.808 		-0.43 		12.454
v 0.02 		-1.199 		1.455
v 0.006 		-1.076 		1.525
v 0 		-1.146 		1.504
v 0.039 		-1.149 		1.421
v -0.987 		-0.635 		12.555
v -0.938 		-0.68 		12.792
v 0.616 		0.571 		14.409
v 0 		-1.216 		1.463
v 0.03 		-1.219 		1.411
v 0 		-1.242 		1.408
v -0.874 		-0.578 		12.488
v 0 		-1.078 		1.53
v -0.219 		-0.023 		1.451
v 0.025 		-1.05 		1.52
v 0.04 		-1.069 		1.337
v 0.621 		0.538 		14.408
v -0.103 		-0.424 		1.354
v 0.026 		-1.037 		1.377
v 0.014 		-1.056 		1.329
v 0.002 		-1.265 		1.313
v -0.039 		-0.057 		1.159
v 0.023 		-1.232 		1.312
v 0.026 		-1.263 		1.285
v -0.046 		-0.13 		1.261
v 0.59 		0.546 		14.44
v -0.057 		-0.221 		1.208
v 0.586 		0.548 		14.452
v 0.036 		-1.215 		1.335
v 0.585 		0.546 		14.45
v 0.583 		0.547 		14.451
v -0.089 		-0.086 		1.033
v -0.033 		-0.083 		1.05
v -0.088 		-0.121 		1.027
v -0.086 		-0.128 		1.051
v -0.033 		-0.119 		1.043
v 0.309 		0.955 		10.114
v 0.292 		0.946 		10.137
v -0.031 		-0.109 		1.033
v -0.671 		0.633 		14.031
v -0.031 		-0.099 		1.032
v -0.675 		0.596 		14.047
v -0.679 		0.636 		14.041
v -0.692 		0.588 		14.059
v 0.269 		0.924 		10.161
v 0.275 		0.929 		10.152
v -0.857 		-1.021 		12.798
v -0.745 		0.61 		14.049
v 0.265 		0.92 		10.161
v 0.26 		0.916 		10.161
v -0.722 		0.6 		14.057
v 0.274 		0.926 		10.152
v -0.709 		0.617 		14.057
v -0.722 		0.626 		14.048
v 0.423 		0.802 		10.176
v -0.709 		0.603 		14.062
v 0.768 		0.518 		13.035
v 0.309 		0.894 		10.2
v 0.336 		0.895 		10.176
v 0.773 		0.551 		13.031
v 0.769 		0.558 		13.016
v -0.717 		0.637 		14.038
v 0.349 		0.876 		10.161
v 0.287 		0.886 		10.223
v 0.816 		0.54 		13.038
v 0.816 		0.514 		13.046
v 0.814 		0.519 		13.048
v -1.215 		-1.471 		9.429
v 0.356 		0.852 		10.163
v -0.06 		-1.071 		13.174
v 0.583 		0.546 		14.451
v -0.241 		-1.216 		12.984
v -1.251 		-1.636 		9.654
v -0.248 		-1.278 		12.99
v 0.606 		0.563 		14.399
v 0.587 		0.564 		14.398
v -1.257 		-1.564 		9.579
v -1.239 		-1.557 		9.505
v -1.261 		-1.586 		9.484
v -0.094 		-1.2 		12.983
v 0.591 		0.561 		14.368
v -1.262 		-1.558 		9.589
v -0.178 		-1.198 		12.982
v 0.593 		0.566 		14.342
v -0.128 		-1.191 		12.933
v 0.386 		0.816 		10.114
v -1.508 		-1.643 		9.667
v 0.258 		0.988 		10.074
v -0.151 		-1.145 		12.843
v 0.267 		0.997 		10.062
v -1.315 		-1.562 		9.603
v -1.454 		-1.564 		9.61
v 0 		-1.187 		12.836
v -0.075 		-1.19 		12.883
v -0.234 		-1.198 		12.876
v -1.364 		-1.637 		9.497
v 0.415 		0.775 		10.026
v -0.047 		-1.155 		12.871
v -0.072 		-1.174 		12.821
v -1.456 		-1.594 		9.534
v -1.365 		-1.581 		9.593
v -1.301 		-1.57 		9.598
v -0.177 		-1.183 		12.802
v -0.146 		-1.17 		12.8
v -1.219 		-1.564 		9.426
v -0.408 		-1.025 		12.919
v -1.23 		-1.595 		9.444
v -1.242 		-1.601 		9.443
v -1.252 		-1.617 		9.457
v -1.2352 		-1.5857 		9.435
v -1.233 		-1.584 		9.434
v -1.2349 		-1.5851 		9.4347
v -1.2341 		-1.5847 		9.4347
v -1.2333 		-1.584 		9.4345
v -1.233 		-1.5838 		9.4345
v 0.794 		0.555 		13.029
v 0.803 		0.517 		13.052
v -1.2329 		-1.5835 		9.4343
v -1.233 		-1.5838 		9.4345
v -1.2374 		-1.5876 		9.4355
v -1.2296 		-1.5648 		9.4228
v 0.461 		0.853 		14.752
v -1.2328 		-1.5829 		9.434
v 0.448 		0.898 		14.673
v 0.824 		0.54 		13.031
v 0.35 		0.95 		14.675
v 0.825 		0.562 		12.992
v -1.258 		-1.6 		9.451
v 0.147 		1.019 		14.679
v 0.229 		0.996 		14.678
v 0.105 		1.013 		14.756
v -0.042 		-0.131 		1.147
v -0.646 		0.542 		14.064
v 0.356 		0.852 		10.072
v -0.033 		-0.241 		1.037
v -0.663 		0.529 		14.074
v 0.371 		0.799 		10.029
v 0.367 		0.812 		10.049
v -0.687 		0.548 		14.037
v 0.361 		0.83 		10.057
v -0.675 		0.55 		14.024
v -0.374 		-0.158 		1.151
v -0.055 		-0.308 		1.086
v -0.071 		-0.458 		1.101
v -0.679 		0.561 		14.045
v 0.34 		0.858 		10.001
v -0.088 		-0.473 		1.199
v -0.718 		0.527 		14.048
v 0.356 		0.821 		10.024
v -0.725 		0.561 		14.029
v 0.836 		0.586 		12.929
v 0.825 		0.591 		12.982
v -0.712 		0.569 		14.055
v 0.36 		0.795 		10.025
v 0.782 		0.592 		12.986
v 0.337 		0.857 		9.998
v -0.736 		0.533 		14.023
v 0.806 		0.593 		12.944
v 0.343 		0.82 		10.012
v 0.346 		0.818 		10.02
v 0.233 		1.015 		10.027
v -0.65 		0.612 		13.994
v 0.237 		0.898 		10.217
v 0.21 		0.977 		10.065
v 0.863 		0.571 		12.937
v 0.865 		0.553 		12.957
v 0.863 		0.568 		12.935
v -0.666 		0.58 		14.008
v 0.249 		0.92 		10.166
v 0.844 		0.568 		12.954
v 0.241 		0.917 		10.165
v 0.854 		0.56 		12.956
v 0.248 		0.913 		10.161
v 0.865 		0.526 		12.948
v 0.868 		0.549 		12.942
v 0.869 		0.544 		12.946
v -0.676 		0.522 		13.988
v -0.684 		0.518 		13.959
v 0.104 		0.905 		10.165
v -0.265 		-1.207 		12.979
v -0.684 		0.517 		14.003
v -0.265 		-1.207 		12.919
v -0.278 		-1.223 		12.958
v -0.278 		-1.257 		12.966
v 0.492 		0.718 		14.847
v -0.265 		-1.268 		12.987
v -0.279 		-1.269 		12.912
v 0.498 		0.915 		14.48
v 0.379 		0.97 		14.514
v -0.673 		0.53 		13.952
v -0.682 		0.535 		13.986
v -0.307 		-1.079 		12.884
v 0.646 		0.136 		14.396
v 0.658 		0.204 		14.355
v -0.112 		-1.303 		12.992
v -0.056 		-1.307 		12.992
v 0.603 		0.469 		14.581
v -0.106 		-1.325 		12.933
v 0.002 		-1.235 		1.33
v 0.535 		0.354 		14.834
v 0.016 		-1.226 		1.327
v 0.595 		0.269 		14.608
v -0.093 		-1.303 		12.99
v 0.578 		0.181 		14.631
v 0.648 		0.336 		14.342
v 0 		-1.236 		1.329
v -0.195 		-1.295 		12.992
v -0.148 		-1.301 		12.992
v 0.013 		-1.285 		1.291
v -0.212 		-1.293 		12.99
v 0.037 		-1.079 		1.258
v -0.223 		-1.288 		12.991
v 0.038 		-1.083 		1.233
v 0.034 		-1.081 		1.231
v 0.031 		-1.08 		1.229
v 0.031 		-1.08 		1.229
v -0.224 		-1.288 		12.99
v -0.227 		-1.287 		12.99
v 0.031 		-1.08 		1.229
v 0.503 		0.196 		14.842
v 0.031 		-1.08 		1.229
v 0.031 		-1.08 		1.229
v 0.037 		-1.079 		1.256
v 0.09 		-0.034 		15.223
v 0.184 		-0.012 		15.191
v 0.086 		-0.012 		15.293
v 0.129 		-0.122 		14.993
v 0.189 		-0.033 		15.025
v 0.258 		-0.111 		14.942
v 0.074 		-0.196 		14.948
v 0.025 		-1.076 		1.225
v 0.375 		-0.029 		14.899
v -0.526 		-0.067 		1.027
v -0.612 		-0.156 		1.315
v -1.2224 		-1.544 		9.4112
v -1.295 		-1.625 		9.459
v -0.035 		-1.02 		1.461
v -1.365 		-1.63 		9.465
v -1.457 		-1.623 		9.465
v -1.457 		-1.617 		9.468
v -1.368 		-1.619 		9.466
v -0.059 		-0.925 		1.381
v 0.189 		-0.029 		15.085
v -0.109 		-0.583 		1.485
v -1.299 		-1.614 		9.46
v 0.071 		-0.064 		15.037
v -0.056 		-0.606 		1.06
v 0.077 		-0.279 		14.88
v -0.061 		-0.73 		1.121
v -1.297 		-1.62 		9.457
v 0.591 		-0.097 		14.41
v 0.522 		-0.311 		14.342
v -0.025 		-1.023 		1.276
v -0.028 		-1.005 		1.24
v -1.584 		-1.427 		9.549
v 0.402 		0.762 		9.987
v -1.553 		-1.527 		9.604
v 0.3 		0.993 		9.978
v -0.029 		-1.023 		1.152
v -0.044 		-0.941 		1.225
v -2.036 		-1.536 		9.489
v -2.023 		-1.508 		9.594
v 0.307 		0.979 		9.747
v -2.044 		-1.485 		9.591
v -0.029 		-0.991 		1.211
v -1.869 		-1.487 		9.596
v -2.034 		-1.373 		9.527
v -0.034 		-0.864 		1.074
v -0.022 		-0.883 		1.048
v 0.32 		0.915 		9.956
v 0.034 		-1.057 		1.213
v 0.451 		-0.06 		14.767
v -0.681 		0.524 		13.954
v -0.245 		-1.283 		12.989
v 0.312 		-0.267 		14.776
v 0.386 		-0.302 		14.648
v 0.34 		-0.359 		14.653
v 0.265 		-0.416 		14.658
v 0.286 		0.974 		9.89
v 0.31 		0.911 		9.952
v 0.031 		-1.039 		1.188
v -0.23 		-1.286 		12.989
v -0.206 		-1.293 		12.989
v 0.244 		-0.317 		14.78
v 0.135 		-0.363 		14.785
v 0.177 		-0.35 		14.784
v 0.025 		-1.04 		1.187
v 0.081 		-0.377 		14.786
v 0.027 		-1.039 		1.188
v 0.166 		-0.46 		14.662
v -0.719 		0.515 		13.967
v -0.705 		0.516 		13.963
v 0.083 		-0.482 		14.663
v 0.033 		-1.239 		1.275
v 0.034 		-1.206 		1.279
v -0.193 		-1.334 		12.849
v -1.957 		-1.524 		9.6
v -1.661 		-1.104 		9.329
v 0.474 		-0.282 		14.5
v -1.993 		-1.094 		9.361
v 0.368 		-0.451 		14.498
v 0.482 		-0.181 		14.589
v -0.263 		-1.298 		12.874
v 0.313 		-0.498 		14.503
v -0.272 		-1.291 		12.809
v -1.644 		-1.62 		9.487
v 0.034 		-1.197 		1.231
v -0.575 		-1.031 		12.814
v -1.969 		-1.555 		9.485
v -0.765 		0.556 		13.966
v -1.871 		-1.537 		9.603
v -0.213 		-1.185 		12.782
v -0.246 		-1.203 		12.784
v -0.218 		-1.169 		12.759
v -0.247 		-1.192 		12.748
v -1.607 		-1.562 		9.606
v 0.025 		-1.201 		1.226
v -0.757 		0.545 		13.966
v 0.769 		0.564 		12.929
v 0.027 		-1.2 		1.228
v -0.713 		0.534 		13.994
v -0.765 		0.573 		13.964
v 0.788 		0.571 		12.987
v 0.038 		-1.187 		1.194
v -1.661 		-1.549 		9.61
v 0.031 		-1.22 		1.213
v 0.79 		0.584 		12.921
v 0.819 		0.585 		12.926
v 0.445 		0.743 		9.952
v 0.819 		0.586 		12.925
v 0.025 		-1.244 		1.175
v 0.027 		-1.249 		1.169
v 0.027 		-1.233 		1.199
v 0.775 		0.575 		12.92
v 0.768 		0.569 		12.921
v -2.044 		-1.55 		9.456
v -1.975 		-1.567 		9.463
v 0.477 		0.713 		9.9
v 0.415 		0.755 		9.954
v 0.713 		0.384 		9.762
v 0.686 		0.498 		9.758
v -0.029 		-1.023 		1.106
v 0.034 		-1.025 		1.099
v -0.03 		-0.978 		1.12
v -0.026 		-1.023 		1.114
v 0.764 		0.124 		10.239
v -1.885 		-1.581 		9.466
v -0.711 		0.515 		14.009
v -0.751 		0.531 		13.967
v -0.023 		-0.974 		1.025
v -0.732 		0.522 		13.966
v 0.534 		0.783 		9.503
v -1.977 		-1.573 		9.46
v -0.018 		-0.943 		1.07
v 0.027 		-1.025 		1.148
v -0.006 		-0.94 		1.032
v -1.979 		-1.577 		9.462
v -0.039 		-1.025 		1.61
v -1.753 		-1.6 		9.464
v -0.681 		0.661 		13.929
v -0.693 		0.671 		13.931
v -0.673 		0.655 		13.93
v 0 		-1.078 		1.529
v 0.521 		0.778 		9.518
v 0.514 		0.78 		9.522
v 0.741 		0.671 		13.017
v -0.038 		-1.074 		1.437
v -0.028 		-1.219 		1.411
v -0.019 		-1.199 		1.455
v -0.28 		-1.204 		12.689
v -1.889 		-1.591 		9.465
v 0.759 		0.589 		13.047
v -0.347 		-1.15 		12.685
v -0.023 		-1.053 		1.519
v 0.536 		0.773 		9.479
v -0.827 		-0.558 		9.112
v 0.025 		-1.028 		1.099
v -0.351 		-1.094 		12.797
v -0.276 		-1.232 		12.757
v 0.049 		-0.595 		14.51
v 0.037 		-1.039 		1.03
v 0.034 		-1.037 		1.07
v 0.199 		-0.556 		14.508
v 0.031 		-1.08 		1.028
v -0.721 		-0.004 		8.923
v -0.753 		-0.246 		9.207
v 0.034 		-1.073 		1.031
v 0.165 		1.04 		13.886
v -0.789 		-0.445 		9.188
v 0.027 		-1.08 		1.028
v -0.793 		-0.573 		8.847
v 0.138 		1.043 		14.277
v 0.079 		1.039 		13.451
v 0.034 		-1.055 		1.046
v 0.206 		1.034 		13.557
v -0.752 		-0.476 		8.807
v -0.749 		-0.378 		8.964
v 0.031 		-1.046 		1.058
v 0.023 		-1.083 		1.076
v 0.027 		-1.056 		1.047
v 0.6 		0.876 		14.097
v -0.893 		-0.86 		8.543
v 0.677 		0.694 		14.324
v 0.658 		0.697 		14.315
v 0.651 		0.567 		9.676
v 0.512 		0.701 		9.666
v 0.534 		0.677 		9.607
v -0.264 		-1.218 		12.72
v 0.571 		0.646 		9.711
v 0.567 		0.639 		9.676
v 0.694 		0.64 		14.3
v 0.702 		0.64 		14.293
v -0.348 		-1.193 		12.623
v -0.283 		-1.264 		12.546
v 0.647 		0.658 		14.278
v -0.308 		-1.226 		12.592
v 0.659 		0.64 		14.302
v 0.717 		0.679 		14.263
v 0.731 		0.644 		14.256
v 0.667 		0.546 		9.725
v -0.278 		-1.241 		12.623
v 0.57 		0.652 		9.541
v -0.725 		0.675 		13.935
v 0.574 		0.651 		9.54
v -0.768 		0.657 		13.946
v -0.742 		0.668 		13.937
v -0.224 		-1.352 		12.703
v -0.246 		-1.34 		12.677
v 0.519 		0.74 		9.536
v 0.566 		0.682 		9.518
v 0.553 		0.727 		9.513
v 0.562 		0.682 		9.519
v 0.027 		-1.033 		1.081
v 0.563 		0.649 		9.54
v 0.025 		-1.048 		1.059
v 0.556 		0.679 		9.518
v 0.743 		0.549 		13.007
v -0.705 		0.642 		13.872
v -0.721 		0.65 		13.848
v 0.731 		0.547 		13.038
v -0.006 		-1.076 		1.524
v -0.039 		-1.069 		1.337
v -0.026 		-1.037 		1.379
v 0.718 		0.648 		14.258
v -0.015 		-1.28 		1.286
v -0.005 		-1.264 		1.311
v -0.691 		-0.542 		8.203
v -0.016 		-1.224 		1.32
v -0.015 		-1.258 		1.303
v -0.699 		-0.398 		8.267
v -0.723 		-0.389 		8.614
v 0.685 		0.693 		14.211
v -0.727 		-0.614 		8.362
v 0.576 		0.637 		9.585
v 0.586 		0.636 		9.527
v 0.642 		0.65 		14.241
v 0.666 		0.671 		14.249
v -0.71 		-1.5 		9.011
v -0.203 		-1.506 		8.874
v 0.703 		0.662 		14.253
v 0.666 		0.667 		14.268
v -0.406 		-1.217 		12.504
v -0.445 		-1.258 		12.315
v -0.635 		0.592 		13.937
v -0.327 		-1.259 		12.444
v -0.639 		0.632 		13.906
v -0.636 		0.562 		13.934
v -0.043 		-1.427 		12.386
v -0.276 		-1.281 		12.54
v 0.05 		-1.133 		1.08
v 0.038 		-1.089 		1.077
v -0.651 		0.628 		13.912
v -0.062 		-1.487 		8.319
v -0.219 		-1.489 		8.544
v -0.013 		-1.058 		1.326
v -0.487 		-1.459 		8.438
v 0.038 		-1.133 		1.071
v -0.052 		-1.499 		8.585
v -0.048 		-1.14 		1.236
v -0.031 		-1.074 		1.274
v -0.029 		-1.079 		1.23
v 0.034 		-1.255 		1.104
v 0.031 		-1.255 		1.139
v 0.57 		0.635 		9.584
v 0.031 		-1.254 		1.105
v 0.591 		0.629 		9.588
v -0.749 		-1.462 		8.571
v 0.027 		-1.252 		1.097
v 0.027 		-1.256 		1.135
v -0.208 		-1.383 		12.54
v 0.025 		-1.254 		1.131
v 0.737 		0.595 		12.981
v -0.666 		0.63 		13.932
v 0.749 		0.517 		12.962
v -0.683 		0.628 		13.899
v -0.541 		-1.104 		12.692
v -0.927 		-1.089 		12.666
v -0.669 		0.632 		13.931
v 0.031 		-1.206 		1.033
v -0.022 		-1.076 		1.226
v -0.61 		-1.182 		12.49
v -0.02 		-1.075 		1.224
v 0.038 		-1.177 		1.083
v 0.024 		-1.168 		1.075
v 0.027 		-1.197 		1.027
v 0.55 		0.786 		9.451
v 0.025 		-1.196 		1.028
v 0.534 		0.789 		9.436
v -1.086 		-0.78 		12.911
v -1.136 		-0.714 		12.8
v -1.376 		-0.788 		12.907
v 0.578 		0.706 		9.402
v 0.607 		0.674 		9.427
v -1.717 		-0.845 		12.934
v 0.764 		0.55 		12.981
v -0.992 		-1.403 		8.329
v -0.753 		-1.404 		8.256
v 0.578 		0.718 		9.454
v 0.739 		0.577 		12.867
v 0.566 		0.715 		9.469
v -0.971 		-1.14 		8.195
v 0.642 		0.58 		9.385
v 0.641 		0.585 		9.356
v 0.765 		0.559 		12.922
v 0.7655 		0.5597 		12.9219
v 0.7655 		0.5597 		12.9219
v 0.7652 		0.5593 		12.9224
v 0.765 		0.558 		12.922
v -1.032 		-0.888 		9.143
v 0.633 		0.607 		9.428
v 0.7652 		0.5592 		12.9224
v 0.764 		0.556 		12.921
v 0.764 		0.5538 		12.9217
v 0.614 		0.6 		9.445
v -1.67 		-0.91 		12.913
v -1.261 		-0.929 		12.903
v 0.637 		0.589 		9.422
v -1.297 		-1.484 		9.088
v -1.137 		-1.078 		8.776
v -1.495 		-1.198 		8.952
v 0.764 		0.553 		12.922
v 0.759 		0.53 		12.925
v -1.416 		-0.732 		12.797
v -1.784 		-0.734 		12.785
v -1.175 		-0.676 		12.581
v 0.76 		0.518 		12.925
v -1.446 		-0.697 		12.587
v 0.626 		0.627 		9.358
v -1.804 		-0.701 		12.579
v 0.614 		0.682 		14.331
v -1.291 		-1.142 		8.887
v 0.611 		0.676 		14.326
v 0.61 		0.679 		14.332
v 0.622 		0.583 		9.429
v -1.577 		-1.307 		8.711
v -1.752 		-1.212 		9.003
v -0.029 		-1.034 		1.182
v 0.024 		-1.182 		1.083
v -1.83 		-1.307 		8.769
v 0.025 		-1.239 		1.07
v -0.022 		-1.047 		1.2
v -0.026 		-1.032 		1.174
v 0.031 		-1.231 		1.057
v -1.809 		-1.454 		8.725
v -0.02 		-1.042 		1.188
v 0.034 		-1.245 		1.075
v -0.026 		-1.057 		1.212
v -1.37 		-1.272 		8.641
v -1.205 		-1.222 		8.538
v -1.026 		-1.036 		8.583
v 0.592 		0.652 		14.324
v 0.625 		0.722 		14.27
v -0.031 		-1.206 		1.271
v -1.275 		-1.481 		8.646
v -1.059 		-1.465 		8.569
v -1.528 		-1.479 		8.689
v -1.406 		-1.424 		8.472
v -1.362 		-1.46 		8.523
v 0.626 		0.649 		14.245
v 0.626 		0.571 		9.403
v 0.718 		0.62 		14.301
v 0.626 		0.607 		9.266
v 0.747 		0.601 		12.858
v -1.409 		-1.363 		8.507
v 0.64 		0.578 		14.277
v 0.661 		0.583 		14.306
v 0.646 		0.618 		14.297
v 0.681 		0.617 		14.313
v 0.747 		0.625 		12.85
v 0.681 		0.577 		14.302
v 0.701 		0.582 		14.278
v 0.718 		0.569 		12.855
v 0.608 		0.631 		9.304
v 0.736 		0.572 		12.854
v 0.676 		0.593 		14.312
v 0.735 		0.574 		12.854
v 0.721 		0.574 		12.855
v 0.721 		0.573 		12.853
v 0.694 		0.614 		14.308
v 0.729 		0.544 		12.855
v 0.63 		0.551 		9.22
v 0.692 		0.619 		14.31
v 0.636 		0.537 		9.221
v 0.737 		0.522 		12.857
v 0.69 		0.541 		14.299
v 0.376 		0.882 		9.725
v 0.668 		0.557 		14.278
v 0.647 		0.567 		14.283
v -2.226 		-0.767 		12.88
v 0.669 		0.575 		14.304
v 0.744 		0.573 		12.86
v -2.783 		-0.79 		12.907
v -2.173 		-0.883 		12.918
v 0.742 		0.569 		12.859
v -2.754 		-0.902 		12.863
v -2.142 		-0.944 		12.855
v 0.002 		-1.309 		1.274
v 0.651 		0.538 		14.322
v 0.013 		-1.337 		1.224
v -2.802 		-0.69 		12.742
v 0.002 		-1.341 		1.226
v -2.805 		-0.659 		12.54
v 0.002 		-1.356 		1.185
v -2.114 		-1.006 		12.732
v 0.013 		-1.355 		1.169
v -2.727 		-1.015 		12.581
v -0.666 		0.554 		13.945
v -1.086 		-1.281 		8.286
v -1.232 		-1.324 		8.414
v 0.036 		-1.293 		1.142
v -0.683 		0.543 		13.904
v -1.076 		-1.178 		8.383
v -0.668 		0.556 		13.943
v 0.46 		0.769 		9.691
v 0.013 		-1.356 		1.098
v 0.017 		-1.333 		1.031
v 0.026 		-1.309 		1.04
v -0.646 		0.639 		13.858
v -1.058 		-1.353 		8.274
v -1.217 		-1.393 		8.389
v -0.75 		0.621 		13.836
v -0.719 		0.597 		13.887
v -0.029 		-1.199 		1.23
v 0.002 		-1.363 		1.141
v 0.331 		0.994 		9.618
v 0.002 		-1.361 		1.097
v -1.874 		-1.374 		8.634
v 0.002 		-1.351 		1.055
v -1.621 		-1.384 		8.576
v 0.743 		0.627 		14.209
v 1.106 		-0.115 		0.666
v 0.737 		0.587 		14.216
v -1.864 		-1.442 		8.623
v 1.583 		-0.164 		0.344
v -0.715 		0.551 		13.886
v -0.733 		0.521 		13.848
v 1.315 		-0.169 		0.434
v -1.628 		-1.435 		8.535
v -1.597 		-1.464 		8.577
v -0.647 		0.523 		13.846
v -0.026 		-1.2 		1.228
v -2.083 		-1.126 		12.289
v 0.425 		0.944 		9.547
v 0.452 		0.918 		9.488
v 0.441 		0.909 		9.5
v -3.832 		-0.868 		12.741
v -3.455 		-0.795 		12.888
v -3.449 		-0.849 		12.849
v -0.022 		-1.202 		1.227
v 0.441 		0.907 		9.541
v -0.666 		0.523 		13.887
v -0.644 		0.522 		13.875
v 1.139 		-0.163 		0.336
v -1.885 		-1.417 		8.589
v 0.634 		-0.167 		0.969
v -0.775 		0.63 		13.955
v -0.774 		0.635 		13.951
v -2.287 		-0.871 		10.225
v -0.769 		0.654 		13.944
v -2.339 		-0.961 		9.77
v -0.771 		0.612 		13.957
v -2.849 		-0.909 		9.792
v 0.951 		-0.171 		0.746
v 0.56 		-0.149 		0.526
v -0.668 		0.227 		14.299
v -0.707 		0.019 		14.124
v -2.901 		-0.994 		9.429
v -0.695 		0.183 		14.145
v -2.761 		-1.256 		10.104
v 0.575 		-0.16 		0.529
v -2.142 		-1.331 		10.148
v -2.795 		-1.262 		9.75
v -0.02 		-1.202 		1.225
v -0.036 		-1.187 		1.193
v -2.124 		-1.513 		9.824
v -0.447 		0.944 		12.286
v -0.73 		0.707 		12.063
v 0.737 		0.571 		14.218
v -0.756 		0.575 		12.125
v -0.749 		0.595 		11.836
v 0.704 		0.537 		14.217
v 0.723 		0.546 		14.219
v 0.729 		0.56 		14.218
v -0.029 		-1.252 		1.166
v -0.032 		-1.276 		1.174
v -0.029 		-1.229 		1.206
v -0.536 		0.896 		12.037
v 0.658 		0.531 		14.243
v 0.659 		0.53 		14.267
v -0.02 		-1.246 		1.172
v -0.026 		-1.233 		1.199
v -2.052 		-1.59 		9.83
v -0.022 		-1.223 		1.21
v -0.679 		0.354 		13.96
v -2.094 		-1.582 		10.038
v -0.664 		0.487 		13.993
v -0.696 		0.507 		13.847
v -0.02 		-1.028 		1.099
v -0.022 		-1.026 		1.099
v 0.661 		0.53 		14.212
v -0.697 		0.744 		11.762
v 0.641 		0.545 		14.236
v -0.64 		0.778 		11.411
v 0.685 		0.528 		14.217
v 0.671 		0.527 		14.227
v 0.67 		0.529 		14.27
v 0.686 		0.531 		14.267
v -0.753 		0.433 		11.275
v 0.677 		0.53 		14.214
v -0.783 		0.114 		11.539
v 0.716 		0.561 		12.854
v 0.688 		0.56 		14.269
v -0.214 		0.912 		10.933
v 0.461 		0.989 		13.267
v 0.297 		1.017 		13.124
v -0.383 		0.882 		10.994
v 0.466 		0.98 		13.009
v -0.686 		0.694 		11.262
v -0.763 		0.272 		10.933
v 0.773 		0.478 		13.268
v 0.774 		0.497 		13.294
v 0.786 		0.498 		13.292
v 0.805 		0.503 		13.267
v 0.594 		0.591 		14.317
v 0.593 		0.626 		14.313
v -0.269 		0.883 		10.276
v 0.611 		0.619 		14.283
v -0.432 		0.824 		10.424
v 0.813 		0.468 		13.264
v -0.532 		0.778 		10.431
v 0.795 		0.463 		13.288
v -0.702 		0.534 		10.448
v 0.607 		0.56 		14.33
v 0.633 		0.55 		14.281
v 0.777 		0.46 		13.309
v -0.655 		0.66 		10.344
v 0.832 		0.471 		13.22
v 0.834 		0.472 		13.208
v 0.817 		0.458 		13.208
v 0.567 		-0.155 		0.519
v 0.396 		0.977 		9.554
v 0.387 		0.973 		9.553
v 0.456 		-0.097 		0.78
v 0.31 		-0.078 		0.956
v 0.268 		-0.135 		0.852
v 0.351 		-0.159 		0.859
v 0.809 		0.458 		13.207
v -0.713 		0.197 		13.926
v 0.783 		0.448 		13.206
v -0.455 		0.986 		13.659
v 0.178 		-0.104 		0.952
v 0.782 		0.451 		13.204
v 0.178 		-0.113 		0.945
v 0.834 		0.481 		13.207
v 0.177 		-0.122 		0.948
v -0.742 		0.653 		13.801
v -0.686 		0.645 		13.812
v -0.673 		0.641 		13.767
v -0.722 		0.657 		13.819
v -2.106 		-1.366 		9.493
v -2.098 		-1.366 		9.507
v 0.38 		0.981 		9.512
v 0.351 		1.015 		9.516
v -2.09 		-1.47 		9.561
v -2.07 		-1.494 		9.574
v -2.063 		-1.489 		9.585
v -2.066 		-1.449 		9.572
v -0.737 		0.655 		13.74
v -0.029 		-1.033 		1.077
v 0.028 		-0.046 		1.01
v -0.723 		0.651 		13.708
v 0.473 		0.812 		9.564
v 0.427 		0.873 		9.593
v 0.017 		-0.075 		0.992
v 0.498 		0.843 		9.53
v 0.501 		0.844 		9.529
v 0.498 		0.839 		9.484
v -0.708 		0.641 		13.707
v 0.089 		-0.102 		1.014
v -0.649 		0.595 		13.808
v -2.083 		-1.465 		9.573
v -0.661 		0.62 		13.809
v -0.686 		0.628 		13.768
v -0.675 		0.594 		13.767
v -2.115 		-1.524 		9.528
v -2.129 		-1.437 		9.484
v 0.507 		0.853 		9.463
v 0.383 		1.023 		9.242
v 0.639 		0.592 		14.242
v 0.435 		0.941 		9.341
v -2.094 		-1.484 		9.5
v 0.494 		0.855 		9.263
v 0.61 		0.529 		14.237
v 0.452 		0.907 		9.462
v -2.404 		-1.056 		9.392
v 0.667 		0.501 		9.423
v 0.745 		0.088 		9.566
v 0.741 		0.668 		14.195
v 0.746 		0.659 		14.202
v 0.256 		1.162 		9.148
v -2.114 		-1.372 		9.378
v -2.135 		-1.372 		9.348
v -0.029 		-1.055 		1.046
v -0.702 		0.607 		13.771
v -0.026 		-1.08 		1.028
v 0.746 		0.649 		14.202
v 0.741 		0.672 		14.198
v -2.117 		-1.498 		9.423
v -0.02 		-1.06 		1.045
v 0.747 		0.644 		14.206
v 0.714 		0.683 		14.188
v -2.129 		-1.411 		9.367
v -0.022 		-1.08 		1.028
v 0.714 		0.687 		14.19
v 0.088 		-0.112 		1.016
v -0.019 		-1.082 		1.076
v -0.778 		0.045 		10.622
v 0.668 		0.684 		14.182
v 0.662 		0.684 		14.182
v 0.697 		0.686 		14.185
v -0.022 		-1.038 		1.071
v -0.026 		-1.042 		1.064
v 0.012 		-0.194 		0.998
v 0.647 		0.662 		14.154
v 0.028 		-0.229 		0.936
v 0.646 		0.669 		14.182
v 0.653 		0.675 		14.181
v 0.643 		0.659 		14.184
v 0.644 		0.66 		14.183
v 0.642 		0.656 		14.181
v 0.642 		0.649 		14.184
v 0.642 		0.6533 		14.1822
v 0.79 		0.499 		13.127
v 0.173 		-0.137 		0.993
v 0.647 		0.665 		14.19
v -0.036 		-1.089 		1.077
v 0.773 		0.461 		13.117
v 0.022 		-0.342 		0.991
v 0.801 		0.457 		13.086
v 0.778 		0.441 		13.075
v 0.819 		0.464 		13.065
v -0.801 		-0.185 		12.198
v -2.11 		-1.509 		9.43
v 0.716 		0.511 		13.28
v -0.741 		0.577 		13.802
v -0.731 		0.593 		13.796
v -0.707 		0.618 		13.767
v -0.913 		-0.561 		12.132
v -0.863 		-0.488 		12.009
v -0.721 		0.622 		13.771
v -0.814 		-0.305 		11.954
v 0.746 		0.464 		13.25
v -0.019 		-1.097 		1.07
v -1.021 		-0.621 		12.208
v -0.762 		0.6 		13.782
v -0.754 		0.6 		13.788
v -0.752 		0.579 		13.799
v 0.189 		1.177 		8.969
v 0.126 		1.206 		9.01
v 0.063 		1.237 		9.134
v -0.664 		0.52 		13.822
v -0.791 		-0.045 		11.439
v -0.803 		-0.194 		11.726
v -0.93 		-0.565 		11.692
v -0.649 		0.572 		13.805
v -0.674 		0.54 		13.781
v 0.752 		0.482 		13.258
v 0.745 		0.499 		13.266
v 0.752 		0.489 		13.272
v -0.853 		-0.408 		11.463
v 0.766 		0.504 		13.295
v -0.661 		0.543 		13.803
v -0.878 		-0.488 		11.589
v -0.667 		0.52 		13.819
v -0.762 		0.537 		13.817
v -0.122 		-1.444 		12.23
v -0.762 		0.567 		13.779
v 0.727 		0.473 		13.307
v -0.718 		0.522 		13.777
v -0.202 		-1.409 		12.287
v -0.17 		-1.442 		12.084
v -0.709 		0.549 		13.787
v 0.746 		0.461 		13.307
v -0.268 		-1.329 		12.277
v 0.064 		1.225 		9.05
v -0.743 		0.524 		13.774
v -2.106 		-1.454 		9.453
v -2.085 		-1.529 		9.447
v 0.032 		1.208 		8.964
v -0.724 		0.562 		13.799
v -0.717 		0.546 		13.794
v 0.015 		1.169 		8.837
v -0.744 		0.543 		13.795
v 0.317 		1.055 		8.899
v -0.048 		-1.133 		1.08
v -2.131 		-1.373 		9.339
v -2.126 		-1.374 		9.339
v 0.714 		0.661 		14.093
v 0.646 		0.734 		14.096
v -0.036 		-1.133 		1.071
v 0.655 		0.678 		14.117
v -0.029 		-1.257 		1.127
v -0.029 		-1.253 		1.097
v 0.689 		0.675 		14.109
v 0.031 		-0.346 		1.016
v 0.015 		-0.258 		1.003
v 0.6407 		0.6737 		14.1125
v 0.64 		0.6734 		14.1186
v 0.64 		0.6739 		14.1189
v 0.642 		0.674 		14.103
v -0.022 		-1.255 		1.112
v -0.02 		-1.255 		1.12
v 0.677 		0.682 		14.085
v -2.051 		-1.565 		9.475
v -2.091 		-1.539 		9.446
v -0.026 		-1.255 		1.143
v -2.068 		-1.545 		9.448
v 0.635 		0.682 		14.18
v 0.6378 		0.6766 		14.144
v -0.317 		-1.308 		12.243
v 0.247 		1.12 		8.869
v 0.12 		1.175 		8.882
v -0.317 		-1.371 		11.9
v -0.249 		-1.383 		12.002
v 0.631 		0.667 		14.15
v -0.707 		0.527 		13.772
v 0.75 		0.466 		13.193
v 0.766 		0.452 		13.201
v -0.661 		0.623 		13.703
v 0.027 		-0.343 		0.976
v 0.028 		-0.405 		0.844
v 0.762 		0.457 		13.197
v 0.458 		-0.149 		0.625
v 0.361 		-0.14 		0.737
v -3.452 		-0.842 		9.826
v -0.091 		-1.475 		11.93
v -3.147 		-1.219 		9.477
v -3.864 		-0.941 		9.254
v -0.671 		-1.241 		12.241
v -0.708 		0.624 		13.713
v -0.76 		0.635 		13.7
v 0.241 		1.075 		8.719
v -0.695 		-1.296 		11.956
v -0.719 		0.63 		13.726
v -0.101 		-1.479 		11.665
v -0.176 		-1.462 		11.305
v 0.456 		-0.161 		0.662
v 0.458 		-0.155 		0.632
v -0.7 		0.557 		13.707
v 0.202 		1.067 		8.64
v 0.197 		1.074 		8.531
v 0.21 		1.063 		8.541
v -0.7 		0.532 		13.743
v 0.197 		1.05 		8.558
v 0.034 		-0.552 		1.018
v 0.167 		1.083 		8.537
v 0.245 		1.037 		8.539
v 0.225 		1.035 		8.558
v 0.022 		-0.683 		1.01
v 0.011 		-0.588 		1.01
v -0.019 		-1.18 		1.127
v -0.699 		0.552 		13.731
v -0.026 		-1.197 		1.027
v -0.218 		-1.43 		11.763
v -0.767 		0.532 		13.745
v -0.029 		-1.198 		1.026
v 0.131 		1.089 		8.536
v -0.022 		-1.206 		1.033
v 0.166 		1.056 		8.572
v -2.137 		-1.406 		8.762
v -0.757 		0.649 		13.675
v -3.001 		-1.255 		8.863
v 0.193 		1.056 		8.505
v -2.562 		-1.328 		8.718
v 0.135 		1.08 		8.499
v -0.713 		0.641 		13.684
v -0.734 		0.648 		13.672
v -2.074 		-1.193 		9.047
v -0.722 		0.641 		13.67
v 0.13 		1.06 		8.479
v 0.137 		1.043 		8.478
v -2.142 		-1.277 		8.82
v -0.027 		-1.166 		1.076
v -0.693 		0.661 		13.654
v 0.137 		1.042 		8.477
v 0.747 		0.479 		13.187
v -0.019 		-1.184 		1.083
v -2.183 		-1.336 		8.688
v -0.452 		-1.365 		11.748
v -2.195 		-1.374 		8.639
v 0.736 		0.491 		13.219
v -0.226 		-1.45 		11.474
v -4.083 		-1.073 		9.03
v -0.405 		-1.413 		11.464
v -3.596 		-1.145 		8.864
v 0.741 		0.318 		13.248
v -0.036 		-1.177 		1.083
v 0.029 		-0.977 		1.022
v -0.026 		-1.221 		1.045
v 0.735 		0.428 		13.123
v -0.311 		-1.443 		11.3
v -0.029 		-1.232 		1.056
v -0.026 		-1.247 		1.083
v 0.706 		0.476 		13.162
v 0.025 		-1.005 		0.977
v -0.022 		-1.231 		1.057
v -0.02 		-1.22 		1.046
v -0.02 		-1.245 		1.084
v -0.032 		-1.272 		1.074
v -0.029 		-1.279 		1.033
v -0.689 		-1.352 		11.616
v -3.603 		-1.125 		8.847
v -3.595 		-1.095 		8.896
v 0.617 		0.665 		14.151
v 0.022 		-1.023 		0.817
v 0.6389 		0.6744 		14.1293
v -4.152 		-0.637 		13.531
v 0.639 		0.673 		14.127
v 0.6391 		0.674 		14.1265
v 0.6399 		0.6739 		14.1202
v 0.024 		-1.021 		0.96
v 0.638 		0.673 		14.133
v -4.157 		-0.627 		13.517
v -4.186 		-0.63 		13.525
v -4.186 		-0.63 		13.523
v -4.193 		-0.634 		13.518
v -1.2 		-0.664 		12.25
v -1.462 		-0.687 		12.266
v -4.187 		-0.63 		13.531
v 0.624 		0.661 		14.095
v -1.206 		-0.68 		11.807
v -1.464 		-0.705 		11.824
v -4.176 		-0.625 		13.531
v 0.659 		0.622 		14.169
v -1.813 		-0.709 		11.822
v -4.164 		-0.626 		13.531
v 0.687 		0.6 		14.149
v -1.814 		-0.691 		12.263
v 0.024 		-1.015 		0.693
v -4.186 		-0.626 		13.476
v 0.648 		0.54 		14.206
v -4.182 		-0.633 		13.477
v -4.158 		-0.636 		13.477
v 0.642 		0.558 		14.197
v -1.207 		-0.719 		11.291
v -1.465 		-0.747 		11.305
v 0.022 		-1.008 		0.59
v 0.657 		0.535 		14.207
v 0.027 		-1.001 		0.589
v 0.707 		0.631 		14.124
v -1.813 		-0.751 		11.303
v 0.703 		0.57 		14.125
v -1.033 		-0.631 		11.764
v -0.021 		-1.33 		1.191
v 0.673 		0.554 		14.139
v -0.021 		-1.336 		1.088
v 0.048 		1.069 		8.555
v 0.681 		0.526 		14.084
v 0.699 		0.535 		14.093
v -0.015 		-1.347 		1.168
v -0.009 		-1.358 		1.112
v 0.09 		1.097 		8.525
v 0.638 		0.618 		14.185
v 0.087 		1.093 		8.498
v 0.607 		0.639 		14.187
v 0.636 		0.615 		14.188
v 0.013 		-0.995 		0.547
v -1.863 		-0.066 		1.997
v -1.91 		-0.043 		1.975
v 0.629 		0.598 		14.188
v 0.606 		0.612 		14.197
v -1.539 		-1.281 		11.586
v -1.805 		-1.206 		11.958
v 0.609 		0.58 		14.19
v -1.522 		-1.174 		12.245
v 0.811 		-0.153 		0.329
v 0.709 		0.509 		13.058
v 0.714 		-0.144 		0.39
v 0.648 		-0.147 		0.444
v -1.404 		-0.124 		1.86
v -1.104 		-0.029 		1.777
v 0.711 		0.461 		13.101
v 0.126 		1.069 		8.486
v 0.127 		1.071 		8.49
v 0.082 		1.081 		8.48
v 0.089 		1.059 		8.474
v -1.629 		-0.156 		1.425
v -1.195 		-0.046 		1.514
v 0.838 		0.458 		13.014
v -4.149 		-0.652 		13.532
v -4.16 		-0.666 		13.519
v 0.067 		1.064 		8.476
v -4.154 		-0.66 		13.519
v 0.813 		0.456 		12.997
v 0.823 		0.482 		13.016
v 0.77 		0.461 		13.007
v 0.79 		0.456 		13.017
v -0.031 		-0.02 		1.018
v 0.783 		0.482 		13.044
v 0.791 		0.475 		13.042
v 0.804 		0.477 		13.041
v -4.157 		-0.669 		13.52
v -0.787 		-0.126 		10.282
v -0.937 		-0.589 		11.197
v -0.883 		-0.504 		11.123
v 0.791 		0.475 		13.042
v 0.769 		0.467 		13.021
v 0.791 		0.475 		13.042
v 0.861 		-0.16 		0.363
v -4.149 		-0.659 		13.519
v 0.699 		-0.158 		0.429
v 0.667 		-0.153 		0.434
v 0.735 		-0.15 		0.373
v -4.192 		-0.657 		13.533
v -4.176 		-0.67 		13.533
v -4.186 		-0.669 		13.52
v -4.176 		-0.669 		13.52
v 0.791 		0.475 		13.042
v 0.782 		-0.156 		0.365
v 0.809 		0.432 		13.011
v 0.781 		0.432 		13.03
v -4.194 		-0.645 		13.532
v -0.801 		-0.163 		11.127
v -4.186 		-0.664 		13.519
v -0.82 		-0.29 		10.668
v 0.863 		0.502 		12.966
v 0.859 		0.47 		12.957
v -0.887 		-0.534 		10.637
v 0.851 		0.459 		12.957
v 0.7737 		0.448 		12.9679
v 0.7729 		0.4499 		12.9698
v 0.7741 		0.448 		12.9727
v -0.129 		-1.509 		10.366
v 0.768 		0.458 		12.964
v -0.718 		-1.453 		10.443
v -4.197 		-0.646 		13.518
v -0.087 		-1.496 		10.503
v 0.846 		0.446 		12.958
v 0.794 		0.427 		12.954
v 0.814 		0.428 		12.958
v 0.779 		0.435 		12.947
v 0.778 		0.432 		12.949
v 0.768 		0.445 		12.943
v -4.176 		-0.671 		13.479
v 0.781 		0.4411 		12.9638
v 0.777 		0.4408 		12.9604
v 0.7749 		0.4469 		12.9744
v -0.246 		-1.457 		11.024
v -0.212 		-1.465 		10.8
v -0.703 		0.618 		13.67
v 0.028 		-0.476 		0.189
v 0.027 		-0.199 		0.085
v -4.151 		-0.645 		13.498
v -0.7 		0.588 		13.693
v -0.675 		0.633 		13.653
v 0.514 		0.813 		9.193
v 0.631 		0.587 		9.135
v -4.172 		-0.633 		13.409
v -0.669 		0.62 		13.638
v 0.021 		-0.233 		0.079
v 0.012 		-0.251 		0.076
v 0.021 		-0.443 		0.133
v -0.663 		0.606 		13.668
v 0.022 		-0.879 		0.368
v 0.019 		-0.912 		0.4
v 0.022 		-0.798 		0.303
v 0.628 		0.59 		9.166
v -0.713 		0.629 		13.695
v -0.088 		-0.112 		1.016
v -0.089 		-0.102 		1.014
v -0.711 		0.61 		13.648
v -0.743 		0.602 		13.632
v 0.639 		0.556 		9.125
v -0.712 		0.638 		13.67
v -0.089 		-0.093 		1.021
v 0.013 		-0.768 		0.276
v 0 		-0.537 		0.159
v 0.025 		-0.549 		0.175
v 0 		-0.704 		0.237
v -0.689 		0.571 		13.677
v -0.663 		0.535 		13.679
v -0.665 		0.519 		13.662
v 0.036 		-1.138 		0.977
v -0.177 		-0.122 		0.948
v 0.034 		-1.104 		1.016
v 0.031 		-1.138 		1.012
v -0.178 		-0.113 		0.945
v -0.178 		-0.097 		0.964
v 0.027 		-1.108 		1.016
v -0.178 		-0.104 		0.952
v 0.638 		0.569 		14.196
v -0.173 		-0.137 		0.993
v -0.026 		-0.245 		0.985
v 0.613 		0.557 		14.162
v 0.013 		-1.055 		0.926
v -0.015 		-0.204 		1.001
v 0.029 		-1.125 		0.935
v 0.013 		-1.123 		0.91
v 0.002 		-1.065 		0.917
v -4.163 		-0.622 		13.364
v 0.002 		-1.108 		0.907
v -0.7007 		0.5304 		13.6847
v -0.702 		0.517 		13.686
v 0.034 		-1.169 		1.014
v 0.034 		-1.191 		1.022
v -0.703 		0.516 		13.69
v 0.826 		0.436 		12.957
v 0.027 		-1.169 		1.015
v -0.661 		0.565 		13.689
v 0.031 		-1.176 		1.017
v 0.025 		-1.153 		1.015
v -4.152 		-0.646 		13.409
v 0.795 		0.44 		12.97
v -0.695 		0.574 		13.676
v 0.602 		0.619 		9.162
v -0.7 		0.538 		13.684
v 0.732 		0.505 		13.027
v 0.62 		0.57 		8.975
v -0.701 		0.525 		13.69
v -0.698 		0.559 		13.677
v -0.7015 		0.5227 		13.69
v 0.516 		0.77 		8.934
v -4.149 		-0.664 		13.323
v 0.624 		0.56 		8.835
v -4.136 		-0.651 		13.366
v 0.626 		0.52 		8.86
v -0.732 		0.55 		13.649
v 0.593 		0.599 		8.926
v 0.622 		0.528 		14.096
v -0.316 		-0.069 		1.003
v -0.457 		-0.07 		0.961
v 0.615 		0.558 		8.833
v 0.621 		0.555 		14.087
v 0.617 		0.546 		14.129
v -0.268 		-0.112 		0.867
v 0.609 		0.566 		8.873
v 0.665 		0.772 		13.882
v -0.634 		-1.408 		11.215
v 0.574 		0.912 		13.99
v -1.823 		-0.814 		10.753
v -1.475 		-0.812 		10.753
v 0.769 		0.654 		13.944
v 0.771 		0.612 		13.957
v -4.193 		-0.666 		13.367
v -1.038 		-0.664 		11.254
v 0.775 		0.63 		13.955
v -4.167 		-0.682 		13.324
v -1.046 		-0.719 		10.713
v -1.217 		-0.781 		10.742
v 0.774 		0.635 		13.951
v -4.207 		-0.646 		13.322
v -4.192 		-0.647 		13.322
v 0.625 		0.554 		8.777
v 0.632 		0.529 		8.803
v 0.675 		0.644 		14.026
v 0.694 		0.653 		14.016
v -1.195 		-1.354 		11.215
v -1.233 		-1.522 		11.225
v -1.205 		-1.449 		11.15
v -0.672 		0.622 		13.608
v -1.211 		-1.501 		11.035
v -4.163 		-0.623 		13.221
v 0.606 		0.556 		8.71
v 0.612 		0.556 		8.715
v 0.644 		0.665 		14.074
v -1.08 		-1.366 		11.195
v -1.191 		-1.354 		11.212
v -1.184 		-1.375 		10.977
v 0.64 		0.662 		14.073
v -1.234 		-1.539 		11.223
v -1.229 		-1.556 		11.156
v -1.253 		-1.561 		11.216
v -1.256 		-1.557 		11.224
v -1.261 		-1.553 		11.226
v 0.729 		0.676 		14.006
v -1.298 		-1.566 		11.224
v 0.711 		0.681 		14.001
v -1.415 		-1.561 		11.227
v -1.457 		-1.565 		11.224
v 0.707 		0.662 		13.969
v 0.605 		0.56 		8.785
v -4.204 		-0.693 		13.225
v 0.669 		0.658 		13.967
v 0.663 		0.658 		14
v 0.48 		0.789 		8.764
v 0.386 		1.017 		9.167
v 0.762 		0.478 		13.015
v 0.378 		0.981 		8.915
v 0.764 		0.496 		13.028
v 0.647 		0.488 		9.038
v 0.7 		0.283 		9.17
v 0.761 		0.441 		13.055
v -1.364 		-1.594 		11.125
v -0.268 		-0.135 		0.852
v 0.746 		0.479 		12.99
v 0.759 		0.48 		12.933
v 0.764 		0.457 		12.937
v -0.351 		-0.159 		0.859
v 0.763 		0.462 		12.938
v -1.214 		-1.564 		10.77
v 0.745 		0.592 		14.05
v -1.294 		-1.619 		10.991
v -0.032 		-0.314 		1.021
v 0.738 		0.63 		14.026
v -1.364 		-1.644 		10.859
v -0.013 		-0.287 		1.001
v 0.722 		0.626 		14.048
v -0.019 		-0.426 		1.007
v -0.037 		-0.42 		1.02
v -1.632 		-1.315 		11.213
v -2.047 		-1.501 		11.221
v -0.694 		0.627 		13.63
v 0.765 		0.456 		12.939
v -0.673 		0.614 		13.591
v 0.761 		0.492 		12.982
v -0.456 		-0.161 		0.662
v -0.457 		-0.155 		0.632
v 0.026 		-1.227 		0.948
v -0.458 		-0.149 		0.625
v -0.456 		-0.101 		0.761
v -0.452 		-0.164 		0.723
v -1.59 		-1.615 		10.949
v -1.888 		-1.528 		11.222
v -0.671 		0.62 		13.612
v -1.981 		-1.568 		10.988
v -1.89 		-1.604 		10.856
v -0.67 		0.621 		13.616
v 0.704 		0.579 		14.061
v 0.709 		0.603 		14.062
v 0.72 		0.605 		14.058
v -0.705 		-0.09 		0.823
v -0.732 		0.624 		13.622
v -1.294 		-1.675 		10.499
v -1.229 		-1.647 		10.269
v -1.455 		-1.675 		10.5
v -0.749 		0.632 		13.598
v -0.767 		0.629 		13.578
v -0.56 		-0.149 		0.526
v -1.229 		-1.632 		10.691
v -1.003 		-0.17 		0.574
v -1.251 		-1.652 		10.693
v -1.294 		-1.662 		10.694
v -1.229 		-1.646 		10.495
v -0.567 		-0.155 		0.519
v -0.575 		-0.16 		0.529
v -0.673 		0.513 		13.582
v -1.409 		-1.663 		10.694
v -0.782 		0.641 		13.722
v -0.784 		0.617 		13.756
v -1.89 		-1.638 		10.276
v -1.981 		-1.624 		10.497
v -0.797 		0.59 		13.733
v -1.729 		-1.64 		10.693
v -0.031 		-0.961 		1.007
v -0.032 		-0.891 		0.768
v -0.791 		0.528 		13.728
v -0.025 		-0.544 		1.013
v -2.259 		-0.677 		12.249
v -0.014 		-0.798 		1.022
v -2.803 		-0.647 		12.231
v -0.014 		-0.631 		1.013
v 0.669 		0.582 		14.038
v -2.254 		-0.734 		11.294
v 0.674 		0.604 		14.045
v -2.79 		-0.699 		11.285
v 0.687 		0.625 		14.05
v -2.405 		-1.197 		11.651
v 0.643 		0.61 		14.022
v -4.126 		-0.662 		13.12
v 0.002 		-1.237 		0.927
v 0.013 		-1.208 		0.92
v 0.002 		-1.167 		0.906
v 0.716 		0.545 		14.017
v 0.728 		0.568 		14.026
v 0.626 		0.52 		8.59
v 0.709 		0.562 		14.051
v 0.029 		-1.296 		1.022
v 0.015 		-1.292 		0.973
v 0.002 		-1.286 		0.959
v -0.803 		0.586 		13.698
v -0.801 		0.553 		13.704
v -0.789 		0.519 		13.706
v 0.002 		-1.332 		1.015
v 0.022 		-1.026 		0.65
v -0.031 		-1.001 		0.589
v 0.013 		-1.031 		0.644
v -0.026 		-1.023 		0.632
v -0.09 		1.045 		14.518
v -0.152 		1.029 		14.608
v 0.75 		0.562 		14.024
v -0.024 		0.552 		15.915
v -0.007 		0.513 		15.944
v 0.718 		0.539 		14.074
v 0.718 		0.527 		14.048
v -0.049 		0.551 		15.899
v -0.077 		0.627 		15.801
v -4.174 		-0.642 		13.118
v -0.028 		0.704 		15.712
v -0.127 		0.669 		15.713
v 0.677 		0.521 		14.036
v 0.675 		0.547 		14.017
v 0.63 		0.524 		8.688
v 0.675 		0.553 		14.031
v 0.608 		0.561 		8.634
v 0.717 		0.468 		12.865
v 0.696 		0.542 		14.027
v -0.161 		0.643 		15.712
v -4.137 		-0.639 		13.018
v -0.8 		0.631 		13.686
v -0.807 		0.604 		13.695
v -0.774 		0.643 		13.677
v -4.207 		-0.639 		13.018
v -0.085 		0.551 		15.863
v 0.741 		0.417 		12.871
v 0.746 		0.416 		12.871
v -0.219 		0.531 		15.711
v 0.697 		0.561 		14.053
v -4.122 		-0.669 		13.02
v 0.689 		0.568 		14.054
v 0.56 		0.612 		8.652
v 0.741 		0.411 		12.882
v 0.732 		0.414 		12.871
v 0.551 		0.626 		8.61
v 0.727 		0.412 		12.894
v 0.731 		0.41 		12.894
v 0.674 		0.524 		14.057
v 0.755 		0.4 		12.868
v 0.754 		0.405 		12.866
v -0.031 		-0.199 		0.085
v 0.538 		0.668 		8.57
v -0.031 		-0.054 		0.069
v -0.031 		-0.123 		0.077
v 0.517 		0.707 		8.532
v 0.646 		0.542 		14.064
v 0.747 		0.407 		12.88
v 0.586 		0.594 		8.568
v -0.017 		-0.096 		0.046
v 0.752 		0.408 		12.868
v 0.619 		0.523 		8.553
v 0.614 		0.518 		8.552
v -0.002 		-0.173 		0.052
v -0.002 		-0.262 		0.074
v 0.744 		0.613 		14.011
v 0.607 		0.532 		8.538
v 0.553 		0.626 		8.529
v -0.016 		-0.251 		0.076
v -0.026 		-0.372 		0.115
v 0.727 		0.415 		12.871
v -0.025 		-0.443 		0.133
v 0.584 		0.529 		8.523
v -0.714 		-0.144 		0.39
v -0.699 		-0.158 		0.429
v -0.667 		-0.153 		0.434
v -0.648 		-0.147 		0.444
v -0.811 		-0.153 		0.329
v -0.782 		-0.156 		0.365
v 0.667 		0.577 		13.991
v -0.735 		-0.15 		0.373
v 0.719 		0.514 		13.967
v 0.705 		0.516 		13.963
v -0.007 		0.887 		15.363
v 0.732 		0.522 		13.966
v -0.076 		0.819 		15.504
v -0.086 		0.862 		15.408
v -0.024 		-0.896 		0.384
v -0.029 		-0.794 		0.306
v -0.778 		0.604 		13.586
v -0.018 		-0.755 		0.269
v -0.002 		-0.953 		0.452
v -0.789 		0.552 		13.579
v -3.437 		-0.617 		11.788
v -0.002 		-0.909 		0.38
v -0.002 		-0.83 		0.311
v -0.801 		0.628 		13.684
v -0.219 		0.783 		15.459
v -0.805 		0.609 		13.691
v -0.026 		-0.963 		0.492
v -0.596 		0.935 		13.445
v -0.667 		0.862 		13.551
v 0.525 		0.581 		8.466
v 0.526 		0.583 		8.51
v -0.698 		0.618 		13.563
v -3.423 		-0.651 		11.283
v -4.135 		-0.713 		13.022
v -0.685 		0.589 		13.555
v -0.063 		0.762 		15.61
v -0.117 		0.745 		15.611
v -0.277 		0.736 		15.462
v -0.247 		0.639 		15.613
v -0.722 		0.631 		13.554
v -0.303 		0.668 		15.511
v -4.194 		-0.723 		13.023
v -0.761 		0.638 		13.518
v 0.553 		0.539 		8.415
v 0.322 		0.947 		8.583
v 0.302 		0.994 		8.664
v -0.023 		-0.518 		0.158
v -0.029 		-0.549 		0.175
v 0.363 		0.9 		8.577
v -0.706 		0.615 		13.546
v -0.032 		-0.662 		0.238
v -0.708 		0.604 		13.526
v 0.45 		0.793 		8.584
v -0.029 		-1.108 		1.015
v -0.025 		-1.03 		0.976
v -0.761 		0.608 		13.507
v 0.258 		1.021 		8.529
v 0.356 		0.914 		8.544
v -0.749 		0.605 		13.519
v -0.735 		0.6 		13.515
v 0.282 		0.995 		8.548
v -0.73 		0.589 		13.52
v -0.026 		-1.123 		1.014
v -0.674 		0.556 		13.557
v 0.318 		0.942 		8.51
v -0.696 		0.531 		13.535
v -0.728 		0.546 		13.524
v -4.076 		-0.556 		11.62
v -4.052 		-0.549 		11.549
v 0.752 		0.483 		12.86
v 0.751 		0.496 		12.86
v -0.767 		0.523 		13.545
v -4.173 		-0.648 		12.944
v -4.091 		-0.572 		11.678
v -0.745 		0.528 		13.542
v -0.737 		0.531 		13.536
v -3.992 		-0.588 		11.551
v -0.691 		0.616 		13.443
v 0.716 		0.494 		12.861
v -4.077 		-0.536 		11.486
v -4.082 		-0.532 		11.388
v 0.756 		0.364 		12.872
v -0.022 		-1.108 		1.016
v 0.757 		0.347 		12.873
v -3.994 		-0.559 		11.412
v -4.033 		-0.542 		11.411
v 0.755 		0.382 		12.869
v -3.966 		-0.595 		11.465
v -3.956 		-0.597 		11.414
v -4.002 		-0.553 		11.321
v 0.751 		0.531 		13.967
v -3.977 		-0.566 		11.322
v -0.02 		-1.123 		1.014
v 0.765 		0.556 		13.966
v 0.762 		0.276 		12.899
v 0.757 		0.545 		13.966
v -3.956 		-0.6 		11.397
v -0.024 		-1.148 		0.938
v 0.785 		0.043 		12.937
v -0.017 		-1.056 		0.938
v 0.549 		0.921 		12.491
v 0.605 		0.878 		12.29
v -3.413 		-1.091 		11.728
v -0.009 		-1.123 		0.91
v -0.002 		-1.069 		0.917
v 0.742 		0.689 		12.753
v 0.746 		0.667 		12.311
v 0.703 		0.808 		12.574
v 0.66 		0.845 		12.394
v 0.367 		0.882 		8.508
v 0.442 		0.811 		8.523
v 0.382 		0.881 		8.52
v 0.297 		0.887 		8.482
v -4.149 		-0.634 		12.866
v -0.687 		0.61 		13.457
v -4.161 		-0.629 		12.918
v -4.202 		-0.637 		12.918
v 0.663 		0.865 		12.758
v -2.792 		-0.755 		10.746
v -2.14 		-1.28 		11.044
v -2.126 		-1.427 		11.082
v -2.134 		-1.268 		11.207
v -2.114 		-1.451 		11.218
v -2.123 		-1.378 		11.214
v -0.742 		0.631 		13.484
v 0.161 		1.001 		12.583
v -2.115 		-1.481 		11.152
v -0.751 		0.633 		13.457
v -2.109 		-1.268 		11.244
v -4.165 		-0.649 		12.919
v -2.089 		-1.485 		11.22
v -4.204 		-0.689 		12.921
v -4.199 		-0.702 		12.922
v -0.717 		0.594 		13.469
v -0.029 		-1.154 		1.012
v -0.032 		-1.174 		0.996
v -0.022 		-1.169 		1.015
v -0.738 		0.609 		13.453
v -0.733 		0.603 		13.499
v 0.664 		0.551 		13.959
v 0.475 		0.773 		8.553
v 0.684 		0.518 		13.959
v 0.677 		0.522 		14
v -0.026 		-1.169 		1.015
v 0.691 		0.536 		14.008
v 0.674 		0.543 		13.973
v 0.242 		0.952 		8.478
v 0.188 		1.009 		8.48
v 0.473 		0.761 		8.516
v 0.62 		0.63 		14.068
v -4.155 		-0.734 		12.924
v 0.637 		0.57 		14.047
v 0.421 		0.743 		8.5
v 0.407 		0.764 		8.5
v 0.446 		0.706 		8.502
v -0.753 		0.616 		13.46
v 0.42 		0.725 		8.499
v -0.028 		-1.256 		0.994
v -0.009 		-1.235 		0.931
v 0.445 		0.706 		8.506
v -0.718 		0.562 		13.449
v -0.002 		-1.059 		0.78
v 0.476 		0.656 		8.507
v 0.455 		0.696 		8.502
v 0.451 		0.703 		8.503
v 0.357 		0.977 		12.474
v -0.009 		-1.303 		0.982
v -0.015 		-1.315 		1.009
v 0.492 		0.959 		12.78
v -0.017 		-1.046 		0.733
v 0.456 		0.686 		8.498
v -0.002 		-1.036 		0.651
v 0.461 		0.684 		8.499
v -0.69 		0.596 		13.401
v 0.77 		0.253 		12.634
v -1.621 		-0.1 		0.911
v -0.689 		0.595 		13.405
v -1.054 		-0.131 		0.515
v 0.451 		0.681 		8.492
v -1.583 		-0.164 		0.344
v -2.13 		-1.268 		11.21
v -1.777 		-0.171 		0.723
v -1.295 		-0.168 		0.423
v -0.741 		0.623 		13.433
v -2.115 		-1.515 		10.985
v -0.74 		0.62 		13.419
v -0.721 		0.601 		13.392
v -2.08 		-0.044 		1.87
v -2.119 		-0.059 		1.902
v -2.279 		-0.056 		1.805
v -2.115 		-1.537 		10.852
v -2.273 		-0.089 		1.797
v -2.073 		-1.54 		11.012
v -2.052 		-1.577 		10.855
v -2.171 		-0.123 		1.737
v -0.728 		0.6 		13.42
v -2.498 		-0.139 		1.549
v -2.129 		-1.454 		10.679
v -2.115 		-1.567 		10.264
v -4.141 		-0.671 		12.826
v -0.728 		0.592 		13.419
v -2.124 		-1.537 		10.486
v -2.115 		-1.557 		10.687
v -2.052 		-1.609 		10.272
v -2.094 		-1.592 		10.493
v -2.094 		-1.579 		10.689
v -4.115 		-0.69 		12.843
v -4.121 		-0.66 		12.815
v -3.416 		-0.703 		10.753
v -4.137 		-0.688 		12.842
v -3.942 		-0.608 		11.217
v -3.954 		-0.587 		11.215
v -0.762 		0.63 		13.42
v -0.732 		0.577 		13.405
v -4.138 		-0.696 		12.844
v -4.137 		-0.693 		12.843
v -4.012 		-0.564 		11.084
v -4.137 		-0.694 		12.843
v -0.76 		0.581 		13.384
v -0.742 		0.616 		13.418
v -3.948 		-0.615 		11.217
v -3.957 		-0.629 		11.017
v -3.961 		-0.631 		10.911
v -3.967 		-0.609 		10.945
v -4.074 		-0.583 		10.8
v -3.958 		-0.62 		10.946
v -4.2 		-0.668 		12.825
v -4.207 		-0.683 		12.838
v -0.709 		0.623 		13.438
v -4.205 		-0.698 		12.842
v 0.458 		0.682 		8.493
v -0.685 		0.545 		13.439
v -0.685 		0.556 		13.436
v -2.373 		-0.077 		1.769
v -2.477 		-0.071 		1.703
v -0.735 		0.525 		13.411
v 0.442 		0.687 		8.492
v 0.438 		0.702 		8.5
v 0.667 		-0.013 		14.259
v -0.763 		0.522 		13.39
v 0.593 		-0.263 		14.214
v 0.696 		-0.185 		13.976
v -4.183 		-0.655 		12.813
v -3.948 		-0.616 		11.205
v -0.686 		0.515 		13.43
v -3.424 		-0.768 		10.251
v -0.697 		0.585 		13.323
v -4.174 		-0.722 		12.848
v -4.161 		-0.72 		12.848
v -2.568 		-0.106 		1.627
v -2.606 		-0.085 		1.615
v -2.61 		-0.093 		1.619
v 0.444 		0.689 		8.498
v -2.561 		-0.073 		1.598
v -2.269 		-0.161 		1.348
v -4.122 		-0.715 		12.848
v -2.15 		-0.066 		1.408
v -2.596 		-0.155 		1.365
v -4.149 		-0.739 		12.852
v 0.322 		0.84 		8.284
v -2.817 		-0.15 		1.269
v 0.461 		0.675 		8.39
v -2.759 		-0.119 		1.492
v -2.767 		-0.105 		1.495
v -2.864 		-0.129 		1.374
v -4.203 		-0.734 		12.849
v 0.733 		-0.023 		13.973
v -2.856 		-0.113 		1.38
v -2.888 		-0.122 		1.262
v -2.904 		-0.137 		1.257
v 0.568 		-0.404 		14.068
v -2.881 		-0.13 		1.127
v 0.451 		0.675 		8.432
v 0.649 		-0.336 		13.907
v 0.449 		-0.467 		14.302
v -4.03 		-0.676 		10.483
v -4.064 		-0.69 		10.375
v -4.094 		-0.697 		10.313
v -4.225 		-0.733 		12.848
v -4.225 		-0.707 		12.843
v 0.617 		0.511 		8.598
v 0.654 		0.344 		8.535
v -4.043 		-0.612 		10.667
v -3.99 		-0.653 		10.671
v -4.229 		-0.681 		12.837
v 0.177 		-0.662 		14.321
v 0.413 		-0.618 		14.103
v 0.331 		-0.59 		14.315
v 0.102 		-0.776 		14.108
v 0.275 		-0.715 		14.109
v 0.345 		-0.674 		14.107
v -2.716 		-0.163 		0.794
v -2.574 		-0.147 		0.65
v -4.226 		-0.669 		12.827
v -2.451 		-0.157 		0.52
v 0.618 		0.477 		8.535
v 0.493 		-0.616 		13.892
v 0.609 		0.503 		8.549
v 0.063 		-0.868 		13.876
v -4.055 		-0.634 		10.548
v -0.694 		0.584 		13.326
v -0.696 		0.584 		13.324
v 0.591 		0.507 		8.502
v 0.659 		0.297 		8.481
v -2.78 		-0.147 		0.792
v -2.851 		-0.139 		0.962
v 0.695 		0.067 		8.494
v -2.87 		-0.15 		0.963
v -2.795 		-0.155 		0.79
v 0.587 		0.495 		8.405
v 0.736 		-0.156 		13.807
v 0.748 		-0.195 		13.643
v 0.628 		0.427 		8.444
v 0.61 		0.429 		8.202
v 0.717 		-0.304 		13.641
v -2.652 		-0.153 		0.641
v 0.78 		-0.025 		13.332
v -2.651 		-0.16 		0.631
v 0.65 		0.32 		8.399
v -2.164 		-0.159 		0.441
v -2.416 		-0.162 		0.5
v -2.069 		-0.164 		0.415
v 0.706 		-0.413 		13.421
v 1.853 		-0.896 		10.221
v 1.915 		-0.992 		9.754
v 1.071 		-0.794 		10.175
v 1.312 		-0.963 		9.712
v -4.039 		-0.677 		10.45
v 1.124 		-0.889 		9.673
v 0.626 		-0.587 		13.441
v -4.077 		-0.69 		10.343
v 1.2 		-1.005 		9.236
v 0.531 		-0.762 		13.379
v 1.574 		-0.995 		9.737
v 1.507 		-0.895 		10.216
v 1.247 		-0.864 		10.203
v -4.226 		-0.784 		12.815
v 0.505 		-0.68 		13.701
v 0.157 		-0.919 		13.644
v 0.288 		-0.828 		13.778
v 0.402 		-0.769 		13.74
v 0.453 		-0.806 		13.51
v -3.397 		-1.146 		10.951
v 0.016 		-0.949 		13.636
v 1.89 		-1.62 		9.836
v 1.294 		-1.669 		10.046
v 1.409 		-1.659 		9.837
v 1.251 		-1.654 		9.935
v -0.694 		0.602 		13.363
v -0.696 		0.602 		13.359
v 0.47 		-0.842 		13.347
v 1.376 		-0.788 		12.907
v 1.136 		-0.714 		12.8
v 1.086 		-0.78 		12.911
v 1.944 		-1.506 		9.604
v 1.959 		-1.454 		9.58
v 2.029 		-1.516 		9.576
v 1.717 		-0.845 		12.934
v 1.324 		-0.856 		12.936
v 1.957 		-1.524 		9.6
v 1.67 		-0.91 		12.913
v 1.869 		-1.528 		9.608
v 1.261 		-0.929 		12.903
v 2.02 		-1.375 		9.527
v -0.767 		0.618 		13.32
v -0.734 		0.612 		13.328
v -0.766 		0.611 		13.35
v 1.553 		-1.527 		9.604
v 1.784 		-0.734 		12.785
v -0.736 		0.613 		13.361
v 1.416 		-0.732 		12.797
v 2.036 		-1.536 		9.489
v 1.804 		-0.701 		12.579
v 1.175 		-0.676 		12.581
v 1.993 		-1.094 		9.361
v 1.661 		-1.104 		9.329
v 1.446 		-0.697 		12.587
v -0.696 		0.574 		13.318
v 1.82 		-1.542 		9.604
v 1.969 		-1.555 		9.485
v 1.045 		-1.15 		12.475
v -0.77 		0.635 		13.55
v 1.875 		-1.555 		9.549
v 0.78 		-0.233 		13.149
v 0.769 		-0.423 		12.989
v -0.799 		0.609 		13.532
v -0.804 		0.584 		13.536
v -0.248 		1.032 		10.006
v 1.89 		-1.609 		9.665
v 0.734 		-0.375 		13.304
v 0.759 		-0.33 		13.195
v 0.724 		-0.502 		13.126
v -4.203 		-0.589 		12.686
v -4.157 		-0.634 		12.788
v -0.782 		0.582 		13.537
v -0.77 		0.586 		13.539
v -0.194 		1.123 		9.861
v -0.234 		1.095 		9.867
v 1.56 		-1.63 		9.53
v -0.79 		0.519 		13.566
v -0.815 		0.547 		13.511
v -0.798 		0.513 		13.54
v 1.607 		-1.562 		9.606
v 1.889 		-1.591 		9.465
v -0.772 		0.525 		13.544
v -0.79 		0.549 		13.527
v 1.561 		-1.611 		9.469
v -0.78 		0.561 		13.547
v -0.769 		0.559 		13.551
v 1.885 		-1.581 		9.466
v 2.0441 		-1.5567 		9.4533
v 2.047 		-1.556 		9.453
v 2.0469 		-1.5557 		9.4531
v 1.977 		-1.573 		9.46
v 0.799 		-0.176 		12.852
v 2.044 		-1.55 		9.456
v -0.789 		0.633 		13.495
v -0.81 		0.623 		13.47
v 2.014 		-1.568 		9.458
v 0.716 		-0.579 		13.064
v 0.672 		-0.597 		13.192
v -0.77 		0.636 		13.46
v -0.798 		0.632 		13.441
v -0.802 		0.588 		13.503
v 0.641 		-0.685 		13.147
v 0.605 		-0.688 		13.276
v 0.594 		-0.779 		13.122
v -0.821 		0.597 		13.457
v -0.797 		0.608 		13.47
v 0.555 		-0.779 		13.244
v 0.789 		-0.611 		12.831
v 0.784 		-0.516 		12.844
v -0.835 		0.586 		13.444
v 0.651 		-0.762 		13.01
v -0.833 		0.591 		13.44
v 0.743 		-0.749 		12.932
v -0.82 		0.52 		13.487
v 0.881 		-0.761 		12.909
v -0.831 		0.569 		13.446
v -0.828 		0.614 		13.435
v -0.802 		0.629 		13.427
v -0.785 		0.631 		13.424
v 0.595 		-0.951 		12.905
v -0.777 		0.628 		13.422
v -0.802 		0.625 		13.425
v -0.829 		0.61 		13.433
v 0.512 		-0.954 		12.953
v -0.784 		0.608 		13.33
v -0.799 		0.566 		13.34
v -0.793 		0.591 		13.336
v 0.675 		-0.856 		12.948
v 0.814 		-0.857 		12.932
v 0.733 		-0.947 		12.889
v 0.587 		-0.864 		13.003
v -0.745 		0.503 		13.799
v -0.654 		0.497 		13.818
v -0.721 		0.491 		13.768
v -0.728 		0.487 		13.735
v -0.744 		0.487 		13.706
v 0.326 		-0.963 		13.261
v -0.763 		0.496 		13.706
v -0.7612 		0.4964 		13.7064
v -0.7656 		0.4988 		13.7065
v -0.7613 		0.4971 		13.7086
v 0.426 		-0.935 		13.155
v -0.7612 		0.4965 		13.7067
v 0.462 		-0.95 		13.035
v -0.714 		0.509 		13.726
v -0.745 		0.508 		13.734
v 0.386 		-1.02 		12.962
v -0.716 		0.492 		13.699
v 0.833 		-0.503 		12.358
v 0.797 		-0.085 		12.744
v 0.808 		-0.43 		12.454
v 0.938 		-0.68 		12.792
v -0.705 		0.505 		13.693
v 0.987 		-0.635 		12.555
v -0.713 		0.499 		13.694
v 0.874 		-0.578 		12.488
v 0.857 		-1.021 		12.798
v -0.732 		0.51 		13.628
v -0.694 		0.496 		13.596
v 0.642 		-1.03 		12.802
v -0.728 		0.488 		13.592
v 0.185 		-1.039 		13.187
v 0.06 		-1.071 		13.174
v 0.265 		-1.207 		12.979
v -0.671 		0.505 		13.607
v 0.274 		-1.242 		12.985
v 0.265 		-1.268 		12.987
v 0.28 		-1.248 		12.964
v 0.28 		-1.26 		12.907
v 0.278 		-1.222 		12.886
v 0.509 		-1.032 		12.827
v 0.391 		-1.062 		12.837
v 0.24 		-1.068 		13.008
v 0.18 		-1.199 		12.982
v 0.159 		-1.205 		12.982
v 0.02 		-1.204 		12.982
v 0.248 		-1.278 		12.99
v 0.145 		-1.191 		12.932
v 0.224 		-1.195 		12.823
v 0.188 		-1.139 		12.826
v 0.199 		-1.192 		12.901
v 0.047 		-1.155 		12.871
v 0.047 		-1.176 		12.826
v 0.069 		-1.186 		12.831
# 5085 vertices

g group_0_16345508

usemtl color_16345508
s 0

f 3 	8 	6
f 6 	13 	19
f 6 	19 	3
f 11 	9 	10
f 10 	14 	11
f 9 	11 	15
f 11 	16 	15
f 10 	29 	14
f 17 	10 	9
f 65 	29 	10
f 17 	9 	18
f 65 	10 	17
f 9 	15 	18
f 23 	18 	15
f 24 	22 	101
f 27 	25 	68
f 27 	28 	25
f 102 	223 	26
f 14 	29 	30
f 21 	25 	28
f 28 	13 	21
f 29 	61 	30
f 5 	30 	4
f 19 	28 	27
f 19 	13 	28
f 30 	5 	14
f 85 	33 	39
f 33 	37 	39
f 71 	39 	37
f 40 	649 	651
f 33 	47 	46
f 4654 	52 	4653
f 146 	41 	56
f 4654 	53 	52
f 56 	392 	146
f 55 	248 	50
f 55 	51 	33
f 58 	51 	55
f 46 	55 	33
f 41 	54 	56
f 11 	14 	5
f 2 	11 	5
f 16 	11 	2
f 1 	16 	2
f 50 	392 	56
f 59 	16 	1
f 60 	59 	1
f 56 	58 	50
f 55 	50 	58
f 65 	61 	29
f 64 	106 	4158
f 303 	62 	64
f 64 	40 	106
f 15 	66 	23
f 66 	15 	16
f 59 	66 	16
f 59 	67 	66
f 80 	79 	61
f 77 	68 	25
f 83 	72 	69
f 77 	70 	68
f 61 	65 	80
f 20 	64 	62
f 67 	82 	66
f 78 	69 	72
f 72 	73 	78
f 75 	74 	17
f 71 	73 	39
f 18 	75 	17
f 75 	23 	76
f 74 	65 	17
f 18 	23 	75
f 20 	62 	99
f 63 	78 	155
f 63 	69 	78
f 66 	82 	76
f 23 	66 	76
f 78 	73 	71
f 77 	21 	4585
f 1381 	1382 	79
f 25 	21 	77
f 75 	91 	74
f 91 	75 	76
f 74 	80 	65
f 83 	69 	84
f 80 	95 	79
f 83 	85 	72
f 73 	72 	85
f 307 	89 	87
f 74 	91 	88
f 87 	89 	120
f 76 	82 	93
f 91 	76 	93
f 70 	77 	94
f 80 	88 	95
f 24 	96 	12
f 95 	88 	105
f 95 	105 	1386
f 88 	80 	74
f 64 	20 	38
f 99 	38 	20
f 24 	101 	96
f 99 	98 	38
f 96 	26 	12
f 93 	82 	100
f 96 	102 	26
f 93 	100 	103
f 99 	62 	87
f 87 	104 	98
f 93 	103 	91
f 99 	87 	98
f 101 	127 	96
f 64 	38 	40
f 102 	96 	127
f 103 	88 	91
f 88 	103 	105
f 90 	108 	107
f 90 	111 	108
f 109 	106 	40
f 31 	130 	112
f 119 	104 	87
f 87 	120 	119
f 110 	107 	140
f 110 	140 	139
f 117 	118 	124
f 121 	124 	118
f 121 	128 	2043
f 89 	123 	120
f 2043 	117 	124
f 2043 	124 	121
f 92 	90 	107
f 22 	92 	110
f 121 	122 	124
f 22 	110 	101
f 117 	124 	122
f 107 	110 	92
f 101 	129 	127
f 101 	110 	129
f 125 	128 	122
f 86 	126 	123
f 123 	126 	410
f 39 	73 	85
f 85 	83 	84
f 84 	46 	85
f 112 	133 	111
f 133 	108 	111
f 130 	133 	112
f 135 	269 	52
f 134 	269 	135
f 136 	135 	52
f 146 	1568 	41
f 132 	135 	136
f 156 	137 	63
f 137 	69 	63
f 110 	139 	138
f 141 	140 	107
f 134 	135 	132
f 108 	141 	107
f 136 	52 	53
f 133 	141 	108
f 84 	69 	137
f 137 	142 	84
f 133 	143 	141
f 148 	131 	57
f 142 	55 	46
f 133 	130 	143
f 84 	142 	46
f 4644 	44 	144
f 57 	144 	44
f 1568 	146 	4926
f 1 	116 	115
f 81 	4926 	146
f 60 	1 	115
f 2 	116 	1
f 57 	44 	45
f 116 	295 	115
f 57 	45 	148
f 113 	114 	5
f 5 	4 	113
f 116 	2 	5
f 45 	283 	148
f 114 	116 	5
f 150 	4 	30
f 151 	147 	149
f 150 	113 	4
f 151 	149 	153
f 156 	157 	147
f 157 	156 	63
f 157 	63 	155
f 113 	289 	291
f 113 	159 	289
f 208 	207 	32
f 160 	4520 	161
f 161 	169 	162
f 161 	162 	160
f 677 	139 	140
f 677 	140 	141
f 160 	162 	2034
f 679 	674 	139
f 138 	129 	110
f 158 	4810 	4823
f 424 	127 	145
f 145 	427 	424
f 129 	145 	127
f 173 	169 	161
f 169 	164 	162
f 129 	138 	145
f 169 	171 	164
f 183 	170 	168
f 166 	167 	168
f 173 	176 	169
f 166 	177 	175
f 177 	168 	170
f 166 	168 	177
f 184 	171 	169
f 179 	178 	26
f 26 	223 	179
f 168 	167 	183
f 184 	176 	182
f 200 	167 	186
f 166 	186 	167
f 176 	184 	169
f 181 	187 	198
f 200 	183 	167
f 187 	181 	182
f 187 	176 	173
f 176 	187 	182
f 171 	184 	180
f 191 	190 	189
f 192 	189 	190
f 166 	189 	192
f 174 	166 	192
f 209 	193 	185
f 194 	195 	190
f 191 	194 	190
f 195 	194 	196
f 189 	196 	194
f 191 	189 	194
f 195 	194 	191
f 221 	184 	182
f 197 	3311 	195
f 194 	3311 	191
f 193 	188 	185
f 181 	221 	182
f 196 	189 	175
f 166 	175 	189
f 196 	190 	195
f 192 	190 	196
f 196 	175 	195
f 197 	195 	175
f 174 	192 	335
f 192 	196 	335
f 196 	195 	335
f 191 	3304 	195
f 335 	186 	174
f 185 	4659 	202
f 186 	201 	200
f 199 	180 	184
f 202 	205 	206
f 336 	200 	201
f 335 	201 	186
f 198 	32 	203
f 203 	181 	198
f 202 	209 	185
f 235 	210 	206
f 203 	204 	181
f 202 	206 	210
f 509 	507 	207
f 208 	509 	207
f 32 	207 	203
f 202 	210 	209
f 213 	172 	188
f 181 	204 	220
f 193 	213 	188
f 221 	181 	220
f 210 	213 	209
f 193 	209 	213
f 211 	214 	212
f 342 	1202 	214
f 218 	204 	203
f 218 	220 	204
f 207 	218 	203
f 214 	211 	217
f 221 	215 	199
f 215 	221 	216
f 178 	179 	219
f 217 	222 	214
f 199 	184 	221
f 218 	224 	220
f 219 	411 	408
f 224 	221 	220
f 682 	216 	224
f 216 	221 	224
f 165 	172 	417
f 432 	172 	213
f 4823 	154 	163
f 158 	4823 	163
f 226 	263 	230
f 231 	230 	263
f 232 	230 	233
f 235 	227 	234
f 206 	205 	235
f 205 	227 	235
f 4589 	226 	232
f 226 	230 	232
f 144 	57 	236
f 57 	131 	236
f 134 	132 	236
f 131 	134 	236
f 210 	235 	240
f 239 	238 	237
f 246 	163 	154
f 243 	238 	239
f 242 	213 	210
f 251 	34 	238
f 122 	125 	117
f 113 	150 	159
f 153 	4977 	249
f 149 	147 	157
f 155 	149 	157
f 153 	249 	151
f 137 	156 	147
f 247 	159 	150
f 247 	298 	159
f 248 	142 	137
f 125 	124 	117
f 125 	121 	124
f 34 	32 	238
f 245 	128 	125
f 128 	121 	122
f 250 	251 	238
f 250 	238 	243
f 125 	122 	121
f 253 	208 	32
f 32 	34 	253
f 163 	2081 	252
f 481 	251 	250
f 252 	1767 	480
f 226 	2286 	263
f 256 	258 	261
f 230 	266 	233
f 266 	239 	237
f 262 	45 	5062
f 266 	237 	233
f 261 	284 	256
f 45 	262 	283
f 231 	266 	230
f 262 	265 	283
f 276 	267 	268
f 271 	258 	256
f 260 	463 	467
f 271 	254 	258
f 266 	231 	268
f 268 	231 	263
f 272 	266 	268
f 268 	267 	272
f 271 	245 	254
f 271 	273 	245
f 269 	134 	285
f 134 	131 	285
f 278 	268 	264
f 276 	268 	278
f 277 	274 	281
f 270 	281 	274
f 284 	280 	256
f 285 	131 	148
f 286 	282 	276
f 283 	281 	285
f 148 	283 	285
f 284 	261 	260
f 276 	278 	286
f 281 	283 	277
f 264 	275 	278
f 274 	277 	283
f 275 	286 	278
f 1214 	284 	260
f 269 	281 	270
f 282 	267 	276
f 267 	282 	272
f 283 	265 	5015
f 282 	375 	272
f 285 	281 	269
f 163 	246 	2081
f 292 	287 	371
f 159 	297 	289
f 290 	288 	246
f 114 	113 	291
f 121 	292 	122
f 295 	114 	291
f 291 	771 	295
f 296 	259 	2220
f 114 	295 	116
f 293 	296 	2220
f 293 	36 	296
f 298 	297 	159
f 2413 	504 	294
f 292 	2383 	2413
f 287 	292 	299
f 222 	322 	302
f 225 	222 	302
f 115 	295 	304
f 291 	767 	771
f 771 	304 	295
f 304 	152 	115
f 87 	62 	306
f 304 	305 	152
f 123 	89 	307
f 304 	773 	305
f 306 	307 	87
f 304 	1302 	773
f 303 	306 	62
f 309 	228 	308
f 773 	779 	305
f 240 	234 	244
f 235 	234 	240
f 309 	308 	301
f 309 	301 	5071
f 210 	240 	242
f 229 	242 	314
f 311 	312 	313
f 313 	310 	311
f 240 	314 	242
f 315 	316 	317
f 315 	318 	316
f 244 	314 	240
f 316 	315 	313
f 316 	340 	315
f 225 	301 	308
f 319 	317 	316
f 319 	316 	318
f 317 	316 	313
f 317 	313 	312
f 225 	302 	301
f 4861 	321 	234
f 310 	340 	311
f 320 	321 	4861
f 320 	368 	321
f 317 	311 	316
f 340 	316 	311
f 315 	317 	319
f 315 	319 	318
f 5080 	323 	322
f 302 	322 	323
f 318 	357 	319
f 318 	315 	357
f 319 	357 	317
f 328 	315 	318
f 312 	318 	319
f 312 	319 	317
f 1355 	327 	326
f 325 	322 	222
f 325 	217 	5081
f 222 	217 	325
f 324 	333 	329
f 330 	5080 	322
f 2713 	327 	329
f 328 	318 	312
f 327 	2713 	326
f 325 	330 	322
f 310 	331 	340
f 325 	332 	330
f 301 	302 	323
f 323 	5071 	301
f 2713 	329 	333
f 331 	423 	419
f 331 	334 	423
f 310 	334 	331
f 310 	313 	334
f 345 	313 	315
f 339 	329 	327
f 345 	334 	313
f 234 	321 	244
f 348 	201 	335
f 342 	214 	222
f 225 	342 	222
f 225 	1205 	342
f 598 	340 	462
f 342 	1205 	1206
f 309 	344 	228
f 315 	328 	345
f 346 	345 	328
f 336 	347 	338
f 201 	347 	336
f 201 	348 	347
f 335 	3576 	348
f 347 	348 	1216
f 354 	349 	352
f 431 	352 	349
f 321 	368 	341
f 341 	229 	314
f 312 	311 	357
f 311 	317 	357
f 341 	368 	359
f 321 	341 	244
f 314 	244 	341
f 351 	312 	357
f 360 	351 	349
f 360 	328 	351
f 328 	312 	351
f 4977 	4925 	249
f 4861 	361 	320
f 249 	394 	362
f 363 	364 	423
f 146 	249 	81
f 364 	365 	363
f 363 	419 	364
f 362 	151 	249
f 366 	364 	373
f 363 	373 	364
f 368 	367 	370
f 364 	366 	423
f 354 	352 	366
f 320 	367 	368
f 361 	367 	320
f 366 	352 	365
f 369 	147 	151
f 366 	373 	354
f 366 	365 	364
f 2413 	299 	292
f 382 	455 	370
f 287 	372 	371
f 370 	229 	359
f 334 	465 	461
f 359 	368 	370
f 4906 	361 	4878
f 286 	375 	282
f 370 	367 	361
f 361 	382 	370
f 375 	286 	377
f 380 	382 	361
f 254 	374 	459
f 286 	860 	377
f 374 	254 	371
f 239 	266 	381
f 375 	383 	272
f 375 	377 	383
f 384 	379 	387
f 377 	864 	385
f 371 	372 	379
f 379 	372 	387
f 383 	381 	266
f 372 	391 	387
f 487 	385 	864
f 307 	413 	86
f 137 	147 	369
f 307 	86 	123
f 362 	369 	151
f 369 	362 	392
f 55 	142 	248
f 392 	394 	146
f 249 	146 	394
f 393 	3297 	395
f 392 	362 	394
f 137 	369 	396
f 396 	369 	392
f 392 	50 	396
f 444 	3842 	397
f 50 	248 	396
f 396 	248 	137
f 399 	398 	395
f 398 	393 	395
f 401 	402 	1585
f 439 	404 	4845
f 359 	229 	341
f 404 	435 	3302
f 404 	439 	435
f 401 	414 	407
f 409 	401 	407
f 406 	407 	414
f 408 	454 	453
f 409 	402 	401
f 3925 	402 	409
f 409 	609 	420
f 120 	410 	119
f 409 	420 	3925
f 219 	179 	411
f 127 	424 	411
f 411 	223 	102
f 406 	415 	620
f 127 	411 	102
f 179 	223 	411
f 406 	414 	415
f 416 	334 	373
f 172 	432 	417
f 412 	415 	414
f 165 	418 	31
f 419 	334 	416
f 418 	130 	31
f 165 	417 	418
f 130 	418 	143
f 424 	422 	411
f 423 	334 	419
f 425 	428 	54
f 419 	416 	423
f 54 	1646 	425
f 416 	373 	363
f 424 	427 	422
f 416 	363 	423
f 426 	425 	1646
f 419 	423 	366
f 363 	365 	416
f 416 	419 	363
f 366 	364 	419
f 365 	419 	416
f 365 	331 	419
f 706 	418 	417
f 349 	351 	430
f 430 	431 	349
f 354 	588 	349
f 352 	431 	365
f 425 	426 	639
f 639 	428 	425
f 229 	432 	242
f 413 	126 	86
f 213 	242 	432
f 1957 	2289 	413
f 1933 	1957 	413
f 370 	433 	432
f 126 	1843 	410
f 120 	123 	410
f 449 	432 	433
f 229 	370 	432
f 443 	436 	438
f 429 	437 	422
f 429 	661 	437
f 356 	358 	1418
f 358 	1419 	1418
f 404 	403 	4845
f 355 	440 	356
f 436 	443 	532
f 440 	447 	356
f 432 	441 	417
f 355 	469 	440
f 443 	534 	532
f 443 	1922 	534
f 432 	449 	441
f 354 	448 	588
f 447 	358 	356
f 384 	378 	379
f 389 	391 	390
f 440 	452 	447
f 372 	287 	390
f 372 	390 	391
f 451 	441 	449
f 357 	430 	351
f 588 	360 	349
f 431 	462 	365
f 454 	408 	411
f 540 	535 	390
f 456 	374 	371
f 456 	371 	379
f 4063 	455 	382
f 370 	650 	433
f 382 	380 	4063
f 379 	476 	456
f 455 	4063 	457
f 448 	354 	373
f 331 	365 	340
f 334 	461 	373
f 261 	460 	464
f 258 	460 	261
f 340 	365 	462
f 463 	260 	464
f 260 	261 	464
f 455 	457 	466
f 460 	463 	464
f 505 	466 	458
f 258 	459 	460
f 422 	454 	411
f 454 	422 	437
f 461 	465 	373
f 258 	254 	459
f 468 	467 	463
f 460 	468 	463
f 340 	470 	471
f 885 	405 	882
f 374 	456 	474
f 888 	886 	405
f 885 	888 	405
f 469 	472 	473
f 472 	511 	473
f 374 	474 	459
f 514 	473 	511
f 477 	482 	476
f 266 	272 	383
f 468 	474 	476
f 474 	460 	459
f 487 	488 	385
f 476 	474 	456
f 468 	478 	474
f 243 	479 	250
f 478 	468 	460
f 474 	478 	460
f 377 	479 	383
f 479 	243 	381
f 381 	243 	239
f 4879 	405 	400
f 468 	483 	467
f 480 	400 	405
f 476 	482 	486
f 468 	476 	486
f 383 	479 	381
f 468 	486 	483
f 400 	480 	1767
f 253 	34 	481
f 253 	481 	255
f 481 	257 	255
f 34 	251 	481
f 479 	488 	494
f 405 	4956 	4825
f 483 	486 	482
f 494 	250 	479
f 405 	4879 	4927
f 405 	4825 	531
f 385 	485 	377
f 479 	485 	385
f 489 	490 	527
f 479 	385 	488
f 485 	479 	377
f 487 	864 	897
f 488 	487 	494
f 533 	489 	527
f 494 	481 	250
f 1119 	1228 	496
f 481 	498 	257
f 498 	844 	257
f 495 	492 	552
f 487 	500 	499
f 498 	481 	499
f 294 	501 	541
f 487 	898 	500
f 500 	498 	499
f 503 	502 	501
f 294 	503 	501
f 494 	487 	499
f 504 	503 	294
f 494 	499 	481
f 489 	502 	503
f 466 	457 	458
f 507 	508 	207
f 440 	473 	452
f 508 	218 	207
f 507 	515 	508
f 440 	469 	473
f 509 	694 	507
f 472 	561 	511
f 253 	509 	208
f 458 	506 	505
f 509 	253 	255
f 510 	512 	525
f 515 	507 	694
f 509 	257 	844
f 513 	512 	653
f 514 	452 	473
f 257 	509 	255
f 514 	511 	517
f 508 	520 	218
f 508 	515 	520
f 215 	216 	1259
f 353 	447 	452
f 358 	353 	1404
f 353 	358 	447
f 514 	353 	452
f 520 	515 	753
f 523 	436 	524
f 400 	491 	484
f 386 	484 	388
f 782 	610 	496
f 1119 	496 	1123
f 434 	524 	526
f 549 	526 	524
f 496 	1122 	1219
f 524 	548 	549
f 496 	1219 	1123
f 436 	523 	438
f 4956 	400 	484
f 523 	524 	49
f 523 	49 	4954
f 523 	4954 	438
f 56 	54 	557
f 550 	495 	552
f 495 	550 	527
f 495 	527 	490
f 299 	541 	287
f 294 	541 	299
f 390 	287 	541
f 527 	528 	533
f 528 	391 	389
f 533 	541 	502
f 353 	1099 	538
f 533 	502 	489
f 541 	501 	502
f 390 	541 	540
f 532 	544 	542
f 1099 	353 	543
f 536 	535 	540
f 540 	528 	536
f 532 	534 	544
f 541 	533 	540
f 542 	546 	568
f 542 	530 	546
f 544 	534 	1930
f 540 	533 	528
f 450 	546 	530
f 542 	544 	530
f 521 	537 	547
f 492 	564 	562
f 528 	550 	559
f 527 	550 	528
f 549 	606 	553
f 559 	550 	552
f 472 	551 	554
f 549 	553 	526
f 434 	526 	553
f 472 	554 	555
f 715 	708 	556
f 51 	58 	557
f 58 	56 	557
f 450 	51 	557
f 558 	559 	560
f 557 	546 	450
f 561 	517 	511
f 524 	436 	548
f 561 	571 	517
f 563 	549 	548
f 563 	574 	549
f 472 	555 	565
f 436 	563 	548
f 566 	565 	555
f 585 	566 	555
f 532 	563 	436
f 472 	565 	561
f 565 	566 	561
f 567 	568 	546
f 492 	493 	564
f 528 	559 	378
f 552 	560 	559
f 560 	492 	562
f 528 	378 	384
f 384 	387 	528
f 567 	546 	557
f 528 	387 	391
f 569 	567 	557
f 571 	561 	566
f 389 	535 	536
f 389 	390 	535
f 536 	528 	389
f 568 	563 	542
f 552 	492 	560
f 532 	542 	563
f 577 	563 	568
f 558 	573 	559
f 563 	577 	574
f 559 	573 	378
f 571 	566 	572
f 571 	572 	575
f 577 	602 	576
f 576 	574 	577
f 573 	662 	379
f 590 	575 	572
f 573 	379 	378
f 578 	353 	514
f 577 	568 	567
f 517 	578 	514
f 471 	315 	340
f 517 	571 	578
f 575 	578 	571
f 564 	580 	579
f 921 	334 	345
f 471 	357 	315
f 564 	556 	581
f 471 	470 	584
f 564 	581 	580
f 357 	471 	584
f 346 	788 	345
f 560 	562 	586
f 564 	579 	586
f 921 	345 	788
f 587 	572 	566
f 562 	564 	586
f 586 	558 	560
f 566 	589 	587
f 685 	573 	586
f 573 	558 	586
f 582 	585 	555
f 585 	589 	566
f 582 	583 	585
f 556 	564 	493
f 592 	477 	476
f 587 	590 	572
f 742 	360 	588
f 591 	589 	585
f 592 	379 	662
f 476 	379 	592
f 482 	672 	483
f 1622 	593 	595
f 595 	593 	600
f 513 	596 	512
f 596 	525 	512
f 518 	522 	525
f 596 	518 	525
f 506 	458 	597
f 519 	597 	458
f 462 	910 	598
f 519 	518 	596
f 519 	596 	597
f 462 	431 	910
f 597 	516 	506
f 589 	599 	587
f 593 	587 	599
f 587 	593 	590
f 4367 	1243 	444
f 577 	603 	602
f 570 	603 	569
f 569 	603 	567
f 577 	567 	603
f 531 	4825 	4928
f 797 	388 	605
f 549 	574 	576
f 576 	606 	549
f 484 	605 	388
f 406 	620 	611
f 409 	407 	611
f 406 	611 	407
f 611 	614 	617
f 617 	609 	409
f 409 	611 	617
f 405 	531 	623
f 616 	609 	617
f 614 	616 	617
f 620 	619 	621
f 613 	475 	618
f 620 	415 	619
f 869 	871 	613
f 614 	620 	621
f 604 	640 	636
f 604 	622 	637
f 611 	620 	614
f 637 	640 	604
f 434 	619 	415
f 475 	405 	886
f 625 	1056 	626
f 624 	612 	615
f 613 	923 	918
f 619 	434 	625
f 593 	599 	600
f 1717 	578 	593
f 608 	874 	615
f 594 	591 	585
f 585 	583 	594
f 599 	627 	600
f 604 	1832 	622
f 892 	613 	618
f 627 	591 	594
f 886 	892 	618
f 491 	922 	605
f 599 	591 	627
f 599 	589 	591
f 600 	627 	594
f 594 	595 	600
f 590 	578 	575
f 590 	593 	578
f 605 	484 	491
f 625 	621 	619
f 625 	626 	621
f 931 	610 	782
f 610 	931 	496
f 497 	496 	633
f 496 	931 	633
f 621 	626 	614
f 615 	874 	630
f 614 	626 	631
f 475 	886 	618
f 614 	631 	632
f 616 	614 	632
f 622 	1832 	637
f 421 	639 	426
f 638 	343 	337
f 405 	642 	643
f 630 	624 	615
f 645 	642 	405
f 636 	635 	601
f 640 	630 	636
f 637 	630 	640
f 1832 	624 	637
f 637 	624 	630
f 578 	543 	353
f 38 	98 	647
f 513 	516 	597
f 40 	38 	647
f 513 	597 	596
f 649 	40 	647
f 455 	650 	370
f 578 	648 	543
f 1353 	545 	543
f 505 	650 	466
f 455 	466 	650
f 506 	652 	505
f 648 	1353 	543
f 652 	650 	505
f 109 	40 	651
f 651 	968 	109
f 973 	968 	651
f 651 	971 	973
f 655 	513 	653
f 506 	516 	652
f 652 	516 	656
f 654 	547 	537
f 655 	656 	513
f 516 	513 	656
f 537 	657 	654
f 449 	433 	658
f 433 	650 	658
f 660 	661 	429
f 557 	641 	569
f 421 	741 	639
f 437 	661 	454
f 661 	510 	454
f 661 	653 	512
f 641 	557 	54
f 661 	512 	510
f 641 	428 	639
f 662 	573 	686
f 641 	54 	428
f 662 	686 	690
f 656 	658 	652
f 658 	650 	652
f 658 	451 	449
f 576 	1080 	663
f 664 	658 	656
f 660 	665 	661
f 665 	653 	661
f 654 	659 	667
f 592 	666 	477
f 657 	659 	654
f 680 	659 	1377
f 655 	668 	664
f 592 	662 	666
f 1371 	659 	657
f 668 	655 	665
f 656 	655 	664
f 653 	665 	655
f 667 	670 	654
f 664 	451 	658
f 669 	477 	666
f 669 	672 	482
f 675 	676 	670
f 477 	669 	482
f 675 	699 	676
f 677 	141 	678
f 699 	675 	700
f 666 	662 	690
f 141 	143 	678
f 667 	675 	670
f 139 	677 	679
f 675 	667 	680
f 679 	720 	674
f 681 	682 	224
f 667 	659 	680
f 218 	520 	684
f 581 	683 	580
f 684 	224 	218
f 663 	606 	576
f 684 	681 	224
f 684 	687 	681
f 602 	603 	688
f 684 	520 	687
f 569 	641 	570
f 687 	689 	681
f 686 	685 	690
f 570 	691 	688
f 690 	685 	692
f 520 	753 	687
f 691 	570 	738
f 603 	570 	688
f 641 	738 	570
f 694 	509 	844
f 573 	685 	686
f 685 	586 	695
f 625 	434 	553
f 579 	683 	696
f 1053 	625 	553
f 579 	580 	683
f 694 	693 	751
f 696 	586 	579
f 700 	675 	671
f 696 	695 	586
f 138 	139 	674
f 680 	671 	675
f 673 	671 	680
f 692 	685 	695
f 697 	143 	418
f 654 	670 	707
f 145 	698 	427
f 707 	547 	654
f 1485 	695 	696
f 711 	712 	671
f 698 	145 	138
f 138 	674 	698
f 701 	702 	703
f 705 	701 	703
f 700 	671 	712
f 427 	714 	422
f 728 	717 	700
f 678 	697 	677
f 678 	143 	697
f 683 	705 	703
f 677 	719 	679
f 683 	581 	705
f 581 	556 	705
f 705 	556 	708
f 676 	707 	670
f 698 	704 	427
f 700 	717 	707
f 704 	698 	674
f 676 	699 	707
f 707 	699 	700
f 703 	702 	709
f 704 	674 	720
f 717 	718 	707
f 703 	709 	683
f 720 	714 	704
f 697 	418 	706
f 710 	697 	706
f 671 	1379 	711
f 706 	716 	710
f 708 	701 	705
f 700 	712 	728
f 704 	714 	427
f 715 	713 	708
f 711 	730 	712
f 422 	714 	429
f 556 	2971 	715
f 429 	714 	743
f 706 	745 	716
f 679 	719 	720
f 720 	721 	714
f 719 	721 	720
f 725 	716 	724
f 725 	710 	716
f 730 	728 	712
f 697 	729 	677
f 730 	711 	727
f 729 	719 	677
f 721 	719 	732
f 722 	723 	731
f 728 	733 	717
f 663 	553 	606
f 736 	721 	737
f 737 	721 	732
f 735 	722 	731
f 738 	739 	691
f 736 	714 	721
f 729 	697 	710
f 725 	729 	710
f 752 	373 	465
f 724 	732 	725
f 340 	598 	470
f 737 	732 	724
f 719 	729 	725
f 719 	725 	732
f 809 	716 	745
f 714 	736 	810
f 741 	641 	639
f 741 	738 	641
f 741 	740 	739
f 360 	742 	328
f 741 	739 	738
f 809 	724 	716
f 748 	763 	766
f 693 	750 	751
f 752 	448 	373
f 751 	753 	515
f 744 	783 	777
f 515 	694 	751
f 598 	939 	754
f 747 	757 	755
f 689 	687 	756
f 470 	598 	754
f 687 	759 	756
f 757 	758 	4851
f 750 	761 	751
f 289 	297 	769
f 761 	753 	751
f 1359 	1397 	762
f 763 	748 	758
f 687 	753 	759
f 762 	298 	247
f 757 	763 	758
f 289 	769 	767
f 750 	746 	764
f 768 	765 	766
f 746 	750 	693
f 766 	770 	768
f 767 	291 	289
f 764 	761 	750
f 764 	760 	772
f 764 	772 	761
f 772 	753 	761
f 748 	766 	765
f 765 	768 	781
f 745 	706 	774
f 1302 	304 	771
f 893 	643 	642
f 645 	893 	642
f 706 	417 	774
f 417 	441 	774
f 441 	786 	774
f 642 	645 	896
f 954 	775 	776
f 605 	778 	797
f 765 	749 	748
f 795 	809 	745
f 765 	780 	749
f 781 	780 	765
f 660 	429 	743
f 782 	797 	778
f 749 	780 	783
f 783 	785 	777
f 786 	745 	774
f 987 	785 	781
f 787 	665 	660
f 668 	665 	787
f 783 	780 	785
f 780 	781 	785
f 789 	787 	784
f 792 	790 	770
f 346 	328 	788
f 529 	343 	638
f 793 	789 	784
f 786 	795 	745
f 790 	807 	791
f 807 	790 	792
f 809 	795 	793
f 790 	768 	770
f 743 	784 	787
f 782 	1258 	1262
f 1262 	797 	782
f 792 	770 	766
f 645 	623 	893
f 441 	451 	786
f 766 	763 	792
f 799 	645 	800
f 743 	787 	660
f 801 	802 	803
f 645 	644 	804
f 451 	805 	786
f 802 	645 	803
f 834 	803 	645
f 451 	664 	805
f 786 	805 	795
f 803 	802 	840
f 789 	793 	795
f 795 	805 	789
f 645 	799 	896
f 798 	470 	796
f 791 	807 	808
f 668 	789 	805
f 794 	791 	808
f 470 	798 	584
f 664 	668 	805
f 645 	642 	799
f 808 	807 	806
f 743 	810 	784
f 806 	794 	808
f 1448 	531 	1048
f 792 	763 	807
f 807 	763 	806
f 714 	810 	743
f 802 	803 	531
f 803 	834 	531
f 798 	430 	357
f 811 	809 	793
f 757 	806 	763
f 887 	328 	742
f 645 	802 	800
f 801 	800 	802
f 812 	791 	794
f 800 	645 	804
f 813 	791 	812
f 840 	802 	801
f 794 	806 	812
f 811 	737 	724
f 747 	806 	757
f 645 	804 	1046
f 847 	1046 	804
f 811 	724 	809
f 1046 	1057 	645
f 806 	747 	812
f 812 	747 	813
f 645 	858 	804
f 811 	736 	737
f 645 	800 	858
f 810 	736 	811
f 793 	784 	810
f 791 	813 	790
f 811 	793 	810
f 531 	1046 	802
f 668 	787 	789
f 357 	584 	798
f 755 	4892 	747
f 747 	815 	813
f 818 	901 	817
f 772 	759 	753
f 821 	853 	824
f 823 	824 	822
f 820 	821 	824
f 824 	825 	820
f 826 	820 	825
f 819 	820 	826
f 747 	4892 	815
f 828 	854 	962
f 820 	962 	831
f 819 	832 	820
f 832 	962 	820
f 1401 	772 	760
f 824 	823 	834
f 803 	834 	823
f 803 	823 	801
f 817 	901 	837
f 1401 	759 	772
f 835 	649 	647
f 760 	746 	829
f 834 	803 	840
f 760 	764 	746
f 645 	799 	834
f 834 	962 	824
f 649 	839 	651
f 824 	869 	825
f 842 	843 	836
f 825 	869 	843
f 730 	734 	728
f 834 	869 	824
f 835 	839 	649
f 824 	531 	834
f 601 	839 	835
f 845 	829 	746
f 827 	823 	828
f 800 	801 	827
f 801 	823 	827
f 822 	828 	823
f 746 	500 	845
f 822 	853 	840
f 839 	1059 	1072
f 828 	827 	847
f 801 	823 	840
f 823 	822 	840
f 728 	734 	846
f 694 	844 	848
f 726 	846 	734
f 500 	1254 	845
f 1059 	839 	601
f 828 	858 	827
f 1059 	601 	635
f 848 	693 	694
f 848 	746 	693
f 817 	869 	820
f 818 	817 	820
f 1066 	1067 	43
f 1729 	846 	726
f 848 	844 	498
f 498 	500 	848
f 837 	869 	817
f 500 	746 	848
f 817 	892 	818
f 833 	818 	820
f 847 	904 	831
f 820 	831 	904
f 647 	851 	835
f 851 	647 	98
f 104 	851 	98
f 822 	824 	853
f 831 	962 	854
f 723 	722 	841
f 853 	854 	822
f 828 	822 	854
f 717 	733 	846
f 850 	855 	275
f 847 	854 	828
f 733 	728 	846
f 718 	717 	846
f 801 	802 	1046
f 801 	1046 	861
f 286 	275 	855
f 860 	286 	859
f 823 	861 	822
f 853 	822 	861
f 854 	858 	828
f 823 	801 	861
f 858 	1046 	847
f 861 	1046 	858
f 470 	754 	1006
f 858 	854 	861
f 853 	861 	854
f 831 	854 	847
f 865 	837 	817
f 865 	817 	818
f 818 	833 	865
f 899 	900 	865
f 833 	899 	865
f 860 	864 	377
f 914 	852 	865
f 837 	836 	849
f 852 	849 	867
f 868 	867 	849
f 849 	837 	852
f 865 	852 	837
f 871 	869 	840
f 836 	843 	869
f 849 	836 	869
f 860 	897 	864
f 821 	820 	869
f 849 	869 	837
f 870 	869 	871
f 857 	608 	856
f 869 	873 	871
f 867 	613 	873
f 852 	867 	873
f 859 	891 	866
f 859 	866 	860
f 869 	613 	849
f 869 	870 	873
f 859 	286 	855
f 852 	873 	869
f 852 	869 	849
f 834 	840 	869
f 853 	873 	840
f 871 	840 	870
f 870 	840 	873
f 853 	821 	873
f 873 	821 	869
f 877 	630 	874
f 826 	843 	819
f 842 	819 	843
f 847 	832 	819
f 847 	819 	842
f 405 	623 	645
f 643 	882 	405
f 872 	875 	4744
f 880 	884 	881
f 884 	880 	889
f 887 	788 	328
f 4517 	881 	855
f 881 	884 	855
f 644 	1256 	923
f 884 	859 	855
f 859 	884 	891
f 884 	889 	891
f 894 	882 	893
f 882 	643 	893
f 882 	643 	885
f 892 	885 	643
f 643 	642 	896
f 892 	643 	896
f 866 	891 	889
f 886 	888 	892
f 860 	866 	897
f 888 	885 	892
f 863 	862 	895
f 899 	900 	901
f 902 	837 	901
f 1585 	912 	862
f 903 	901 	900
f 903 	900 	904
f 905 	898 	487
f 902 	901 	892
f 901 	903 	892
f 903 	842 	901
f 905 	487 	897
f 907 	901 	902
f 902 	937 	907
f 906 	903 	901
f 907 	906 	901
f 906 	907 	896
f 963 	938 	907
f 892 	896 	907
f 909 	935 	908
f 470 	1006 	796
f 882 	961 	643
f 961 	962 	643
f 894 	940 	882
f 939 	598 	910
f 863 	895 	967
f 911 	1094 	816
f 899 	833 	892
f 899 	892 	900
f 911 	816 	2619
f 900 	892 	904
f 899 	820 	900
f 912 	895 	862
f 913 	892 	849
f 900 	904 	914
f 890 	974 	4680
f 914 	847 	913
f 852 	914 	913
f 448 	917 	588
f 892 	913 	868
f 867 	868 	913
f 917 	742 	588
f 613 	918 	1940
f 917 	887 	742
f 448 	752 	917
f 876 	919 	916
f 913 	613 	867
f 613 	871 	873
f 892 	868 	613
f 868 	849 	613
f 613 	847 	923
f 928 	925 	814
f 923 	1256 	1257
f 928 	924 	925
f 923 	1257 	2207
f 917 	927 	887
f 777 	776 	932
f 782 	778 	931
f 776 	775 	932
f 841 	933 	934
f 923 	2207 	918
f 934 	929 	930
f 897 	866 	908
f 2003 	633 	931
f 908 	866 	909
f 605 	922 	778
f 866 	889 	909
f 934 	930 	841
f 922 	931 	778
f 1857 	2003 	931
f 922 	1857 	931
f 837 	902 	836
f 899 	901 	833
f 833 	901 	818
f 937 	836 	902
f 936 	836 	937
f 847 	903 	904
f 842 	836 	936
f 936 	937 	842
f 938 	937 	892
f 902 	892 	937
f 847 	892 	903
f 897 	908 	905
f 903 	847 	842
f 937 	902 	842
f 902 	901 	842
f 825 	940 	826
f 932 	744 	777
f 941 	928 	932
f 924 	950 	951
f 944 	945 	943
f 953 	946 	925
f 946 	814 	925
f 947 	752 	465
f 946 	915 	814
f 924 	953 	925
f 731 	942 	1035
f 949 	943 	942
f 932 	775 	941
f 948 	942 	731
f 948 	949 	942
f 947 	917 	752
f 941 	1107 	928
f 950 	952 	951
f 920 	915 	957
f 988 	775 	954
f 775 	988 	1107
f 777 	954 	776
f 883 	877 	857
f 957 	915 	946
f 878 	877 	883
f 856 	879 	857
f 777 	785 	954
f 951 	953 	924
f 857 	877 	874
f 956 	768 	790
f 857 	879 	883
f 956 	781 	768
f 813 	956 	790
f 851 	636 	601
f 943 	949 	944
f 604 	851 	104
f 857 	874 	608
f 604 	636 	851
f 731 	723 	948
f 851 	601 	835
f 908 	935 	958
f 942 	943 	1034
f 1016 	943 	945
f 958 	905 	908
f 106 	109 	1149
f 832 	961 	962
f 1255 	898 	905
f 843 	826 	940
f 942 	1034 	1035
f 847 	906 	832
f 961 	832 	906
f 964 	841 	930
f 863 	967 	4686
f 965 	969 	989
f 1009 	971 	651
f 890 	967 	970
f 970 	967 	966
f 2980 	967 	895
f 2980 	966 	967
f 2981 	966 	2980
f 2981 	2979 	966
f 912 	1082 	2980
f 974 	875 	4680
f 926 	974 	970
f 104 	119 	604
f 975 	974 	926
f 890 	970 	974
f 981 	875 	974
f 982 	608 	615
f 919 	981 	983
f 981 	919 	876
f 974 	975 	981
f 981 	975 	983
f 986 	1019 	977
f 986 	978 	1019
f 985 	879 	856
f 960 	955 	987
f 984 	986 	977
f 985 	986 	879
f 960 	959 	955
f 960 	987 	781
f 955 	1012 	988
f 985 	982 	980
f 955 	988 	987
f 980 	978 	985
f 978 	986 	985
f 988 	954 	987
f 883 	879 	984
f 954 	785 	987
f 984 	878 	883
f 956 	959 	960
f 956 	1013 	959
f 982 	985 	856
f 960 	781 	956
f 986 	984 	879
f 119 	410 	1838
f 813 	815 	992
f 608 	982 	856
f 990 	976 	972
f 607 	604 	119
f 946 	953 	957
f 953 	951 	957
f 957 	951 	952
f 990 	999 	976
f 990 	998 	1004
f 995 	973 	971
f 995 	300 	973
f 989 	997 	994
f 1847 	300 	995
f 1068 	999 	997
f 1847 	126 	300
f 1068 	976 	999
f 1180 	431 	430
f 990 	1004 	999
f 994 	997 	996
f 996 	997 	999
f 1005 	1004 	998
f 1005 	996 	999
f 878 	1092 	877
f 965 	935 	969
f 1006 	1146 	798
f 798 	796 	1006
f 1007 	965 	989
f 989 	994 	1007
f 878 	984 	1008
f 1108 	1007 	996
f 1007 	958 	935
f 958 	1007 	905
f 996 	1007 	994
f 935 	965 	1007
f 939 	1133 	754
f 999 	1004 	1005
f 754 	1133 	1006
f 109 	1150 	1149
f 972 	1095 	1115
f 1009 	651 	839
f 969 	935 	1025
f 930 	1011 	964
f 815 	993 	992
f 815 	4892 	993
f 1010 	949 	948
f 813 	992 	991
f 956 	813 	991
f 1011 	949 	1010
f 1150 	109 	968
f 1009 	1140 	971
f 830 	993 	4892
f 1021 	993 	830
f 1011 	1010 	964
f 723 	1010 	948
f 1015 	955 	959
f 1015 	1012 	955
f 964 	1010 	723
f 1013 	1015 	959
f 964 	723 	841
f 1003 	1014 	1000
f 1013 	1039 	1015
f 1014 	1003 	920
f 1014 	1042 	1000
f 991 	1017 	956
f 1037 	1021 	1022
f 978 	1020 	1861
f 465 	334 	1156
f 1021 	992 	993
f 921 	1156 	334
f 980 	612 	1020
f 1023 	1022 	1021
f 1177 	431 	1180
f 615 	612 	980
f 980 	982 	615
f 1020 	978 	980
f 1003 	911 	2619
f 1003 	1000 	1033
f 935 	1026 	1025
f 1025 	1028 	1030
f 1024 	1027 	1019
f 1030 	969 	1025
f 1024 	1186 	1027
f 1040 	1042 	1014
f 1042 	1029 	1000
f 1008 	984 	977
f 1019 	1008 	977
f 1002 	957 	952
f 969 	1030 	1028
f 1029 	1001 	1000
f 1008 	1019 	1027
f 989 	1031 	997
f 1038 	1001 	1044
f 973 	300 	1169
f 1031 	989 	969
f 938 	963 	937
f 963 	907 	937
f 847 	903 	906
f 1021 	991 	992
f 825 	824 	962
f 825 	962 	961
f 825 	961 	940
f 1016 	1032 	1018
f 843 	940 	825
f 906 	896 	961
f 1003 	1033 	1106
f 892 	907 	938
f 1021 	830 	1023
f 825 	940 	531
f 893 	531 	940
f 824 	825 	531
f 894 	893 	940
f 623 	531 	893
f 1033 	1000 	1001
f 643 	962 	642
f 830 	838 	1023
f 961 	882 	940
f 1033 	1001 	1002
f 943 	1016 	1034
f 1018 	1034 	1016
f 923 	847 	644
f 838 	1300 	1023
f 1002 	952 	1033
f 799 	827 	962
f 800 	827 	799
f 828 	962 	827
f 1023 	1037 	1022
f 804 	644 	847
f 1036 	1037 	1023
f 1034 	1018 	1043
f 962 	834 	799
f 799 	962 	896
f 961 	896 	962
f 799 	642 	962
f 1002 	1001 	1038
f 1002 	1038 	957
f 827 	800 	804
f 827 	804 	847
f 731 	1035 	735
f 847 	804 	858
f 800 	827 	858
f 956 	1017 	1039
f 849 	892 	837
f 817 	837 	892
f 833 	818 	892
f 1029 	1044 	1001
f 904 	892 	847
f 833 	820 	899
f 904 	900 	820
f 852 	913 	849
f 914 	865 	900
f 1039 	1013 	956
f 1014 	920 	1040
f 914 	904 	847
f 1015 	1039 	1451
f 1029 	1040 	1038
f 613 	913 	847
f 1040 	1029 	1042
f 1045 	1041 	1035
f 1029 	1038 	1044
f 991 	1455 	1017
f 950 	1033 	952
f 1041 	1045 	1047
f 1368 	1048 	529
f 1049 	1045 	1035
f 1052 	1050 	631
f 1050 	632 	631
f 1049 	1032 	1045
f 1045 	1054 	1047
f 634 	1050 	838
f 1035 	1034 	1049
f 634 	838 	830
f 616 	632 	1050
f 609 	616 	1050
f 1034 	1043 	1049
f 1043 	1018 	1049
f 1199 	1054 	1076
f 1053 	553 	663
f 1018 	1032 	1049
f 1053 	1056 	625
f 1055 	644 	645
f 1054 	1045 	1032
f 1051 	626 	1056
f 1054 	1083 	1084
f 1032 	1083 	1054
f 1051 	1052 	631
f 4966 	1204 	1016
f 645 	1057 	1055
f 1169 	968 	973
f 644 	1055 	1265
f 995 	971 	1140
f 626 	1051 	631
f 1058 	1056 	1053
f 1051 	1056 	1058
f 1055 	1547 	1265
f 636 	630 	1060
f 635 	636 	1060
f 838 	1299 	1300
f 1299 	838 	1050
f 1050 	1052 	1308
f 1051 	1303 	1062
f 1060 	877 	1061
f 927 	1098 	887
f 1308 	1052 	1062
f 1062 	1314 	1308
f 887 	1098 	788
f 1063 	1303 	1051
f 1065 	1057 	1046
f 1058 	1063 	1051
f 1146 	1006 	1152
f 1031 	969 	1028
f 1059 	635 	1061
f 635 	1060 	1061
f 972 	1031 	1028
f 43 	1067 	4365
f 976 	1031 	972
f 976 	1068 	1031
f 1091 	997 	1031
f 1067 	446 	4365
f 1068 	1091 	1031
f 1065 	2221 	2019
f 1459 	1067 	1066
f 1059 	1071 	1072
f 1070 	1074 	1116
f 4966 	1016 	945
f 1070 	1225 	1074
f 1674 	1026 	1030
f 945 	944 	929
f 979 	983 	975
f 1011 	930 	949
f 929 	949 	930
f 1075 	916 	919
f 929 	944 	949
f 1195 	1194 	947
f 1204 	1032 	1016
f 1032 	1204 	1083
f 1343 	788 	1064
f 1052 	1051 	1062
f 1078 	919 	983
f 1075 	919 	1078
f 1135 	1058 	1053
f 3271 	1078 	983
f 1053 	663 	1077
f 950 	1207 	1033
f 1040 	957 	1038
f 1082 	912 	3454
f 920 	957 	1040
f 1086 	1080 	576
f 1106 	911 	1003
f 1134 	1085 	1086
f 1086 	576 	602
f 1113 	1059 	1061
f 4955 	1088 	4952
f 1068 	997 	1091
f 1092 	1061 	877
f 1060 	630 	877
f 1008 	1027 	1092
f 1105 	1093 	1087
f 878 	1008 	1092
f 1081 	771 	767
f 1028 	1097 	972
f 1096 	1211 	1089
f 1025 	1097 	1028
f 1096 	1089 	2847
f 1097 	1100 	1102
f 1095 	972 	1097
f 539 	538 	1099
f 1087 	539 	1099
f 1301 	1307 	1090
f 1095 	1097 	1102
f 1104 	1096 	1094
f 1088 	1093 	1105
f 1105 	1103 	1088
f 1026 	1683 	1097
f 1106 	1104 	1094
f 1106 	1094 	911
f 1087 	1099 	1105
f 1026 	1097 	1025
f 1106 	1096 	1104
f 990 	972 	1109
f 775 	1107 	941
f 1108 	996 	1110
f 1112 	950 	924
f 1110 	1005 	998
f 1110 	996 	1005
f 905 	1007 	1108
f 998 	990 	1111
f 1109 	1111 	990
f 1061 	1092 	1113
f 1114 	1207 	950
f 950 	1112 	1114
f 1027 	1138 	1092
f 1112 	1203 	1114
f 972 	1115 	1109
f 1083 	1204 	1084
f 1122 	2070 	1120
f 1109 	1222 	1121
f 1111 	1109 	1121
f 1124 	1130 	1125
f 1084 	1125 	1130
f 1130 	1196 	1084
f 1111 	1121 	1110
f 1123 	1118 	1117
f 1111 	1110 	998
f 1123 	1129 	1118
f 688 	1132 	602
f 688 	691 	1132
f 1134 	1132 	691
f 1132 	1134 	1086
f 1086 	602 	1132
f 1140 	1009 	1072
f 839 	1072 	1009
f 1059 	1113 	1071
f 1071 	1144 	1072
f 1071 	1113 	1144
f 1152 	1006 	1133
f 1136 	1135 	1077
f 1136 	1137 	1135
f 1136 	1077 	663
f 1098 	1153 	1064
f 1053 	1077 	1135
f 1064 	788 	1098
f 1080 	1136 	663
f 1085 	1142 	1139
f 1085 	1139 	1137
f 1137 	1136 	1085
f 1086 	1085 	1136
f 1080 	1086 	1136
f 1092 	1138 	1141
f 927 	917 	1101
f 691 	1142 	1134
f 939 	910 	1177
f 1113 	1092 	1141
f 1085 	1134 	1142
f 1140 	1072 	1144
f 917 	947 	1193
f 1141 	1144 	1113
f 1169 	1150 	968
f 740 	1145 	1147
f 1145 	1143 	1151
f 1151 	1147 	1145
f 1148 	430 	798
f 1145 	1327 	1143
f 1147 	1151 	1142
f 1148 	798 	1146
f 1289 	1142 	1151
f 1150 	1169 	1168
f 1150 	1168 	1073
f 1152 	1174 	1146
f 691 	1147 	1142
f 739 	740 	1147
f 691 	739 	1147
f 1477 	1149 	1229
f 1209 	1229 	1149
f 1142 	1154 	1139
f 1158 	1159 	1160
f 1160 	1161 	1158
f 921 	1157 	1156
f 1156 	1889 	1195
f 947 	1156 	1195
f 1137 	1160 	1159
f 947 	465 	1156
f 543 	545 	1099
f 1163 	1155 	1161
f 1161 	1160 	1163
f 545 	1172 	1099
f 1146 	1165 	1148
f 1160 	1137 	1139
f 1168 	1166 	1073
f 1162 	1167 	1103
f 1154 	1155 	1163
f 1162 	1103 	1105
f 1174 	1165 	1146
f 1163 	1139 	1154
f 1159 	1135 	1137
f 1159 	1158 	1063
f 1063 	1058 	1159
f 1058 	1135 	1159
f 1163 	1160 	1139
f 1167 	1164 	1103
f 1191 	1148 	1165
f 1128 	1131 	1171
f 1133 	1191 	1165
f 1167 	1354 	1363
f 1168 	1170 	1166
f 1099 	1162 	1105
f 1110 	1171 	1108
f 921 	1341 	1157
f 1169 	1170 	1168
f 1173 	1171 	1110
f 1172 	1162 	1099
f 1133 	1174 	1152
f 905 	1108 	1171
f 1354 	1167 	1162
f 1174 	1133 	1165
f 1166 	1170 	1175
f 1127 	1128 	1171
f 1175 	1170 	300
f 537 	1176 	1391
f 1101 	1189 	1081
f 1098 	927 	1101
f 4959 	1202 	1176
f 1180 	430 	1148
f 1173 	1127 	1171
f 1169 	300 	1170
f 1180 	1148 	1177
f 1185 	995 	1140
f 1179 	1127 	1178
f 1101 	917 	1189
f 1127 	1173 	1178
f 1177 	910 	431
f 1181 	1178 	1173
f 1188 	1587 	1184
f 1181 	1173 	1110
f 1188 	1183 	1187
f 1191 	1177 	1148
f 1191 	1133 	939
f 1187 	1183 	1182
f 1186 	1185 	1190
f 1181 	1121 	1224
f 1164 	1182 	1192
f 939 	1177 	1191
f 1193 	1189 	917
f 1190 	1141 	1138
f 947 	1194 	1193
f 1164 	1187 	1182
f 1027 	1190 	1138
f 1181 	1110 	1121
f 1190 	1027 	1186
f 1201 	1130 	1124
f 1088 	1103 	1192
f 1190 	1185 	1141
f 1141 	1185 	1144
f 1198 	1193 	1194
f 1192 	1103 	1164
f 1185 	1140 	1144
f 1076 	1054 	1196
f 1194 	1195 	1889
f 1054 	1084 	1196
f 1197 	5050 	1183
f 1130 	1201 	1196
f 1183 	1188 	1197
f 1197 	1188 	1184
f 1189 	1193 	1198
f 5050 	1182 	1183
f 1189 	1198 	1081
f 1585 	862 	1200
f 924 	928 	1112
f 1585 	1200 	1184
f 1200 	1197 	1184
f 1175 	300 	126
f 1107 	1112 	928
f 1076 	1196 	1201
f 1390 	1369 	1199
f 342 	1206 	1202
f 1107 	1271 	1203
f 1205 	225 	308
f 1970 	1175 	413
f 1107 	1203 	1112
f 1204 	4966 	279
f 1114 	1273 	1207
f 280 	284 	1204
f 1209 	1210 	1208
f 1305 	1202 	1206
f 1033 	1207 	1106
f 284 	1212 	1204
f 1073 	628 	1210
f 1073 	629 	628
f 344 	1205 	228
f 1204 	1212 	1084
f 1205 	308 	228
f 1208 	1210 	628
f 1205 	1282 	1279
f 344 	1213 	1205
f 1213 	1282 	1205
f 1096 	1106 	1211
f 1212 	284 	1214
f 338 	1213 	344
f 1214 	260 	1218
f 1207 	1211 	1106
f 1213 	347 	1216
f 1214 	1125 	1212
f 1213 	338 	347
f 1212 	1125 	1084
f 1129 	1123 	1219
f 1216 	1215 	1213
f 1120 	1129 	1219
f 1150 	1073 	1210
f 1218 	1201 	1124
f 1120 	1219 	1122
f 1181 	1179 	1221
f 1210 	1149 	1150
f 1221 	1179 	1178
f 1216 	1220 	1215
f 1181 	1221 	1178
f 1117 	1119 	1123
f 1210 	1209 	1149
f 1477 	4158 	106
f 1074 	1126 	1116
f 1232 	1230 	1209
f 1223 	1220 	1216
f 1209 	1235 	1232
f 1121 	1222 	1224
f 1117 	1228 	1119
f 106 	1149 	1477
f 1070 	1262 	1225
f 1225 	1262 	1226
f 1229 	1209 	1230
f 1227 	1477 	1235
f 1234 	1258 	1228
f 1235 	1477 	1232
f 1228 	1117 	1234
f 1481 	1227 	1235
f 1262 	1234 	1226
f 1231 	1844 	1233
f 1181 	1231 	1841
f 4943 	388 	1262
f 1073 	1237 	1236
f 1166 	1237 	1073
f 1231 	1224 	1239
f 1074 	1238 	1126
f 1073 	1236 	629
f 1224 	1222 	1239
f 1109 	1246 	1222
f 1238 	1240 	1126
f 1175 	1237 	1166
f 1231 	2141 	1844
f 1231 	1239 	2141
f 1234 	1242 	1241
f 1224 	1231 	1181
f 1095 	1244 	1115
f 1243 	445 	2363
f 1244 	1102 	1100
f 446 	1067 	1459
f 1095 	1102 	1244
f 1115 	1244 	1245
f 1245 	1109 	1115
f 1242 	1117 	1118
f 1245 	1246 	1109
f 1239 	1222 	1246
f 1241 	1242 	1238
f 1243 	4367 	445
f 1245 	1247 	1246
f 1245 	1244 	1247
f 1238 	1249 	1240
f 628 	1250 	1248
f 1242 	1249 	1238
f 1131 	1251 	1171
f 1238 	1225 	1241
f 1225 	1238 	1074
f 1254 	500 	898
f 1226 	1241 	1225
f 1255 	1171 	1251
f 1255 	905 	1171
f 1226 	1234 	1241
f 1242 	1234 	1117
f 1251 	3793 	1255
f 1255 	845 	1254
f 1254 	898 	1255
f 644 	1265 	1256
f 1265 	1547 	1256
f 3794 	1255 	3793
f 1255 	3794 	845
f 496 	1228 	1258
f 1258 	782 	496
f 1259 	1260 	3334
f 1262 	1258 	1234
f 216 	682 	1259
f 1263 	682 	681
f 1070 	4943 	1262
f 681 	689 	1263
f 1263 	1259 	682
f 1262 	388 	797
f 756 	1263 	689
f 1267 	1256 	1547
f 1259 	1263 	1398
f 1107 	988 	1271
f 1012 	1269 	1271
f 1252 	1266 	1272
f 1276 	1270 	1275
f 1269 	1277 	1271
f 988 	1012 	1271
f 1534 	1264 	1272
f 1534 	1272 	1268
f 1522 	1270 	1427
f 1268 	1272 	1266
f 1207 	1273 	1286
f 1114 	1203 	1273
f 1277 	1771 	1203
f 1203 	1271 	1277
f 1266 	1986 	2037
f 1399 	1270 	1276
f 348 	1223 	1216
f 1284 	1220 	1223
f 1264 	1252 	1272
f 628 	629 	1261
f 1279 	1206 	1205
f 1261 	1250 	628
f 1220 	1282 	1215
f 1252 	1264 	1253
f 1215 	1282 	1213
f 1273 	1203 	1771
f 1280 	1285 	1278
f 1333 	1143 	1281
f 1280 	1289 	1285
f 1142 	1289 	1280
f 1283 	1292 	1779
f 1211 	1292 	1283
f 1280 	1293 	1154
f 1211 	1207 	1292
f 1293 	1280 	1278
f 1207 	1286 	1292
f 1155 	1154 	1293
f 1154 	1142 	1280
f 1282 	1306 	1279
f 1151 	1143 	1289
f 1289 	1143 	1285
f 1220 	1306 	1282
f 1285 	1143 	1333
f 1081 	767 	769
f 1297 	1317 	1298
f 1023 	1300 	1036
f 1101 	1081 	769
f 1593 	1301 	1090
f 1305 	1279 	1304
f 1101 	769 	1098
f 1206 	1279 	1305
f 769 	1153 	1098
f 1301 	1312 	1307
f 771 	1198 	1302
f 1299 	1050 	1308
f 1314 	1303 	1310
f 1314 	1062 	1303
f 3555 	1307 	1313
f 3555 	3558 	1307
f 1309 	1311 	779
f 1302 	1309 	773
f 1919 	1309 	1302
f 1302 	1915 	1919
f 1312 	1313 	1307
f 1312 	1611 	1313
f 1309 	779 	773
f 1308 	1314 	1299
f 1315 	1303 	1063
f 1313 	1614 	1322
f 1303 	1315 	1321
f 1321 	1310 	1303
f 1294 	1288 	1423
f 1318 	1290 	1248
f 1322 	1324 	1326
f 1325 	1300 	1320
f 1326 	1297 	3561
f 1319 	1320 	1299
f 1316 	1317 	1326
f 1319 	1314 	1310
f 1317 	1297 	1326
f 1324 	1316 	1326
f 1295 	1252 	1253
f 1314 	1319 	1299
f 1310 	1323 	1319
f 1326 	3561 	3555
f 1295 	1294 	1252
f 1321 	1586 	1323
f 1325 	1036 	1300
f 1320 	1300 	1299
f 3581 	1328 	1327
f 1250 	1318 	1248
f 1327 	1331 	1332
f 1328 	1331 	1327
f 1323 	1310 	1321
f 1327 	1332 	1512
f 1281 	1329 	1333
f 3582 	1331 	1328
f 1330 	1333 	1329
f 1334 	1333 	1330
f 1431 	1294 	1295
f 1278 	1348 	1335
f 1331 	1476 	1502
f 1336 	1266 	1252
f 1335 	1293 	1278
f 1252 	1294 	1336
f 1335 	1155 	1293
f 1158 	1338 	1315
f 1449 	1315 	1338
f 1315 	1063 	1158
f 1304 	1279 	1306
f 1342 	1341 	1343
f 1338 	1161 	1340
f 1335 	1349 	1340
f 1343 	1344 	1342
f 1340 	1155 	1335
f 1306 	1284 	1304
f 1161 	1155 	1340
f 1916 	1341 	1342
f 1158 	1161 	1338
f 1341 	921 	1343
f 1284 	1347 	1304
f 1333 	1334 	1348
f 1278 	1333 	1348
f 1333 	1278 	1285
f 1284 	1306 	1220
f 1284 	1346 	1347
f 1597 	1330 	1329
f 921 	788 	1343
f 1346 	4073 	1347
f 1342 	1344 	298
f 1348 	1334 	1345
f 1153 	769 	1344
f 4073 	4074 	1347
f 1350 	1449 	1340
f 1340 	1349 	1350
f 1064 	1153 	1343
f 1350 	1349 	1345
f 1349 	1335 	1348
f 297 	1344 	769
f 1305 	1639 	1202
f 1348 	1345 	1349
f 1304 	1351 	1305
f 771 	1081 	1198
f 1547 	1352 	1267
f 1344 	297 	298
f 2210 	1267 	1352
f 1344 	1343 	1153
f 1267 	1257 	1256
f 1124 	1125 	1214
f 1124 	1214 	1218
f 1354 	1172 	1353
f 337 	1358 	1356
f 1357 	1383 	1199
f 1076 	1357 	1199
f 1359 	247 	150
f 545 	1353 	1172
f 1356 	1358 	2748
f 150 	30 	1359
f 1167 	1361 	1164
f 30 	61 	1359
f 60 	1362 	59
f 1358 	337 	339
f 67 	59 	1362
f 1356 	2748 	2780
f 1167 	1363 	1361
f 1364 	1362 	152
f 1355 	339 	327
f 152 	305 	1364
f 1201 	1360 	1357
f 1358 	339 	1355
f 1217 	1360 	1218
f 1357 	1076 	1201
f 60 	152 	1362
f 60 	115 	152
f 305 	779 	1365
f 1201 	1218 	1360
f 1365 	1364 	305
f 1365 	1362 	1364
f 1365 	1366 	1362
f 337 	1356 	1434
f 1164 	1361 	1187
f 638 	337 	1434
f 1367 	1632 	1361
f 1632 	1367 	4904
f 1363 	1367 	1361
f 247 	1359 	762
f 1383 	1390 	1199
f 1359 	61 	79
f 1048 	1368 	1441
f 1354 	1162 	1172
f 1359 	79 	1397
f 1366 	67 	1362
f 4913 	1354 	1353
f 1371 	1372 	1374
f 1369 	1370 	3864
f 1370 	1390 	1373
f 1374 	659 	1371
f 659 	1374 	1377
f 1372 	1378 	1379
f 1373 	1390 	1387
f 1374 	1372 	1379
f 1357 	1360 	1383
f 1217 	1684 	1360
f 1383 	1360 	1684
f 1381 	79 	95
f 529 	638 	1368
f 1381 	95 	1386
f 1374 	1379 	671
f 100 	82 	1626
f 638 	1434 	1368
f 1379 	727 	711
f 1380 	82 	67
f 673 	1374 	671
f 82 	1380 	1626
f 1374 	673 	1377
f 673 	680 	1377
f 1677 	1382 	1381
f 1389 	1387 	1385
f 1390 	1370 	1369
f 1626 	1631 	100
f 1667 	105 	1669
f 1667 	1386 	105
f 1065 	1538 	1506
f 1392 	1375 	1055
f 1403 	1376 	1392
f 105 	103 	1669
f 1392 	1376 	1375
f 1057 	1392 	1055
f 1675 	1516 	1382
f 1382 	1394 	79
f 1391 	1176 	1202
f 1396 	1391 	1202
f 1396 	1409 	1413
f 1391 	1396 	1413
f 1274 	1276 	1275
f 1516 	1394 	1382
f 1677 	1675 	1382
f 1506 	2482 	1065
f 1398 	1263 	756
f 1392 	1057 	1065
f 1260 	1259 	1276
f 1274 	1260 	1276
f 1259 	1398 	1276
f 1392 	1065 	2227
f 1046 	531 	1448
f 1398 	1399 	1276
f 1046 	1448 	1065
f 1365 	1400 	1366
f 1538 	1065 	1448
f 1397 	1932 	762
f 779 	1400 	1365
f 1391 	1371 	657
f 1391 	657 	537
f 1202 	1639 	1396
f 1311 	1400 	779
f 353 	538 	1397
f 353 	1397 	1404
f 1406 	1405 	1371
f 1409 	1410 	1408
f 350 	1400 	1311
f 1574 	1407 	1408
f 1393 	1410 	1409
f 1408 	1412 	1409
f 1412 	1413 	1409
f 1412 	1414 	1413
f 79 	1404 	1397
f 1405 	1372 	1371
f 1387 	1389 	1425
f 1425 	1373 	1387
f 1417 	1418 	1419
f 1418 	1493 	355
f 355 	356 	1418
f 1339 	1416 	1415
f 1388 	1389 	1385
f 1476 	1331 	1337
f 1419 	358 	1404
f 1417 	1419 	1404
f 1383 	1384 	1390
f 1387 	1390 	1384
f 1385 	1387 	1384
f 1250 	1261 	1982
f 1427 	1422 	1402
f 1318 	1250 	1982
f 1422 	1401 	1402
f 759 	1424 	756
f 1424 	1270 	1399
f 1294 	1423 	1336
f 756 	1424 	1399
f 1425 	1426 	1373
f 1437 	1444 	1403
f 760 	829 	1401
f 1428 	1426 	1425
f 1403 	1392 	2258
f 1423 	1288 	1287
f 1423 	1287 	1984
f 1424 	1427 	1270
f 1424 	1422 	1427
f 1428 	1425 	1995
f 1424 	1401 	1422
f 1424 	759 	1401
f 1429 	1430 	1750
f 1401 	1436 	1402
f 1431 	1430 	1429
f 756 	1399 	1398
f 1521 	1524 	1432
f 2747 	1434 	1356
f 260 	467 	1433
f 1427 	1402 	1522
f 1435 	1294 	1431
f 483 	672 	1433
f 1296 	1430 	1431
f 483 	1433 	467
f 1433 	1217 	1218
f 1433 	1218 	260
f 1401 	829 	1436
f 1431 	1295 	1296
f 1438 	1436 	1439
f 1473 	669 	666
f 1439 	1436 	829
f 2269 	2268 	1437
f 2269 	1437 	2258
f 1438 	1529 	1436
f 1403 	2258 	1437
f 1485 	696 	683
f 1294 	1435 	1288
f 1290 	1443 	1291
f 1291 	1443 	1429
f 1470 	690 	692
f 1443 	1435 	1431
f 1391 	1413 	1406
f 1435 	1287 	1288
f 1371 	1391 	1406
f 1429 	1443 	1431
f 1378 	1372 	1405
f 1318 	1443 	1290
f 1318 	1435 	1443
f 1445 	1406 	1413
f 1444 	1437 	1732
f 1445 	1405 	1406
f 1318 	1287 	1435
f 1414 	1445 	1413
f 1414 	1412 	1445
f 1412 	1408 	1445
f 1449 	1338 	1340
f 1519 	1448 	1048
f 1321 	1315 	1449
f 1407 	1405 	1408
f 1405 	1445 	1408
f 1446 	1450 	1447
f 1452 	1465 	1453
f 1450 	1446 	2047
f 3859 	3857 	1450
f 1410 	1393 	1575
f 2049 	1450 	2047
f 1452 	1017 	1455
f 2049 	2047 	1815
f 1456 	4923 	726
f 1454 	1037 	1036
f 1450 	3857 	3865
f 1039 	1017 	1452
f 1452 	1453 	1039
f 1457 	1458 	1456
f 1451 	1012 	1015
f 1462 	1012 	1451
f 1458 	4924 	4925
f 1021 	1037 	1455
f 1455 	991 	1021
f 1248 	1208 	628
f 1405 	1407 	1460
f 1712 	1459 	1066
f 1460 	1407 	1571
f 1455 	1037 	1454
f 4924 	1458 	1579
f 1456 	726 	1457
f 1451 	1463 	1462
f 1465 	1452 	1464
f 1405 	1460 	1378
f 1460 	1379 	1378
f 1648 	1461 	1209
f 1460 	727 	1379
f 1290 	1209 	1208
f 1460 	1457 	727
f 1208 	1248 	1290
f 1457 	734 	730
f 1039 	1453 	1463
f 726 	734 	1457
f 1457 	730 	727
f 1465 	1463 	1453
f 1480 	1433 	672
f 692 	1487 	1470
f 1467 	1656 	1468
f 1339 	1421 	1483
f 1339 	1483 	1471
f 1468 	1253 	1469
f 1469 	1467 	1468
f 1471 	1416 	1339
f 690 	1473 	666
f 1298 	1420 	3629
f 1416 	1479 	1476
f 1471 	1479 	1416
f 669 	1473 	1474
f 1476 	1337 	1416
f 1475 	1433 	1480
f 1473 	1478 	1474
f 1480 	1505 	1475
f 1209 	1461 	1481
f 1480 	1474 	1505
f 1474 	1714 	1505
f 1481 	1235 	1209
f 1461 	1472 	1481
f 1470 	1478 	1473
f 669 	1474 	1480
f 672 	669 	1480
f 1483 	1484 	1482
f 1481 	1472 	1227
f 1484 	1483 	1420
f 695 	1485 	1486
f 1317 	1484 	1298
f 1227 	1472 	1583
f 1485 	683 	1528
f 1298 	1484 	1420
f 1473 	690 	1470
f 1470 	1488 	1478
f 1400 	350 	521
f 1488 	1503 	1478
f 1441 	1513 	1519
f 1492 	1491 	1490
f 1434 	1495 	1368
f 695 	1486 	1487
f 1494 	1490 	1491
f 692 	695 	1487
f 1489 	1479 	1471
f 1471 	1483 	1482
f 2750 	1501 	1495
f 1482 	1489 	1471
f 1495 	1441 	1368
f 1495 	2747 	2750
f 1497 	1498 	1496
f 1495 	1434 	2747
f 1487 	1488 	1470
f 1499 	1493 	1418
f 1479 	1497 	1476
f 1491 	1493 	1499
f 469 	355 	1493
f 1492 	469 	1493
f 1487 	1514 	1488
f 1491 	1492 	1493
f 1497 	1496 	1502
f 1496 	1331 	1502
f 551 	1492 	1490
f 1497 	1502 	1476
f 472 	469 	1492
f 1492 	551 	472
f 1503 	1474 	1478
f 1495 	1500 	1441
f 1496 	1332 	1331
f 1512 	1332 	1496
f 1714 	1474 	1503
f 1404 	1411 	1507
f 1509 	1498 	1497
f 1475 	1504 	1433
f 1507 	1494 	1491
f 1499 	1507 	1491
f 1499 	1418 	1507
f 1504 	1475 	1505
f 1507 	1418 	1417
f 1498 	1509 	1654
f 1551 	1494 	1507
f 1583 	1477 	1227
f 1500 	1508 	1510
f 1281 	1143 	1511
f 1229 	1230 	1477
f 1511 	1143 	1327
f 1504 	1505 	1537
f 1230 	1232 	1477
f 1500 	1510 	1441
f 1327 	1512 	1511
f 1404 	1507 	1417
f 1411 	1551 	1507
f 1510 	1508 	1513
f 1513 	1441 	1510
f 1652 	1511 	1512
f 1488 	1514 	1503
f 1513 	1517 	1519
f 1518 	1509 	1497
f 1523 	1673 	67
f 1518 	1580 	1509
f 1514 	1723 	1541
f 1404 	1394 	1411
f 1504 	1537 	1520
f 1404 	79 	1394
f 1520 	1217 	1433
f 1522 	1521 	1432
f 1520 	1433 	1504
f 1698 	1217 	1520
f 1522 	1432 	1270
f 1366 	1523 	67
f 1524 	1521 	1530
f 702 	1526 	709
f 1522 	1532 	1521
f 1526 	702 	2250
f 1477 	4397 	4158
f 1436 	1522 	1402
f 709 	1526 	1528
f 1528 	683 	709
f 1526 	1533 	1528
f 1526 	1525 	1739
f 1526 	1739 	1533
f 1432 	1524 	1440
f 1442 	1524 	1530
f 1514 	1487 	1531
f 1486 	1531 	1487
f 1531 	1746 	1745
f 1521 	1532 	1530
f 1532 	1529 	1540
f 1522 	1529 	1532
f 1486 	1533 	1531
f 1486 	1485 	1533
f 1436 	1529 	1522
f 1535 	1536 	2120
f 1519 	1517 	1515
f 1485 	1528 	1533
f 1442 	1440 	1524
f 1448 	1519 	1515
f 1535 	2120 	1702
f 1439 	1546 	1438
f 1517 	1513 	1508
f 1546 	1529 	1438
f 1537 	1505 	1714
f 1539 	2791 	1540
f 1538 	1448 	1515
f 1463 	1464 	1553
f 1532 	1540 	1542
f 1442 	1530 	1555
f 1538 	1515 	1517
f 1465 	1464 	1463
f 1542 	1555 	1530
f 1538 	1517 	1508
f 1542 	1530 	1532
f 1538 	2482 	1506
f 1529 	1539 	1540
f 1469 	1264 	1536
f 1536 	1535 	1469
f 1544 	1454 	1543
f 1576 	1606 	1543
f 1264 	1534 	1536
f 1048 	1441 	1519
f 1454 	1544 	1455
f 1545 	1534 	1268
f 1452 	1455 	1464
f 1527 	1394 	1516
f 1455 	1544 	1464
f 1527 	1411 	1394
f 1529 	1546 	1539
f 1547 	1055 	1548
f 1523 	1366 	1400
f 1451 	1039 	1463
f 1546 	2791 	1539
f 1411 	1527 	1551
f 1548 	1375 	1549
f 1462 	1550 	1793
f 1527 	1590 	1551
f 1665 	1548 	1549
f 1463 	1550 	1462
f 1550 	1463 	1553
f 1553 	1554 	1752
f 1555 	1552 	1442
f 1556 	1490 	1551
f 1554 	1763 	1754
f 1556 	1558 	1490
f 1464 	1554 	1553
f 1556 	1559 	1558
f 2822 	1552 	1555
f 1550 	1561 	1793
f 1544 	1554 	1464
f 2826 	1542 	1540
f 1555 	1542 	2825
f 1544 	1543 	1554
f 1554 	1543 	1607
f 1396 	1466 	1409
f 1393 	1409 	1466
f 1550 	1553 	1748
f 1748 	1553 	1752
f 1575 	1393 	1466
f 1559 	1560 	1558
f 1591 	1560 	1559
f 1466 	1568 	1575
f 1319 	1564 	1565
f 1466 	54 	41
f 1551 	1490 	1494
f 1564 	1577 	1565
f 554 	551 	1490
f 1466 	41 	1568
f 1558 	554 	1490
f 1581 	1566 	1564
f 1566 	1577 	1564
f 324 	329 	1562
f 1570 	1457 	1460
f 1545 	2114 	1569
f 1563 	324 	1562
f 1545 	1569 	1534
f 1571 	1570 	1460
f 2114 	1545 	1266
f 880 	1572 	889
f 1570 	1458 	1457
f 880 	881 	1572
f 1319 	1565 	1320
f 1545 	1268 	1266
f 1543 	1454 	1565
f 1469 	1535 	1467
f 1572 	881 	1573
f 1454 	1036 	1565
f 1325 	1565 	1036
f 1575 	1574 	1410
f 1408 	1410 	1574
f 1543 	1565 	1576
f 1497 	1479 	1518
f 1565 	1577 	1576
f 1518 	1489 	1578
f 1479 	1489 	1518
f 1571 	1407 	1579
f 1579 	1570 	1571
f 1578 	1580 	1518
f 1407 	1574 	1579
f 1323 	1581 	1564
f 1574 	1567 	1579
f 1264 	1469 	1253
f 1575 	1568 	1567
f 1574 	1575 	1567
f 1581 	1323 	1586
f 1582 	1489 	1482
f 1570 	1579 	1458
f 1560 	582 	1558
f 582 	555 	1558
f 1582 	1580 	1578
f 1582 	1578 	1489
f 555 	554 	1558
f 1514 	1759 	1723
f 1319 	1323 	1564
f 1605 	1586 	1592
f 1582 	1588 	1589
f 1484 	1317 	1588
f 1589 	1580 	1582
f 1588 	1482 	1484
f 1588 	1582 	1482
f 1551 	1590 	1556
f 1325 	1320 	1565
f 1580 	1589 	1766
f 1590 	1559 	1556
f 1527 	1598 	1590
f 1317 	1316 	1588
f 1590 	1591 	1559
f 1589 	1588 	1316
f 1593 	1283 	1624
f 1449 	1592 	1321
f 1591 	1594 	1560
f 1586 	1321 	1592
f 1334 	1595 	1345
f 583 	582 	1560
f 1573 	1562 	3878
f 881 	1562 	1573
f 1594 	583 	1560
f 1595 	1597 	1596
f 889 	1572 	2772
f 1598 	1591 	1590
f 909 	1600 	935
f 1596 	1615 	1599
f 1591 	1604 	1594
f 1601 	935 	1600
f 1599 	1345 	1595
f 1598 	1604 	1591
f 1594 	594 	583
f 1350 	1599 	1615
f 909 	889 	2772
f 1350 	1345 	1599
f 1592 	1449 	1615
f 1330 	1597 	1595
f 1334 	1330 	1595
f 1599 	1595 	1596
f 1620 	1597 	1329
f 1449 	1350 	1615
f 1594 	1604 	1603
f 1566 	1606 	1577
f 1604 	1608 	1603
f 1566 	1581 	1610
f 1607 	1864 	1897
f 1611 	1312 	1612
f 1607 	1543 	1606
f 1312 	1301 	1612
f 1607 	1863 	1864
f 1594 	1603 	594
f 1609 	1316 	1324
f 1576 	1577 	1606
f 1593 	1624 	1625
f 1593 	1625 	1612
f 1604 	1598 	1608
f 1611 	1625 	1627
f 1609 	1766 	1316
f 1605 	1610 	1581
f 1313 	1611 	1614
f 1605 	1868 	1610
f 1605 	1581 	1586
f 1627 	1614 	1611
f 595 	594 	1603
f 1283 	1593 	1211
f 1605 	1621 	1868
f 1211 	1593 	1089
f 1603 	1613 	595
f 1089 	1593 	1090
f 1527 	1516 	1616
f 1615 	1617 	1618
f 1593 	1612 	1301
f 1598 	1527 	1616
f 1615 	1618 	1619
f 1620 	1617 	1615
f 1619 	1875 	1615
f 1603 	1608 	1616
f 1322 	1614 	1628
f 1598 	1616 	1608
f 1622 	1717 	593
f 1622 	1613 	1717
f 1635 	1322 	1628
f 1620 	1623 	1618
f 1635 	1324 	1322
f 1613 	1622 	595
f 1616 	1613 	1603
f 646 	1523 	1400
f 1620 	1618 	1617
f 1612 	1625 	1611
f 1618 	1623 	1619
f 1585 	1184 	1587
f 1614 	1627 	1628
f 1626 	1380 	1629
f 1585 	402 	1630
f 1587 	401 	1585
f 1548 	1557 	1547
f 1585 	1630 	912
f 1630 	3454 	912
f 1630 	402 	3454
f 1375 	1376 	1549
f 1629 	1631 	1626
f 1361 	1632 	1187
f 1026 	935 	1601
f 1376 	1403 	1549
f 1632 	1587 	1188
f 1548 	1055 	1375
f 1587 	1637 	401
f 1632 	1188 	1187
f 401 	1637 	414
f 1472 	1584 	1583
f 1637 	1632 	412
f 1324 	1635 	1609
f 412 	414 	1637
f 1587 	1632 	1637
f 1635 	1766 	1609
f 1625 	1805 	1627
f 1466 	1396 	1639
f 1283 	1806 	1624
f 1975 	1584 	2122
f 1643 	1641 	1644
f 1642 	1639 	1351
f 1640 	1645 	1644
f 1627 	1805 	1948
f 1644 	1641 	1640
f 1646 	1647 	426
f 1645 	1640 	1638
f 1645 	1634 	1643
f 1643 	1644 	1645
f 1642 	1646 	1466
f 1703 	1647 	1646
f 1290 	1291 	1648
f 1648 	1209 	1290
f 1652 	1496 	1498
f 1651 	1351 	1304
f 1703 	1642 	1351
f 1636 	1395 	1643
f 1351 	1651 	1705
f 1634 	1636 	1643
f 1649 	1652 	1498
f 1584 	1472 	1653
f 1352 	1547 	1557
f 1498 	1654 	1649
f 1722 	1636 	1634
f 1656 	1659 	1660
f 1638 	1658 	1645
f 1656 	1660 	1295
f 1645 	1658 	1634
f 1654 	1509 	1580
f 1655 	1659 	1656
f 1657 	1649 	1654
f 1352 	1557 	1661
f 1661 	2499 	1352
f 1661 	1557 	1663
f 1461 	1653 	1472
f 1329 	1281 	1662
f 1768 	1329 	1666
f 1296 	1295 	1660
f 1281 	1511 	1662
f 1496 	1652 	1512
f 1468 	1656 	1295
f 1468 	1295 	1253
f 1662 	1511 	1652
f 1665 	1663 	1557
f 1662 	1666 	1329
f 1668 	1386 	1667
f 1548 	1665 	1557
f 1662 	1652 	1666
f 1652 	1649 	1666
f 1666 	1649 	1650
f 1731 	1665 	1549
f 100 	1631 	1669
f 1657 	1654 	1670
f 1654 	1580 	1670
f 103 	100 	1669
f 1631 	1629 	1685
f 1678 	1664 	1733
f 1633 	2392 	1069
f 1668 	1677 	1381
f 1668 	1381 	1386
f 1732 	1731 	1549
f 1026 	2523 	1030
f 67 	1673 	1380
f 1663 	1664 	1676
f 1664 	1678 	1676
f 1673 	1687 	1629
f 1633 	1602 	1674
f 1629 	1687 	1772
f 1673 	1629 	1380
f 1683 	1026 	1674
f 1678 	1679 	1671
f 1669 	1631 	1686
f 1677 	1681 	1675
f 1688 	1681 	1677
f 1671 	1676 	1678
f 1834 	1680 	1069
f 1633 	1069 	1680
f 1688 	1677 	1668
f 1745 	1759 	1514
f 1633 	1680 	1602
f 1686 	1667 	1669
f 1503 	1514 	1541
f 1685 	1686 	1631
f 1680 	1835 	1837
f 1680 	1834 	1835
f 1673 	1523 	1687
f 1682 	1384 	1684
f 1683 	1674 	1602
f 1629 	1769 	1685
f 1097 	1683 	1100
f 1629 	1772 	1769
f 1683 	1689 	1100
f 1684 	1730 	1682
f 1684 	1698 	1726
f 1659 	1296 	1660
f 1217 	1698 	1684
f 1653 	1461 	1716
f 1691 	1682 	1730
f 1659 	1430 	1296
f 1385 	1384 	1682
f 1684 	1384 	1383
f 1648 	1291 	1429
f 1691 	1692 	1389
f 1692 	1691 	1730
f 1692 	1972 	1995
f 1682 	1691 	1385
f 1385 	1691 	1388
f 1782 	1821 	1477
f 1693 	1710 	1695
f 1692 	1425 	1389
f 1691 	1389 	1388
f 1694 	1693 	1695
f 1657 	1967 	1969
f 1718 	1719 	1520
f 1347 	1651 	1304
f 1697 	1655 	1656
f 1695 	1690 	1694
f 1718 	1520 	1537
f 1698 	1696 	1726
f 1690 	2048 	1694
f 1656 	1699 	1697
f 1646 	54 	1466
f 1351 	1639 	1305
f 1467 	1535 	1702
f 1709 	1701 	1696
f 1689 	2073 	1100
f 1656 	1702 	1699
f 1703 	4265 	1647
f 1642 	1703 	1646
f 1683 	1704 	2434
f 1351 	1705 	1703
f 1698 	1520 	1719
f 1467 	1702 	1656
f 1639 	1642 	1466
f 1602 	1852 	1704
f 4277 	1703 	1705
f 1704 	1683 	1602
f 1653 	1801 	1584
f 4276 	4277 	1705
f 1696 	1719 	1715
f 1698 	1719 	1696
f 1696 	1715 	1709
f 1709 	1706 	1701
f 1459 	1712 	2612
f 1972 	1735 	1701
f 1708 	1707 	1690
f 1706 	1709 	1714
f 1648 	1716 	1461
f 1708 	1690 	1710
f 1693 	1784 	1710
f 1353 	648 	1717
f 1710 	1690 	1695
f 1714 	1715 	1718
f 1668 	1667 	1688
f 1717 	648 	578
f 1686 	1688 	1667
f 1715 	1719 	1718
f 1709 	1715 	1714
f 1537 	1714 	1718
f 1658 	1678 	1634
f 1706 	1714 	1541
f 1613 	1711 	1717
f 1717 	1720 	1721
f 1678 	1733 	1722
f 1678 	1722 	1634
f 1717 	1721 	4903
f 1711 	1720 	1717
f 1679 	1678 	1658
f 1503 	1541 	1714
f 1711 	1713 	1720
f 1679 	1672 	1671
f 1672 	1679 	2625
f 1723 	1706 	1541
f 718 	1724 	707
f 718 	846 	1724
f 1730 	1684 	1726
f 1727 	1724 	846
f 726 	1728 	1729
f 1672 	1663 	1671
f 1663 	1672 	1661
f 1671 	1663 	1676
f 1701 	1730 	1696
f 1395 	1636 	1437
f 1730 	1726 	1696
f 1732 	1549 	1403
f 1727 	846 	1729
f 1701 	1706 	1877
f 1725 	1724 	1727
f 521 	547 	1734
f 1730 	1701 	1735
f 547 	707 	1734
f 1724 	1800 	707
f 1801 	1757 	1736
f 1734 	1400 	521
f 1692 	1730 	1735
f 1685 	1769 	1773
f 1734 	646 	1400
f 1800 	1734 	707
f 1773 	1686 	1685
f 1735 	1972 	1692
f 1681 	1688 	1776
f 646 	1734 	1738
f 1734 	1800 	1738
f 1688 	1686 	1773
f 1514 	1531 	1745
f 1615 	1596 	1620
f 1597 	1620 	1596
f 1615 	1621 	1605
f 1592 	1615 	1605
f 1533 	1739 	1747
f 1741 	1740 	1675
f 1743 	1792 	1744
f 1743 	1752 	1754
f 1648 	1429 	1750
f 1752 	1743 	1744
f 1750 	1716 	1648
f 1550 	1748 	1561
f 1742 	1743 	1754
f 1754 	1764 	1742
f 1739 	1749 	1747
f 1752 	1744 	1748
f 1747 	1531 	1533
f 1749 	1960 	1746
f 1750 	1430 	1753
f 1747 	1749 	1746
f 1753 	1716 	1750
f 1755 	1756 	1757
f 1747 	1746 	1531
f 1755 	1758 	1756
f 1758 	1757 	1756
f 1754 	1752 	1554
f 1744 	1792 	1760
f 1756 	1736 	1757
f 1761 	1744 	1760
f 1716 	1736 	1758
f 1756 	1758 	1736
f 1744 	1761 	1748
f 1748 	1761 	1561
f 1877 	1759 	1745
f 1878 	1877 	1745
f 1762 	1756 	1757
f 1763 	1764 	1754
f 1756 	1762 	1758
f 1732 	1722 	1733
f 1732 	1403 	1444
f 1700 	1967 	1657
f 1969 	1968 	1657
f 1765 	1664 	1663
f 1700 	1670 	1580
f 1665 	1765 	1663
f 1665 	1731 	1765
f 1757 	1758 	1755
f 1732 	1437 	1636
f 1657 	1670 	1700
f 1732 	1636 	1722
f 1732 	1733 	1731
f 1733 	1765 	1731
f 1766 	1635 	1962
f 1733 	1664 	1765
f 1755 	1653 	1758
f 1757 	1653 	1755
f 1758 	1653 	1716
f 1589 	1316 	1766
f 1762 	1757 	1697
f 1755 	1655 	1757
f 1757 	1655 	1697
f 1659 	1655 	1753
f 1762 	1753 	1758
f 1962 	1700 	1766
f 1700 	1580 	1766
f 1758 	1753 	1655
f 1758 	1655 	1755
f 1753 	1762 	1736
f 1649 	1657 	1968
f 1649 	1968 	1650
f 1675 	1681 	1741
f 1666 	1650 	1768
f 1675 	1740 	1802
f 1740 	1741 	1808
f 1516 	1675 	1802
f 1462 	1269 	1012
f 1783 	1865 	1770
f 1771 	1794 	1273
f 1774 	1767 	252
f 1681 	1776 	1741
f 1273 	1775 	1286
f 1770 	1767 	1774
f 1277 	1785 	1771
f 1775 	1273 	1794
f 1659 	1753 	1430
f 1716 	1753 	1736
f 497 	1778 	496
f 1122 	496 	1778
f 1778 	497 	1777
f 1784 	2514 	1708
f 1751 	1737 	1782
f 1708 	1710 	1784
f 1774 	2081 	1783
f 2081 	1774 	252
f 1783 	1770 	1774
f 1741 	1776 	1808
f 1292 	1286 	1779
f 1688 	1773 	1776
f 1797 	1779 	1286
f 1277 	1269 	1785
f 1785 	1269 	1462
f 1769 	1772 	1871
f 1866 	1773 	1769
f 1769 	1871 	1866
f 1771 	1785 	1794
f 1797 	1286 	1775
f 405 	475 	1917
f 1523 	1786 	1687
f 646 	1738 	1787
f 1786 	646 	1787
f 1751 	1782 	1781
f 1764 	1763 	1892
f 1789 	1952 	1780
f 1789 	1780 	1788
f 1781 	1782 	1477
f 1842 	1792 	1791
f 1785 	1793 	1794
f 1721 	1720 	1822
f 1793 	1785 	1462
f 1561 	1795 	1793
f 1724 	1725 	1800
f 1583 	1799 	1796
f 1775 	1794 	1798
f 1798 	2145 	1797
f 1798 	1797 	1775
f 1761 	2138 	1561
f 1561 	2138 	1795
f 1796 	1751 	1781
f 1797 	1788 	1780
f 1786 	1523 	646
f 1788 	1797 	2142
f 1797 	1780 	1779
f 1802 	1616 	1516
f 1802 	1613 	1616
f 1802 	1711 	1613
f 1624 	1806 	1805
f 1786 	1772 	1687
f 1811 	1804 	1803
f 1751 	1796 	1814
f 1805 	1625 	1624
f 1807 	1806 	1779
f 1801 	1653 	1757
f 1800 	1725 	1809
f 2223 	1762 	1813
f 1796 	1815 	1814
f 1446 	1737 	1814
f 1814 	2047 	1446
f 1814 	1737 	1751
f 1815 	2047 	1814
f 1810 	1812 	1818
f 1762 	1697 	1813
f 1812 	4935 	1817
f 1697 	1699 	1813
f 4933 	1816 	1817
f 1812 	1817 	1818
f 1781 	1477 	1796
f 1811 	1810 	1818
f 1477 	1583 	1796
f 1447 	1737 	1446
f 1818 	1817 	1816
f 4397 	1477 	3627
f 1818 	1804 	1811
f 1782 	1737 	1821
f 1737 	1823 	1821
f 1720 	1713 	1822
f 1820 	1821 	1823
f 1823 	1819 	1820
f 1823 	1447 	1819
f 1447 	1823 	1737
f 1827 	1821 	1820
f 4397 	3627 	1712
f 2612 	1712 	2849
f 1831 	1800 	1809
f 1874 	1810 	1811
f 1809 	1890 	1831
f 1825 	1824 	1830
f 444 	397 	393
f 1811 	1803 	1874
f 1829 	1693 	2193
f 4367 	444 	398
f 398 	444 	393
f 1693 	1829 	1784
f 1829 	2514 	1784
f 1830 	1831 	1890
f 1790 	1791 	1792
f 1829 	2522 	2514
f 1790 	1792 	1743
f 2511 	2512 	1689
f 1832 	612 	624
f 1743 	1742 	1790
f 607 	1850 	1832
f 2158 	1760 	1792
f 607 	1832 	604
f 1764 	1839 	1742
f 612 	1832 	1833
f 1852 	1602 	1680
f 1742 	1839 	1836
f 1790 	1742 	1836
f 1790 	1836 	1845
f 2629 	1835 	1834
f 1841 	1231 	1233
f 410 	1843 	1838
f 1764 	1854 	1839
f 1844 	1840 	1837
f 1844 	2141 	1840
f 126 	1847 	1843
f 1131 	1128 	2756
f 1790 	1845 	1846
f 1841 	1233 	1835
f 119 	1838 	1849
f 1233 	1844 	1835
f 1838 	1843 	1856
f 1835 	1844 	1837
f 1836 	1848 	1845
f 1838 	1856 	1849
f 1842 	1791 	1846
f 1791 	1790 	1846
f 1846 	2301 	1842
f 2416 	1851 	1846
f 1850 	119 	1849
f 1850 	1833 	1832
f 1850 	607 	119
f 1853 	1855 	1849
f 1856 	1853 	1849
f 1848 	1836 	1839
f 2294 	2629 	1834
f 1833 	1849 	1855
f 1850 	1849 	1833
f 2069 	1854 	2068
f 2069 	2064 	1854
f 1859 	612 	1833
f 1566 	1860 	1606
f 1859 	1833 	1855
f 1858 	400 	1767
f 1808 	1802 	1740
f 1860 	1863 	1607
f 922 	491 	1857
f 1713 	1808 	1873
f 1713 	1802 	1808
f 1713 	1711 	1802
f 1866 	1867 	1773
f 1860 	1607 	1606
f 1621 	1869 	1868
f 1773 	1867 	1776
f 1918 	1772 	1786
f 1918 	1871 	1772
f 1867 	1808 	1776
f 1873 	1867 	1866
f 1872 	1875 	1881
f 1876 	1873 	1866
f 1875 	1872 	2099
f 1879 	1865 	2135
f 1874 	4942 	1824
f 1825 	1826 	1874
f 1858 	1865 	1879
f 1880 	1615 	1875
f 1826 	1810 	1874
f 1825 	1874 	1824
f 1621 	1880 	1869
f 1880 	1621 	1615
f 1875 	1623 	1881
f 1623 	1620 	1881
f 1623 	1875 	1619
f 1808 	1867 	1873
f 1871 	1876 	1866
f 1871 	1870 	1876
f 4990 	1894 	1825
f 1825 	1902 	4990
f 1302 	1198 	1885
f 1830 	1926 	1738
f 1883 	1886 	2632
f 1157 	1887 	1156
f 1826 	1825 	1882
f 1157 	1341 	1887
f 1882 	1810 	1826
f 1886 	2639 	1909
f 1812 	1810 	1882
f 1886 	1883 	2639
f 1194 	1889 	1885
f 1825 	1890 	1902
f 1927 	1885 	1889
f 1194 	1885 	1198
f 1830 	1890 	1825
f 1891 	1566 	1610
f 1860 	1566 	1891
f 1831 	1830 	1738
f 2140 	2137 	1865
f 1831 	1738 	1800
f 1865 	2090 	2089
f 1607 	1892 	1554
f 1895 	1896 	1893
f 4990 	1896 	1895
f 1891 	1863 	1860
f 2089 	2096 	1865
f 4994 	1882 	1896
f 1809 	1727 	1729
f 1892 	1763 	1554
f 1725 	1727 	1809
f 1607 	1897 	1892
f 1891 	1864 	1863
f 1879 	1898 	1899
f 1891 	1897 	1864
f 1896 	1901 	1895
f 1896 	4990 	1894
f 1896 	1894 	1893
f 1893 	1825 	1894
f 1899 	1898 	497
f 1891 	1610 	1900
f 1896 	1882 	1893
f 1882 	1825 	1893
f 1898 	1777 	497
f 1610 	1868 	1900
f 1809 	1729 	1902
f 1899 	633 	1879
f 1903 	1868 	1869
f 1902 	1729 	1728
f 1902 	1728 	1901
f 1893 	1894 	1902
f 1868 	1903 	1900
f 1902 	1901 	1893
f 1896 	1893 	1901
f 1858 	1770 	1865
f 1904 	1888 	1905
f 1809 	1902 	1890
f 1899 	497 	633
f 1879 	633 	2003
f 1909 	2639 	1910
f 1879 	2003 	1858
f 400 	1858 	491
f 1738 	1918 	1787
f 1918 	1786 	1787
f 1905 	1888 	1884
f 1905 	1884 	1912
f 1884 	1886 	1912
f 1886 	1909 	1912
f 1858 	1857 	491
f 1912 	1913 	1905
f 1907 	1911 	1920
f 1912 	1909 	1913
f 1908 	1873 	1906
f 1906 	1876 	1907
f 1302 	1885 	1915
f 1873 	1876 	1906
f 1713 	1873 	1908
f 1915 	1928 	1935
f 1876 	1870 	1907
f 1911 	1907 	1870
f 1767 	1770 	1858
f 1906 	1907 	1929
f 1918 	1870 	1871
f 1309 	1919 	1311
f 1738 	1926 	1918
f 1918 	1911 	1870
f 1911 	1918 	1920
f 1887 	1341 	1916
f 1919 	1915 	1935
f 1915 	1885 	1928
f 1926 	1920 	1918
f 1917 	475 	613
f 350 	1311 	1919
f 521 	350 	1919
f 1919 	537 	521
f 1921 	443 	438
f 1822 	1713 	1922
f 1922 	1921 	1822
f 1922 	443 	1921
f 1855 	1861 	1859
f 1887 	1924 	1925
f 1908 	1922 	1713
f 1862 	1861 	1853
f 1925 	1156 	1887
f 1929 	1922 	1908
f 1908 	1906 	1929
f 1925 	1889 	1156
f 1861 	1855 	1853
f 442 	1926 	1824
f 1859 	1861 	1020
f 1907 	1930 	1929
f 1924 	4936 	1925
f 1020 	612 	1859
f 530 	1920 	1926
f 1889 	1925 	1927
f 1019 	1861 	1862
f 442 	450 	1926
f 1927 	1928 	1885
f 450 	530 	1926
f 1019 	978 	1861
f 1830 	1824 	1926
f 4939 	1923 	1927
f 1923 	1928 	1927
f 1923 	1935 	1928
f 1019 	1862 	1024
f 1929 	1930 	534
f 1929 	534 	1922
f 1959 	1856 	995
f 1930 	1907 	1920
f 4947 	1924 	1931
f 1920 	530 	1930
f 530 	544 	1930
f 1862 	1853 	1856
f 1916 	1932 	1931
f 762 	1932 	298
f 538 	539 	1932
f 539 	4951 	1932
f 4951 	539 	1087
f 1932 	1397 	538
f 1931 	1887 	1916
f 1931 	1924 	1887
f 1951 	1946 	1934
f 1932 	1916 	1342
f 1932 	1342 	298
f 480 	405 	1917
f 1919 	1935 	1936
f 1917 	252 	480
f 252 	1917 	163
f 163 	1917 	158
f 1935 	4959 	1936
f 4959 	1939 	1936
f 1917 	42 	158
f 1176 	537 	1939
f 1939 	1919 	1936
f 1939 	537 	1919
f 1942 	1941 	3237
f 3378 	3388 	1938
f 1941 	1942 	3500
f 1943 	1938 	3388
f 1938 	1943 	2218
f 1779 	1780 	1807
f 1283 	1779 	1806
f 1948 	1805 	1949
f 1805 	1806 	1949
f 1847 	995 	1856
f 1856 	1843 	1847
f 1948 	1956 	1627
f 1806 	1955 	1949
f 3269 	1946 	1950
f 1627 	1956 	1958
f 1937 	2178 	1951
f 1745 	1746 	1878
f 1953 	1877 	1878
f 1952 	1806 	1807
f 1780 	1952 	1807
f 1878 	1954 	1953
f 1956 	1948 	1955
f 1955 	1948 	1949
f 1877 	1723 	1759
f 1186 	1959 	1185
f 1972 	1701 	1953
f 1955 	2518 	2339
f 1877 	1706 	1723
f 1701 	1877 	1953
f 995 	1185 	1959
f 1959 	1862 	1856
f 1862 	1959 	1186
f 1956 	1978 	1958
f 1186 	1024 	1862
f 1961 	1746 	1960
f 1175 	126 	413
f 1878 	1746 	1961
f 1329 	1963 	1620
f 1768 	1963 	1329
f 1627 	1958 	1962
f 1962 	1958 	1978
f 1974 	1966 	1954
f 1628 	1627 	1962
f 2133 	1962 	1978
f 1953 	1954 	1966
f 1635 	1628 	1962
f 1961 	1974 	1878
f 1962 	2133 	1967
f 1962 	1967 	1700
f 1953 	1966 	1964
f 1971 	1650 	1968
f 1953 	1964 	1972
f 1768 	1650 	1971
f 1878 	1974 	1954
f 1963 	1768 	1971
f 2057 	629 	1236
f 1973 	2128 	1968
f 1970 	2057 	1175
f 1975 	1799 	1583
f 1955 	2339 	1976
f 1976 	1956 	1955
f 1584 	1975 	1583
f 1977 	1955 	1806
f 1975 	1970 	2289
f 1961 	1960 	1979
f 1977 	1952 	1789
f 1970 	413 	2289
f 1806 	1952 	1977
f 2260 	1749 	1739
f 1976 	1978 	1956
f 1976 	2339 	1978
f 1978 	2348 	2132
f 1987 	1960 	1749
f 1978 	2433 	2348
f 1978 	2339 	2433
f 1261 	629 	2057
f 1981 	1261 	2057
f 1963 	2460 	1620
f 2460 	1963 	1971
f 1981 	1982 	1261
f 1961 	2320 	1974
f 1287 	1318 	1982
f 1287 	1982 	1984
f 1944 	1945 	1947
f 4520 	1944 	1947
f 1979 	1987 	2309
f 1749 	2309 	1987
f 1979 	1960 	1987
f 1974 	2324 	1993
f 2409 	1917 	2410
f 2011 	1991 	1985
f 2324 	1964 	1966
f 1985 	1991 	1988
f 1989 	1988 	1991
f 1993 	1966 	1974
f 1993 	2324 	1966
f 1991 	1994 	1989
f 1989 	1945 	1944
f 1945 	1989 	1994
f 1972 	1964 	1995
f 1994 	1996 	1997
f 1992 	1990 	1940
f 1425 	1692 	1995
f 2005 	1992 	1940
f 1990 	613 	1940
f 2370 	1995 	1964
f 1945 	1994 	1997
f 1428 	1995 	2370
f 1917 	613 	1990
f 1917 	1990 	1992
f 708 	1998 	701
f 701 	1999 	702
f 2000 	1999 	701
f 2001 	1996 	1994
f 1858 	2003 	1857
f 4526 	1996 	2001
f 2002 	1998 	2004
f 708 	713 	2004
f 708 	2004 	1998
f 2050 	2036 	1985
f 1999 	2000 	2254
f 2007 	2188 	2006
f 2188 	2009 	2006
f 2022 	2005 	2008
f 2005 	2214 	2008
f 1998 	2010 	701
f 2006 	2015 	2007
f 2002 	2010 	1998
f 2005 	2215 	2214
f 2014 	2006 	2009
f 2005 	2210 	2215
f 2024 	2002 	2012
f 2011 	1985 	2013
f 713 	2012 	2004
f 2011 	2006 	2014
f 2011 	2015 	2006
f 2011 	2016 	2007
f 2012 	2002 	2004
f 701 	2017 	2000
f 2017 	2018 	2000
f 2011 	2007 	2015
f 2001 	2011 	2014
f 2014 	4526 	2001
f 1994 	1991 	2011
f 2001 	1994 	2011
f 2017 	2010 	2020
f 701 	2010 	2017
f 2016 	2185 	2007
f 2017 	2023 	2018
f 2002 	2024 	2010
f 2020 	2010 	2024
f 2025 	2021 	2255
f 1992 	2005 	2022
f 2019 	2022 	2028
f 2027 	2016 	2013
f 2016 	2011 	2013
f 2013 	2025 	2027
f 2405 	1917 	2409
f 2025 	2255 	2027
f 2185 	2016 	2027
f 2029 	2211 	2205
f 2025 	1985 	2021
f 1917 	2022 	2410
f 1985 	2025 	2013
f 1944 	2030 	1989
f 1984 	2033 	1986
f 2030 	2031 	2039
f 2030 	1944 	2031
f 1680 	1837 	1852
f 2032 	2033 	1984
f 160 	2034 	2031
f 2032 	2167 	2033
f 2031 	2034 	2039
f 2035 	2036 	2054
f 2037 	1986 	2033
f 1984 	1986 	1423
f 2036 	2021 	1985
f 2166 	2021 	2036
f 2033 	2167 	2037
f 1841 	1835 	2535
f 1989 	2030 	2038
f 2038 	2030 	2039
f 1986 	1336 	1423
f 2039 	2040 	2038
f 1266 	1336 	1986
f 1934 	1937 	1951
f 1981 	2044 	1984
f 2032 	1984 	2044
f 1981 	1984 	1982
f 2038 	2040 	1989
f 2050 	1989 	2040
f 2034 	162 	164
f 2034 	2045 	2039
f 2045 	164 	171
f 2034 	164 	2045
f 1981 	2056 	2044
f 2056 	1981 	2055
f 171 	2058 	2045
f 1981 	2057 	2055
f 2048 	2046 	2060
f 1690 	2046 	2048
f 1988 	2050 	1985
f 1988 	1989 	2050
f 3863 	2049 	2245
f 2060 	2046 	2051
f 2036 	2040 	2039
f 2049 	3859 	1450
f 2049 	3863 	3859
f 2036 	2039 	2054
f 2036 	2050 	2040
f 2057 	2056 	2055
f 2056 	2057 	1970
f 2039 	2162 	2054
f 1237 	2057 	1236
f 2048 	2053 	2059
f 2060 	2053 	2048
f 2060 	2051 	2053
f 2028 	2022 	2008
f 2022 	1917 	1992
f 2059 	1694 	2048
f 1244 	1100 	2073
f 2061 	2080 	1126
f 1910 	1854 	2064
f 2063 	2059 	2146
f 2064 	1909 	1910
f 2066 	2067 	2043
f 2064 	1913 	1909
f 1913 	2064 	2069
f 2077 	2066 	2043
f 2065 	1118 	2070
f 1129 	1120 	2070
f 1913 	2069 	2062
f 1118 	1129 	2070
f 2068 	2071 	2069
f 2071 	2062 	2069
f 2080 	5027 	1116
f 2063 	2193 	1693
f 1764 	2071 	2068
f 2068 	1854 	1764
f 1778 	1777 	2070
f 1694 	2063 	1693
f 1897 	1891 	2072
f 2088 	2065 	2074
f 2065 	2070 	2074
f 2043 	118 	117
f 1777 	2074 	2070
f 1914 	2072 	1891
f 2062 	2078 	1905
f 1778 	2070 	1122
f 2081 	246 	288
f 1905 	1913 	2062
f 1854 	1910 	2419
f 1905 	2078 	1904
f 2020 	2082 	2017
f 2083 	2078 	2071
f 2076 	1783 	2081
f 2061 	2076 	2080
f 2081 	2080 	2076
f 2662 	2083 	1892
f 2081 	288 	2080
f 2020 	2026 	2082
f 1764 	1892 	2083
f 2083 	2071 	1764
f 2017 	2082 	2023
f 2071 	2078 	2062
f 2669 	2078 	2083
f 2026 	2079 	2082
f 2669 	2083 	2662
f 2082 	2079 	2084
f 2080 	1116 	1126
f 2080 	288 	290
f 2805 	1914 	1900
f 1914 	1891 	1900
f 2156 	1126 	1240
f 1900 	2085 	2805
f 2086 	2084 	2079
f 1869 	2097 	1903
f 1900 	1903 	2085
f 1777 	1898 	2087
f 2090 	2091 	2089
f 2136 	2089 	2091
f 2092 	3106 	1872
f 2087 	1898 	1879
f 1881 	2092 	1872
f 1620 	2092 	1881
f 1879 	2089 	2087
f 1620 	2641 	2092
f 2136 	2096 	2089
f 2135 	1865 	2096
f 2097 	2811 	1903
f 2098 	2090 	2089
f 2098 	2089 	2096
f 2089 	1879 	2096
f 2097 	1869 	1880
f 2090 	2098 	2091
f 2091 	2090 	2093
f 1880 	1875 	2097
f 2094 	2092 	2642
f 2090 	2087 	2089
f 2093 	2087 	2090
f 1875 	2099 	2097
f 2102 	2200 	2105
f 2105 	2104 	2113
f 2113 	2102 	2105
f 2103 	2087 	2143
f 2100 	2242 	2107
f 2103 	2088 	2087
f 2108 	2111 	2106
f 2106 	2113 	2108
f 2115 	2109 	2110
f 2106 	2118 	2113
f 2117 	2115 	2110
f 2113 	2116 	2108
f 2101 	2117 	2110
f 2107 	2101 	2100
f 2112 	1702 	2120
f 2120 	1534 	1569
f 1536 	1534 	2120
f 2114 	2112 	2120
f 2114 	2120 	1569
f 2118 	2119 	2121
f 2102 	2118 	2121
f 2116 	2113 	2104
f 2113 	2118 	2102
f 2037 	2114 	1266
f 2125 	2126 	2123
f 2125 	2129 	2127
f 2128 	2460 	1971
f 2128 	1971 	1968
f 2127 	2126 	2125
f 2130 	2123 	2131
f 2057 	1237 	1175
f 1973 	1968 	2133
f 2133 	1983 	1973
f 2126 	2131 	2123
f 2088 	1777 	2087
f 1969 	2133 	1968
f 1969 	1967 	2133
f 2133 	1978 	2132
f 2088 	2074 	1777
f 2059 	2063 	1694
f 2090 	1865 	2093
f 2134 	1798 	1794
f 2136 	2135 	2096
f 1247 	2073 	2139
f 1247 	1244 	2073
f 2139 	1239 	1246
f 2093 	1865 	2137
f 1247 	2139 	1246
f 2135 	2098 	2096
f 2096 	1879 	2135
f 2138 	2148 	2134
f 2135 	2136 	2098
f 2091 	2098 	2136
f 2138 	2134 	1793
f 1793 	2134 	1794
f 2136 	2091 	2137
f 2093 	2137 	2091
f 2135 	2136 	2140
f 2137 	2140 	2136
f 2144 	2135 	2143
f 2342 	1788 	2142
f 2143 	2076 	2144
f 2142 	1797 	2145
f 2138 	1793 	1795
f 2061 	2149 	2144
f 2158 	2147 	2148
f 2103 	2144 	2149
f 2149 	2156 	2103
f 2146 	2059 	2053
f 2146 	2053 	2151
f 2061 	2156 	2149
f 2076 	2061 	2144
f 2206 	2053 	2051
f 2087 	2093 	2137
f 2148 	2138 	1761
f 2206 	2151 	2053
f 1760 	2148 	1761
f 2090 	2143 	2093
f 2137 	2093 	2143
f 2139 	2152 	1239
f 2135 	2103 	2143
f 2147 	2134 	2148
f 2152 	2141 	1239
f 2134 	2150 	1798
f 2135 	2144 	2103
f 2136 	2143 	2091
f 2090 	2091 	2143
f 2150 	2145 	1798
f 2135 	2143 	2136
f 2147 	2150 	2134
f 2140 	2143 	2135
f 2143 	2140 	2076
f 2077 	2043 	128
f 2076 	1865 	1783
f 2077 	2075 	2066
f 1865 	2076 	2140
f 2140 	2143 	2087
f 2140 	2087 	2137
f 2153 	2145 	2150
f 2143 	2140 	2137
f 2065 	2159 	1242
f 2075 	2077 	128
f 1242 	1118 	2065
f 1950 	2075 	128
f 2150 	2147 	2154
f 1126 	2156 	2061
f 2157 	2041 	2067
f 1792 	2155 	2158
f 2155 	2154 	2158
f 2043 	2176 	118
f 2158 	2154 	2147
f 2292 	2150 	2154
f 2159 	2065 	2160
f 2148 	1760 	2158
f 2103 	2160 	2088
f 2153 	2150 	2295
f 2075 	2042 	2041
f 2157 	2075 	2041
f 2157 	2067 	2171
f 2171 	2067 	2066
f 1842 	2301 	2155
f 2301 	2154 	2155
f 2056 	1970 	1975
f 1792 	1842 	2155
f 2056 	1975 	2122
f 2162 	2045 	2058
f 2052 	2035 	2054
f 171 	180 	2058
f 180 	2161 	2058
f 2039 	2045 	2162
f 2052 	2054 	2162
f 180 	199 	2161
f 199 	215 	2161
f 2174 	2162 	2161
f 2058 	2161 	2162
f 2157 	2171 	2075
f 2162 	2174 	2177
f 2164 	2035 	2052
f 2036 	2164 	2166
f 2036 	2035 	2164
f 2037 	2167 	2114
f 2166 	2164 	2170
f 2167 	2112 	2114
f 2052 	2168 	2164
f 2179 	2041 	2042
f 2163 	2169 	2044
f 2168 	2170 	2164
f 2172 	2169 	2163
f 2066 	2075 	2171
f 2168 	2173 	2170
f 2172 	2167 	2169
f 215 	2175 	2174
f 2169 	2032 	2044
f 215 	2174 	2161
f 2167 	2032 	2169
f 2162 	2168 	2052
f 2041 	2179 	2333
f 2162 	2177 	2168
f 2122 	2044 	2056
f 2177 	2173 	2168
f 1937 	1938 	2178
f 215 	1259 	2175
f 2178 	2179 	1951
f 2182 	2183 	2180
f 2173 	2177 	2174
f 2172 	2165 	2112
f 2172 	2112 	2167
f 2112 	2165 	1699
f 1699 	1702 	2112
f 2180 	2178 	2182
f 2185 	2186 	2187
f 2187 	2007 	2185
f 2044 	2122 	2163
f 226 	4589 	2189
f 2122 	1584 	2163
f 2189 	2009 	2188
f 4589 	2009 	2189
f 2279 	2152 	2139
f 2186 	2190 	2187
f 2190 	2191 	2187
f 2073 	1689 	2512
f 2190 	2192 	2191
f 2223 	2163 	1584
f 2206 	2029 	2205
f 2029 	2209 	2211
f 2238 	1799 	1975
f 2046 	1690 	2029
f 2051 	2046 	2029
f 2051 	2029 	2206
f 2193 	2063 	2146
f 2102 	2213 	2196
f 2197 	2199 	2193
f 1813 	1699 	2198
f 2200 	2102 	2196
f 1815 	1796 	2195
f 2195 	2049 	1815
f 2201 	2200 	2196
f 2198 	2165 	2172
f 1829 	2193 	2199
f 2213 	2102 	2121
f 2202 	2104 	2105
f 2163 	2198 	2172
f 2198 	1699 	2165
f 2146 	2197 	2193
f 2200 	2202 	2105
f 2104 	2202 	2194
f 2217 	2202 	2204
f 2217 	2219 	2202
f 2512 	2279 	2073
f 2279 	2139 	2073
f 2160 	2065 	2088
f 2104 	2194 	2116
f 1707 	2442 	2029
f 2103 	2156 	2160
f 2156 	2159 	2160
f 2029 	1690 	1707
f 2146 	2281 	2197
f 2204 	2200 	2201
f 1240 	1249 	2156
f 2204 	2202 	2200
f 2159 	2156 	1249
f 2159 	1249 	1242
f 1940 	918 	2207
f 2194 	2652 	2111
f 2209 	2205 	2211
f 2116 	2194 	2108
f 2749 	2205 	2209
f 2210 	1257 	1267
f 1257 	2210 	2207
f 2207 	2005 	1940
f 2201 	2196 	2213
f 2213 	2216 	2201
f 1938 	2182 	2178
f 2207 	2210 	2005
f 2201 	2216 	2217
f 2217 	2216 	2219
f 2204 	2201 	2217
f 2218 	2453 	2183
f 2218 	2183 	2182
f 2202 	2219 	2228
f 2453 	2218 	1943
f 2182 	1938 	2218
f 2228 	2194 	2202
f 2906 	293 	2220
f 2213 	2230 	2216
f 2179 	2178 	2180
f 2208 	2213 	2121
f 2208 	2233 	2213
f 2216 	2230 	2219
f 1799 	2238 	2195
f 2194 	2111 	2108
f 1736 	2223 	1801
f 1801 	2223 	1584
f 2222 	2121 	2119
f 2222 	2224 	2121
f 1736 	1762 	2223
f 2042 	2075 	1946
f 2224 	2208 	2121
f 2163 	2223 	2198
f 2042 	1946 	2179
f 1813 	2198 	2223
f 2179 	1946 	1951
f 1946 	2075 	1950
f 2224 	2233 	2208
f 1799 	2195 	1796
f 2194 	2226 	2652
f 2228 	2231 	2194
f 1395 	1437 	2234
f 2213 	2233 	2235
f 2235 	2236 	2230
f 2432 	2429 	2131
f 2213 	2235 	2230
f 2234 	1643 	1395
f 2095 	2107 	2129
f 2236 	2237 	2231
f 2125 	2095 	2129
f 2228 	2219 	2230
f 2236 	2231 	2228
f 2082 	2084 	2124
f 2124 	2084 	2123
f 2236 	2228 	2230
f 2241 	2100 	2101
f 2241 	2109 	2239
f 2100 	2241 	2242
f 2290 	2240 	2237
f 2129 	2242 	2127
f 2226 	2194 	2231
f 2129 	2107 	2242
f 2243 	2235 	2233
f 2243 	2233 	2290
f 2387 	2239 	2381
f 2237 	2240 	2231
f 2291 	2231 	2240
f 2243 	2236 	2235
f 2241 	2239 	2387
f 2243 	2237 	2236
f 2290 	2237 	2243
f 2244 	2242 	2241
f 2049 	2195 	2245
f 2126 	2127 	2244
f 2187 	2188 	2007
f 2244 	2131 	2126
f 2187 	2191 	2188
f 1065 	2019 	2227
f 2244 	2432 	2131
f 226 	2189 	2286
f 2242 	2244 	2127
f 2191 	2189 	2188
f 2019 	2028 	2227
f 2241 	2110 	2109
f 2241 	2101 	2110
f 2186 	2185 	2252
f 2028 	2246 	2227
f 2248 	2249 	2247
f 2028 	2008 	2246
f 744 	932 	2109
f 2109 	928 	2239
f 932 	928 	2109
f 1999 	2250 	702
f 2019 	2221 	2022
f 2252 	2248 	2351
f 2250 	2251 	1525
f 1525 	1526 	2250
f 2250 	2254 	2251
f 2283 	259 	241
f 1999 	2254 	2250
f 2253 	2249 	2255
f 2251 	2000 	2018
f 2254 	2000 	2251
f 2021 	2253 	2255
f 2247 	2249 	2253
f 2027 	2252 	2185
f 2251 	2256 	2356
f 2256 	2543 	2356
f 2252 	2027 	2249
f 2249 	2027 	2255
f 2249 	2248 	2252
f 2251 	2356 	2257
f 2251 	2257 	2260
f 2251 	2260 	1525
f 2628 	2234 	2259
f 2234 	1437 	2259
f 2151 	2265 	2146
f 2246 	2266 	2227
f 2190 	2186 	2263
f 2261 	2284 	2190
f 2352 	2263 	2354
f 2265 	2267 	2146
f 2266 	2258 	1392
f 2252 	2263 	2186
f 2267 	2265 	2264
f 2265 	2206 	2264
f 2265 	2151 	2206
f 2262 	2261 	2277
f 1437 	2268 	2259
f 2277 	2261 	2271
f 2264 	2270 	2267
f 2274 	2269 	2258
f 2266 	1392 	2227
f 2205 	2264 	2206
f 2271 	2190 	2263
f 2749 	2264 	2205
f 2259 	2268 	2631
f 2263 	2273 	2271
f 2261 	2190 	2271
f 2352 	2273 	2263
f 2264 	2749 	2212
f 2273 	2358 	2272
f 2358 	2275 	2272
f 2141 	2270 	2264
f 2264 	2212 	2141
f 2276 	2277 	2275
f 2262 	2277 	2276
f 2267 	2270 	2141
f 2152 	2267 	2141
f 2267 	2152 	2278
f 2275 	2277 	2271
f 2275 	2271 	2273
f 2279 	2278 	2152
f 2273 	2272 	2275
f 2199 	2197 	2279
f 2279 	2281 	2278
f 2197 	2281 	2279
f 2281 	2146 	2267
f 2267 	2278 	2281
f 3234 	2276 	2275
f 2284 	2192 	2190
f 2191 	2192 	2286
f 2189 	2191 	2286
f 2284 	2287 	2192
f 2195 	2238 	2245
f 2245 	2238 	2321
f 2293 	2291 	2290
f 1633 	2390 	2392
f 2240 	2290 	2291
f 2291 	2293 	3762
f 2298 	2538 	2153
f 2153 	2295 	2298
f 2349 	2297 	2350
f 2295 	2150 	2292
f 2329 	2538 	2298
f 2229 	2763 	2232
f 2292 	2308 	2295
f 2296 	2297 	2299
f 2416 	2301 	1851
f 1846 	1851 	2301
f 2464 	2225 	2300
f 2330 	2303 	2302
f 2683 	2302 	2303
f 2303 	2306 	2685
f 2301 	2304 	2154
f 2307 	2297 	2296
f 2307 	2672 	2297
f 2296 	2323 	2307
f 2323 	2296 	2402
f 2260 	1739 	1525
f 1749 	2260 	2313
f 2238 	1975 	2289
f 2312 	1979 	2309
f 2311 	2310 	2307
f 2313 	2312 	2309
f 2310 	2314 	2315
f 2316 	2310 	2315
f 1749 	2313 	2309
f 2311 	2317 	2318
f 2314 	2310 	2311
f 2311 	2318 	2314
f 1979 	2312 	1961
f 2343 	2320 	2312
f 2323 	2318 	2317
f 2312 	2320 	1961
f 2307 	2317 	2311
f 2316 	2307 	2310
f 2238 	2289 	2321
f 2680 	2315 	2314
f 2321 	2289 	2319
f 2680 	2695 	2315
f 2320 	2343 	1974
f 2316 	2315 	2695
f 4011 	2321 	2319
f 2318 	2322 	2314
f 2318 	2323 	2331
f 2317 	2307 	2323
f 2324 	2368 	1964
f 1957 	1933 	2325
f 2325 	2289 	1957
f 2260 	2257 	2313
f 2402 	2327 	2323
f 2324 	1974 	2368
f 2323 	2326 	2331
f 2292 	2154 	2304
f 2323 	2327 	2326
f 2292 	2304 	2308
f 2470 	2326 	2327
f 2330 	2331 	2465
f 2331 	2330 	2322
f 2302 	2322 	2330
f 2298 	2295 	2329
f 2288 	264 	2332
f 264 	268 	2332
f 2286 	2332 	263
f 2287 	2288 	2332
f 2287 	2332 	2286
f 2286 	2192 	2287
f 268 	263 	2332
f 2262 	2336 	2261
f 2335 	2768 	2765
f 2295 	2768 	2335
f 2336 	2284 	2261
f 2287 	2337 	2288
f 2335 	2329 	2295
f 2336 	2337 	2284
f 2334 	2333 	2458
f 2287 	2284 	2337
f 275 	2338 	850
f 2276 	2336 	2262
f 2342 	1789 	1788
f 2344 	2312 	2313
f 2342 	2345 	1977
f 2337 	2336 	2346
f 2276 	2346 	2336
f 2347 	2338 	2337
f 2342 	1977 	1789
f 2338 	2288 	2337
f 2331 	2326 	2470
f 2468 	2331 	2470
f 2322 	2318 	2331
f 2346 	2347 	2337
f 3237 	2276 	3238
f 2313 	2360 	2344
f 2312 	2344 	2341
f 2343 	2312 	2341
f 2276 	3237 	2346
f 275 	264 	2288
f 2288 	2338 	275
f 2248 	2247 	2362
f 1974 	2624 	2368
f 2351 	2248 	2362
f 4124 	2203 	1965
f 2368 	2370 	1964
f 2353 	1974 	2343
f 439 	4124 	435
f 2263 	2252 	2354
f 1974 	2353 	2624
f 2252 	2351 	2354
f 4124 	439 	1980
f 2351 	2365 	2354
f 2341 	2355 	2343
f 2355 	2353 	2343
f 2357 	333 	324
f 2358 	2273 	2352
f 2359 	2355 	2360
f 2361 	445 	446
f 2360 	2355 	2344
f 446 	1459 	2361
f 2344 	2355 	2341
f 1243 	2364 	3842
f 2365 	2351 	2362
f 2361 	2363 	445
f 2354 	2365 	2367
f 2313 	2356 	2360
f 2363 	2364 	1243
f 2362 	2369 	2365
f 2612 	2366 	2361
f 2257 	2356 	2313
f 2368 	2843 	2370
f 2843 	2841 	2370
f 2371 	2372 	2467
f 2842 	1090 	2370
f 1428 	2370 	1090
f 2367 	2352 	2354
f 2374 	2130 	2131
f 2375 	2124 	2123
f 2340 	2041 	2333
f 2373 	2372 	2371
f 2374 	2375 	2123
f 2333 	2334 	2340
f 2374 	2427 	2375
f 2373 	2467 	2372
f 2373 	2371 	1447
f 2374 	2123 	2130
f 2429 	2374 	2131
f 2723 	2377 	2334
f 2334 	2743 	2723
f 2334 	2376 	2378
f 2334 	2377 	2376
f 2239 	814 	2381
f 2334 	2378 	2340
f 2297 	2349 	2382
f 1450 	2373 	1447
f 118 	2176 	2383
f 2390 	1633 	1674
f 2241 	2386 	2244
f 2241 	2387 	2388
f 2385 	2384 	2391
f 2390 	2393 	2392
f 2393 	2294 	1069
f 2388 	2386 	2241
f 2244 	2386 	2396
f 2395 	2389 	2391
f 3850 	3849 	2394
f 2386 	2388 	2398
f 2386 	2398 	2396
f 2387 	2398 	2388
f 1674 	2401 	2390
f 3850 	2394 	2399
f 2396 	2432 	2244
f 2399 	2394 	2395
f 2401 	2437 	2390
f 3850 	2399 	2397
f 2392 	2393 	1069
f 2397 	2391 	2384
f 2395 	2391 	2399
f 2299 	2297 	2382
f 2382 	2402 	2296
f 2382 	2296 	2299
f 2349 	2350 	2403
f 2340 	2176 	2043
f 2383 	2176 	2340
f 2406 	2402 	2382
f 2408 	2365 	2369
f 2358 	2408 	2280
f 3293 	2280 	2408
f 2358 	2352 	2408
f 2340 	2415 	2383
f 2405 	2409 	2410
f 1065 	2410 	2221
f 2420 	2404 	1839
f 1065 	2482 	2410
f 2067 	2340 	2043
f 2412 	2349 	2403
f 2067 	2041 	2340
f 2411 	2382 	2349
f 2412 	2411 	2349
f 2412 	1845 	2411
f 1848 	2406 	2411
f 1848 	2404 	2406
f 2415 	2738 	2413
f 1845 	1848 	2411
f 2406 	2382 	2411
f 2412 	1846 	1845
f 2412 	2403 	2416
f 2412 	2416 	1846
f 2414 	2421 	2407
f 2414 	2407 	2405
f 1848 	1839 	2404
f 2410 	2414 	2405
f 2280 	3293 	2647
f 2358 	2282 	2275
f 2408 	2369 	2184
f 1854 	2419 	2417
f 1839 	1854 	2420
f 2417 	2420 	1854
f 2405 	2407 	2283
f 2419 	2660 	2417
f 2418 	2283 	2407
f 2283 	241 	2405
f 2022 	2221 	2410
f 2282 	2358 	2280
f 2352 	2367 	2408
f 2402 	2528 	2327
f 2414 	2424 	2421
f 2447 	2424 	2410
f 2367 	2365 	2408
f 2251 	2018 	2400
f 2018 	2023 	2400
f 2400 	2422 	2251
f 294 	299 	2413
f 2415 	2413 	2383
f 2410 	2424 	2414
f 2422 	2256 	2251
f 2415 	2340 	2378
f 2180 	2183 	2333
f 2333 	2179 	2180
f 2425 	2441 	2285
f 2333 	2183 	2426
f 2493 	2418 	2425
f 2418 	2407 	2425
f 2428 	2493 	2425
f 2429 	2427 	2374
f 2425 	2285 	2428
f 2463 	2430 	1943
f 2427 	2124 	2375
f 2430 	2431 	2426
f 2427 	2082 	2124
f 2474 	2132 	2348
f 2427 	2429 	2400
f 2429 	2484 	2400
f 1683 	2435 	1689
f 2451 	2433 	2339
f 2023 	2427 	2400
f 2435 	2511 	1689
f 2023 	2082 	2427
f 1683 	2434 	2435
f 2444 	2432 	2448
f 1977 	2345 	2436
f 2145 	2153 	2438
f 2439 	2398 	2387
f 2440 	1707 	2514
f 1707 	1708 	2514
f 2425 	1500 	1495
f 2381 	2439 	2387
f 2445 	2439 	2381
f 2441 	2425 	1501
f 2444 	2429 	2432
f 1495 	1501 	2425
f 2445 	2381 	915
f 2142 	2145 	2438
f 2438 	2342 	2142
f 2438 	2436 	2342
f 2342 	2436 	2345
f 2294 	2393 	2437
f 2521 	1955 	1977
f 2436 	2548 	2521
f 2521 	1977 	2436
f 2450 	2306 	2303
f 2303 	2330 	2450
f 2452 	2449 	2450
f 1943 	2430 	2453
f 2449 	2306 	2450
f 2452 	2454 	2449
f 2433 	2451 	2348
f 2451 	2474 	2348
f 2454 	2456 	2455
f 2399 	2391 	2397
f 2426 	2453 	2430
f 2456 	2457 	2455
f 2183 	2453 	2426
f 2454 	2455 	2449
f 2451 	2339 	2534
f 2521 	2518 	1955
f 2426 	2458 	2333
f 2455 	2457 	2459
f 1620 	2460 	2644
f 2459 	2457 	2456
f 2391 	2379 	2385
f 2330 	2465 	2450
f 2465 	2452 	2450
f 2461 	2462 	2464
f 2380 	2391 	2389
f 2452 	2465 	2454
f 2225 	2464 	2463
f 2380 	2379 	2391
f 1450 	2541 	2373
f 2468 	2469 	2465
f 2464 	2462 	2463
f 2462 	2466 	2463
f 2331 	2468 	2465
f 2466 	2462 	2458
f 2458 	2426 	2466
f 2472 	2456 	2454
f 2431 	2430 	2463
f 2465 	2472 	2454
f 2475 	2472 	2465
f 2132 	2474 	2133
f 2476 	2475 	2465
f 2476 	2469 	2468
f 2468 	2470 	2476
f 2476 	2465 	2469
f 2421 	2424 	2447
f 2481 	2480 	2479
f 2477 	2481 	2479
f 2448 	2396 	2445
f 2253 	2481 	2247
f 2398 	2439 	2445
f 2253 	2021 	2166
f 2398 	2445 	2396
f 2482 	2425 	2447
f 2247 	2481 	2477
f 2410 	2482 	2485
f 2396 	2448 	2432
f 2447 	2485 	2482
f 2166 	2170 	2481
f 2253 	2166 	2481
f 2483 	2480 	2481
f 2444 	2484 	2429
f 2447 	2410 	2485
f 2483 	2481 	2170
f 2486 	2487 	2488
f 2489 	2445 	2490
f 1508 	1500 	2425
f 1538 	1508 	2425
f 2444 	2448 	2489
f 2425 	2482 	1538
f 2425 	2407 	2421
f 2425 	2421 	2447
f 2488 	2173 	2486
f 2174 	2491 	2173
f 2488 	2170 	2173
f 2483 	2170 	2492
f 2170 	2488 	2492
f 2175 	1259 	2181
f 2527 	2476 	2470
f 1259 	3334 	2181
f 2283 	2493 	2220
f 2486 	2491 	3333
f 2455 	2459 	2494
f 2283 	2220 	259
f 2173 	2491 	2486
f 2175 	2491 	2174
f 2175 	2181 	2491
f 2487 	2492 	2488
f 2283 	2418 	2493
f 2496 	2497 	2495
f 2492 	2480 	2483
f 2285 	2498 	2428
f 2487 	2616 	2492
f 2493 	2428 	2498
f 2616 	2480 	2492
f 2498 	2285 	2785
f 2440 	2442 	1707
f 2496 	2459 	2456
f 2220 	2493 	2498
f 1352 	2499 	2210
f 2500 	2502 	2501
f 2496 	2472 	2503
f 2390 	2437 	2393
f 2503 	2497 	2496
f 2401 	2524 	2437
f 2434 	2440 	2435
f 2434 	2505 	2440
f 2502 	2507 	2504
f 2504 	2501 	2502
f 1643 	2234 	2504
f 2456 	2472 	2496
f 2506 	2443 	2442
f 2500 	1658 	1638
f 2509 	1704 	1852
f 1852 	2506 	2509
f 2506 	2446 	2509
f 1704 	2509 	2434
f 2502 	1640 	1641
f 2505 	2434 	2509
f 2505 	2506 	2442
f 2507 	2502 	1641
f 2505 	2442 	2440
f 2506 	2505 	2446
f 2508 	2495 	2497
f 2505 	2509 	2446
f 2500 	1640 	2502
f 2507 	1641 	1643
f 2510 	2895 	2508
f 2504 	2507 	1643
f 2478 	2133 	2474
f 2511 	2513 	2512
f 2496 	2889 	2880
f 2460 	1973 	1983
f 2133 	2478 	1983
f 2478 	2460 	1983
f 1973 	2460 	2128
f 2522 	2513 	2511
f 2522 	1829 	2513
f 2494 	2496 	2880
f 2494 	2459 	2496
f 2514 	2435 	2440
f 2508 	2497 	2510
f 2515 	2451 	2534
f 2474 	2594 	2478
f 2435 	2514 	2511
f 2594 	2474 	2515
f 2515 	2474 	2451
f 2503 	2516 	2497
f 2510 	2517 	2895
f 2510 	2497 	2516
f 2516 	2520 	2897
f 2520 	2576 	2519
f 2511 	2514 	2522
f 2576 	2582 	2519
f 2897 	2517 	2516
f 2516 	2517 	2510
f 2775 	2523 	1601
f 2530 	2472 	2475
f 2472 	2532 	2575
f 2471 	2473 	2373
f 2526 	2473 	2471
f 2476 	2929 	2475
f 2470 	2327 	2527
f 1026 	1601 	2523
f 2327 	2528 	2527
f 2523 	2781 	2529
f 2473 	2526 	2596
f 1674 	1030 	2523
f 2402 	2406 	2528
f 2528 	2406 	2404
f 2783 	2529 	2781
f 2524 	2401 	2529
f 2555 	2467 	2373
f 2524 	2529 	2525
f 2525 	2529 	2783
f 2529 	2401 	2523
f 2523 	2401 	1674
f 2530 	2532 	2472
f 1852 	2533 	2443
f 1852 	2443 	2506
f 2532 	2593 	2592
f 2596 	2379 	2806
f 2532 	4280 	2593
f 2589 	2532 	2592
f 2820 	2615 	2467
f 4280 	2532 	4279
f 2594 	2534 	2638
f 2923 	2929 	2531
f 2476 	2531 	2929
f 1837 	2533 	1852
f 2445 	2551 	2490
f 2518 	2638 	2534
f 2339 	2518 	2534
f 2489 	2490 	2444
f 2466 	2426 	2431
f 2570 	3061 	2438
f 2445 	2489 	2448
f 2431 	2463 	2466
f 2537 	2538 	2329
f 2490 	2552 	2554
f 2329 	2584 	2537
f 2400 	2484 	2422
f 2379 	2380 	2806
f 2538 	2537 	2544
f 2537 	2539 	2544
f 2543 	2545 	2692
f 2153 	2538 	2544
f 2422 	2545 	2543
f 2256 	2422 	2543
f 2153 	2544 	2438
f 2570 	2438 	2544
f 2518 	2521 	2548
f 2484 	2700 	2545
f 2471 	2373 	2541
f 2471 	2549 	2526
f 2484 	2545 	2422
f 2541 	2549 	2471
f 3866 	2541 	3865
f 1450 	3865 	2541
f 2445 	2559 	2551
f 2490 	2551 	2550
f 2547 	2590 	2458
f 2553 	2444 	2490
f 2549 	2385 	2526
f 2490 	2550 	2552
f 2385 	2549 	2384
f 2596 	2526 	2385
f 2379 	2596 	2385
f 2477 	2362 	2247
f 2467 	2555 	2833
f 2555 	2373 	2473
f 2556 	2184 	2369
f 2500 	1638 	1640
f 2499 	2215 	2210
f 2553 	2554 	2601
f 2490 	2554 	2553
f 2362 	2556 	2369
f 2246 	2008 	2645
f 2559 	2550 	2551
f 2008 	2214 	2658
f 2552 	2550 	2559
f 2556 	2362 	2477
f 2561 	2214 	2499
f 2562 	2556 	2477
f 2499 	2214 	2215
f 2499 	1661 	2564
f 2436 	2438 	3061
f 2562 	2477 	2560
f 2558 	2566 	2562
f 2571 	2562 	2566
f 2568 	2569 	2567
f 2479 	2560 	2477
f 2568 	2607 	2569
f 2581 	2580 	2570
f 2570 	2539 	2581
f 2544 	2539 	2570
f 2573 	2572 	2630
f 2559 	2563 	2607
f 2329 	2585 	2584
f 2569 	2574 	2567
f 2329 	2335 	2585
f 2569 	2607 	2574
f 2563 	2574 	2607
f 2476 	2527 	2531
f 2335 	2765 	2585
f 3063 	3070 	2570
f 2528 	3898 	2531
f 2572 	2571 	2558
f 2527 	2528 	2531
f 2723 	2376 	2377
f 2834 	3898 	2528
f 2472 	2575 	2576
f 2548 	2436 	3058
f 2472 	2576 	2503
f 2576 	2520 	2516
f 2516 	2503 	2576
f 2580 	3077 	2570
f 2540 	2578 	2579
f 2546 	2578 	2577
f 2580 	3078 	3077
f 2581 	2664 	2580
f 2542 	2578 	2546
f 2576 	2583 	2582
f 2576 	2575 	2583
f 2537 	2587 	2581
f 2579 	2578 	2542
f 2664 	2587 	2665
f 2537 	2581 	2539
f 2578 	2591 	2577
f 2586 	2589 	2588
f 2589 	2586 	2575
f 2590 	2743 	2334
f 2581 	2587 	2664
f 2585 	4209 	2668
f 2547 	2577 	2591
f 2591 	2590 	2547
f 2547 	2546 	2577
f 2565 	2567 	2574
f 2534 	2594 	2515
f 2458 	2590 	2334
f 3101 	2518 	3352
f 2574 	2563 	2565
f 2548 	3352 	2518
f 2567 	2565 	2595
f 2595 	2565 	2618
f 2591 	2671 	2590
f 2559 	2568 	2552
f 2542 	2597 	2598
f 2596 	2806 	2557
f 2701 	2444 	2609
f 2552 	2600 	2601
f 2552 	2568 	2600
f 2567 	2600 	2568
f 2600 	2567 	2601
f 2833 	2555 	2557
f 2555 	2596 	2557
f 2473 	2596 	2555
f 2601 	2554 	2552
f 2599 	2598 	2603
f 2568 	2559 	2607
f 2602 	2603 	2598
f 2599 	2540 	2579
f 2542 	2598 	2579
f 2598 	2599 	2579
f 2609 	2553 	2601
f 2606 	3073 	2608
f 2601 	2613 	2609
f 2572 	2558 	2614
f 2553 	2609 	2444
f 2606 	3076 	3073
f 2572 	2614 	2630
f 2563 	2559 	2445
f 2571 	2566 	2558
f 2361 	1459 	2612
f 2558 	2562 	2560
f 2556 	2562 	2571
f 2613 	2601 	2567
f 2609 	2613 	2709
f 2560 	2614 	2558
f 2567 	2595 	2613
f 2479 	2480 	2614
f 2616 	2614 	2480
f 2239 	928 	814
f 2467 	2615 	1819
f 2560 	2479 	2614
f 2615 	1820 	1819
f 2617 	2613 	2595
f 1447 	2371 	1819
f 2617 	2595 	2618
f 2467 	1819 	2371
f 2618 	2619 	2617
f 2618 	2565 	2619
f 2487 	2621 	2616
f 2619 	816 	2617
f 2619 	2563 	1003
f 2563 	2445 	915
f 2389 	2620 	2380
f 2381 	814 	915
f 2563 	920 	1003
f 2614 	2616 	2621
f 915 	920 	2563
f 2563 	2619 	2565
f 2360 	2356 	2543
f 2633 	2614 	2621
f 2545 	2691 	2692
f 2623 	2622 	2487
f 1661 	1672 	2564
f 2631 	2268 	2269
f 2269 	2274 	2631
f 2622 	2633 	2621
f 2487 	2622 	2621
f 2708 	2561 	2564
f 1679 	1658 	2625
f 2625 	2708 	2564
f 1672 	2625 	2564
f 1840 	2746 	2533
f 2360 	2627 	2626
f 2561 	2499 	2564
f 2625 	2702 	2708
f 2500 	2501 	2625
f 2353 	2355 	2688
f 1658 	2500 	2625
f 2625 	2501 	2702
f 2360 	2626 	2359
f 2535 	2629 	2742
f 1840 	2533 	1837
f 2688 	2355 	2359
f 2443 	2446 	2536
f 2294 	2742 	2629
f 2575 	2532 	2589
f 3011 	2588 	3014
f 2589 	3014 	2588
f 2589 	2592 	3014
f 1835 	2629 	2535
f 2504 	2234 	2628
f 2593 	3014 	2592
f 2487 	2486 	2623
f 4289 	3014 	2593
f 2632 	2106 	1883
f 2632 	1884 	1888
f 1886 	1884 	2632
f 2635 	2119 	2118
f 2635 	2222 	2119
f 2635 	1904 	2637
f 2635 	1888 	1904
f 1888 	2635 	2632
f 2106 	2111 	2639
f 3101 	2594 	2638
f 2106 	2639 	1883
f 2622 	2640 	2633
f 2640 	2634 	2633
f 2641 	1620 	2644
f 2642 	2092 	2641
f 2639 	2643 	2660
f 2622 	2623 	2640
f 2259 	2631 	2703
f 2635 	2118 	2632
f 2573 	2630 	3312
f 2118 	2106 	2632
f 2630 	2614 	2633
f 2635 	2637 	2222
f 2639 	2652 	2643
f 2652 	2639 	2111
f 1834 	1069 	2294
f 2637 	2649 	2650
f 2533 	2746 	2651
f 2637 	2650 	2222
f 2650 	2224 	2222
f 2233 	2224 	2650
f 2274 	2636 	2646
f 2651 	2536 	2533
f 2274 	2646 	2698
f 2698 	2631 	2274
f 2258 	2266 	2636
f 2266 	2645 	2636
f 2652 	3762 	2653
f 2636 	2274 	2258
f 3765 	2650 	2649
f 3765 	2233 	2650
f 2654 	2736 	1841
f 2653 	2643 	2652
f 493 	2611 	2752
f 2656 	1904 	2655
f 1904 	2078 	2655
f 2246 	2645 	2266
f 2561 	2658 	2214
f 2637 	1904 	2656
f 2644 	3549 	2642
f 489 	2657 	2659
f 2656 	2649 	2637
f 490 	489 	2659
f 2639 	2660 	1910
f 2641 	2644 	2642
f 2661 	2478 	2594
f 2460 	2478 	2661
f 1892 	2789 	2662
f 2789 	1892 	1897
f 2644 	2661 	2594
f 2661 	2644 	2460
f 2789 	2669 	2662
f 2584 	2663 	2537
f 2537 	2663 	2587
f 2665 	4196 	2664
f 2663 	2668 	2667
f 2666 	1914 	2817
f 2666 	2796 	2072
f 2665 	2663 	4196
f 2072 	1914 	2666
f 2587 	2663 	2665
f 2668 	2663 	2585
f 2669 	2670 	2078
f 2585 	2663 	2584
f 2610 	2611 	2671
f 2611 	493 	2671
f 2360 	2543 	2627
f 2624 	2673 	2368
f 2673 	2624 	2677
f 2672 	2689 	2674
f 2673 	2677 	2675
f 2322 	2302 	2678
f 2677 	2679 	2675
f 2678 	2314 	2322
f 2624 	2353 	2677
f 2678 	2680 	2314
f 3293 	2184 	2647
f 2677 	2353 	2688
f 2184 	2676 	2647
f 2676 	2648 	2647
f 2647 	2648 	2682
f 2678 	2302 	2683
f 2683 	2681 	2678
f 2683 	2684 	2681
f 1841 	2535 	2654
f 2686 	2682 	2648
f 2683 	2303 	2685
f 2685 	2684 	2683
f 2687 	2682 	2686
f 2681 	2684 	2813
f 2681 	2744 	2741
f 2688 	2359 	2626
f 2731 	2729 	2689
f 2689 	2672 	2307
f 2545 	2700 	2691
f 2690 	2705 	2686
f 2676 	3305 	2694
f 2690 	2648 	2676
f 2693 	2674 	2689
f 2648 	2690 	2686
f 2693 	2737 	2740
f 2693 	2740 	2674
f 2719 	2720 	2673
f 2673 	2675 	2719
f 2627 	2543 	2692
f 2645 	2008 	2658
f 2704 	2703 	2698
f 2696 	3511 	2699
f 2697 	2696 	2699
f 2699 	2913 	2697
f 2703 	2704 	2501
f 2702 	2501 	2704
f 2484 	2444 	2701
f 2698 	2702 	2704
f 2484 	2701 	2700
f 2702 	2658 	2708
f 2698 	2658 	2702
f 2708 	2658 	2561
f 2631 	2698 	2703
f 2627 	2692 	2706
f 2691 	2706 	2692
f 2691 	2701 	2706
f 2636 	2658 	2646
f 2706 	2688 	2626
f 2646 	2658 	2698
f 2627 	2706 	2626
f 2658 	2636 	2645
f 2700 	2701 	2691
f 2703 	2501 	2504
f 2703 	2504 	2628
f 2703 	2628 	2259
f 2701 	2609 	2709
f 2389 	2395 	2710
f 2710 	3996 	2620
f 2713 	2714 	2715
f 2394 	2710 	2395
f 2716 	2711 	2712
f 2715 	3804 	2713
f 2725 	326 	2713
f 2713 	333 	2714
f 2688 	2706 	2677
f 2712 	2679 	2677
f 2714 	2721 	2715
f 2712 	2722 	2679
f 2706 	2712 	2677
f 2706 	2701 	2712
f 2722 	2719 	2675
f 2719 	2722 	2712
f 2711 	2719 	2712
f 333 	4704 	2714
f 2657 	2717 	2724
f 2711 	2720 	2719
f 2724 	2717 	2718
f 2679 	2722 	2675
f 326 	2725 	2726
f 2728 	2729 	2695
f 2680 	2728 	2695
f 2718 	2717 	2727
f 2712 	2730 	2716
f 2712 	2701 	2730
f 2731 	2689 	2307
f 2731 	2695 	2729
f 2730 	2701 	2709
f 2730 	2709 	2613
f 2316 	2695 	2731
f 2727 	2723 	2718
f 2689 	2729 	2728
f 2731 	2307 	2316
f 2732 	2723 	2727
f 2681 	2735 	2678
f 2735 	2728 	2680
f 2735 	2680 	2678
f 2733 	2728 	2735
f 2723 	2732 	2376
f 2741 	2733 	2735
f 2734 	2737 	2733
f 2737 	2693 	2733
f 2693 	2728 	2733
f 2671 	2657 	2724
f 3780 	5034 	2736
f 2671 	2659 	2657
f 490 	2659 	2671
f 2671 	493 	492
f 2735 	2681 	2741
f 2693 	2689 	2728
f 2378 	2376 	2732
f 2740 	2737 	2734
f 2654 	2535 	2742
f 2029 	2442 	2443
f 2717 	2738 	2727
f 2740 	2739 	2674
f 2446 	2443 	2533
f 2536 	2446 	2533
f 2738 	2415 	2727
f 2209 	2536 	2749
f 2732 	2727 	2415
f 2378 	2732 	2415
f 2536 	2209 	2029
f 2739 	2740 	2745
f 2029 	2443 	2536
f 2610 	2671 	2591
f 2437 	2742 	2294
f 2733 	2741 	2734
f 2734 	2745 	2740
f 2743 	2718 	2723
f 2743 	2724 	2718
f 2760 	2751 	2742
f 2743 	2590 	2671
f 2742 	2755 	2760
f 2743 	2671 	2724
f 2540 	2610 	2578
f 2603 	2610 	2599
f 1829 	2199 	2513
f 2610 	2540 	2599
f 2199 	2512 	2513
f 2512 	2199 	2279
f 2610 	2591 	2578
f 2744 	2745 	2734
f 2749 	2536 	2651
f 3804 	2748 	2725
f 2738 	2717 	2657
f 503 	2657 	489
f 326 	2726 	1355
f 1840 	2141 	2746
f 2657 	503 	2738
f 2748 	1358 	2726
f 2751 	2654 	2742
f 495 	490 	2671
f 2759 	2654 	2751
f 2747 	3805 	2750
f 495 	2671 	492
f 2441 	1501 	2750
f 2750 	2285 	2441
f 504 	2738 	503
f 2749 	2651 	2746
f 2738 	504 	2413
f 2141 	2212 	2746
f 2726 	2725 	2748
f 2749 	2746 	2212
f 2744 	2734 	2741
f 2681 	2813 	2753
f 2681 	2753 	2744
f 2857 	2745 	2753
f 2524 	2755 	2437
f 2752 	2610 	2754
f 2753 	2745 	2744
f 2755 	2742 	2437
f 2858 	2857 	2753
f 2672 	2350 	2297
f 2603 	2754 	2610
f 2603 	2602 	2754
f 2672 	2757 	2350
f 2758 	2774 	2403
f 2757 	2758 	2350
f 2350 	2758 	2403
f 2752 	2611 	2610
f 2757 	2761 	2758
f 2761 	2757 	2674
f 2762 	2761 	2739
f 2761 	2674 	2739
f 2758 	2761 	2762
f 2232 	2461 	2464
f 2758 	2762 	2767
f 2763 	2461 	2232
f 2300 	2232 	2464
f 2759 	2736 	2654
f 2672 	2674 	2757
f 2763 	2462 	2461
f 2758 	2767 	2777
f 3244 	2764 	2759
f 2759 	2764 	2736
f 2760 	2759 	2751
f 2602 	2598 	2305
f 2305 	2598 	2597
f 2547 	2763 	2766
f 2547 	2458 	2462
f 2462 	2763 	2547
f 2547 	2770 	2769
f 2767 	2762 	2771
f 2546 	2769 	2542
f 2546 	2547 	2769
f 2756 	3824 	1131
f 2305 	2328 	2602
f 2547 	2766 	2770
f 2295 	2771 	2768
f 1600 	2773 	1601
f 2295 	2308 	2771
f 2620 	2389 	2710
f 909 	2773 	1600
f 2773 	2775 	1601
f 2774 	2304 	2301
f 909 	2772 	2773
f 2758 	2777 	2774
f 2308 	2774 	2777
f 2771 	2308 	2767
f 2308 	2777 	2767
f 2774 	2308 	2304
f 2774 	2416 	2403
f 2776 	1828 	1827
f 2301 	2416 	2774
f 2776 	2707 	3972
f 2762 	2739 	2771
f 2776 	2615 	2707
f 3972 	1828 	2776
f 1358 	1355 	2726
f 2883 	2707 	2615
f 2780 	2747 	1356
f 2781 	2782 	2783
f 2748 	3829 	2780
f 2655 	2078 	2670
f 2656 	2655 	2670
f 3970 	2785 	2750
f 2750 	2785 	2285
f 2669 	2801 	2670
f 1910 	2660 	2419
f 1546 	2787 	2788
f 1546 	2790 	2787
f 1897 	2072 	2789
f 3794 	2792 	2790
f 2793 	2784 	2794
f 2801 	2669 	2789
f 2792 	2787 	2790
f 2779 	2771 	2739
f 2771 	2779 	3064
f 2779 	3130 	3064
f 2798 	2784 	2793
f 2684 	2685 	2799
f 2684 	2799 	2831
f 2845 	2795 	2787
f 1827 	1820 	2776
f 2776 	1820 	2615
f 2800 	2420 	2417
f 2845 	2787 	2792
f 3794 	2845 	2792
f 2803 	2799 	2449
f 2803 	2804 	2799
f 2797 	2804 	2803
f 2404 	2420 	2800
f 2085 	2807 	2805
f 2455 	2803 	2449
f 2807 	2085 	2811
f 2809 	2797 	2808
f 1903 	2811 	2085
f 2809 	2804 	2797
f 2812 	2808 	2797
f 2417 	2660 	2814
f 2813 	2858 	2753
f 2788 	2802 	2791
f 2786 	2798 	2793
f 1546 	2788 	2791
f 2787 	2795 	2815
f 2787 	2802 	2788
f 2815 	2802 	2787
f 2417 	2814 	2800
f 2789 	2829 	2801
f 2817 	2961 	2962
f 2821 	2819 	2818
f 2962 	2796 	2817
f 3488 	1552 	2818
f 2796 	2666 	2817
f 2822 	2818 	1552
f 2789 	2072 	2962
f 2789 	2962 	2829
f 2072 	2796 	2962
f 2818 	2822 	2821
f 2806 	2380 	2620
f 1555 	2825 	2822
f 1477 	2850 	3627
f 3871 	3872 	2824
f 2825 	2835 	2822
f 2826 	2825 	1542
f 2850 	1477 	1821
f 2826 	1540 	2791
f 2826 	2827 	2825
f 2834 	2800 	2828
f 2827 	2835 	2825
f 2814 	2828 	2800
f 2455 	2494 	2803
f 2803 	2812 	2797
f 1828 	2830 	1827
f 2799 	2306 	2449
f 3980 	2707 	4119
f 2800 	2834 	2404
f 2831 	2804 	2813
f 2813 	2804 	2809
f 2813 	2684 	2831
f 2828 	2814 	2824
f 2799 	2685 	2306
f 2831 	2799 	2804
f 2828 	2824 	3879
f 2467 	2833 	2820
f 2835 	2821 	2822
f 2910 	2835 	2827
f 2404 	2834 	2528
f 2837 	2615 	2820
f 2836 	2791 	2802
f 2836 	2826 	2791
f 2910 	2827 	2826
f 2836 	2802 	2815
f 2844 	2839 	2838
f 2840 	2915 	2819
f 2819 	2821 	2840
f 2557 	2806 	2839
f 2854 	2617 	816
f 2840 	2821 	2835
f 2613 	2617 	2854
f 2844 	2838 	2837
f 2910 	2840 	2835
f 2806 	2620 	2839
f 2842 	2370 	2841
f 2911 	2836 	2815
f 2837 	2833 	2844
f 2673 	2841 	2843
f 2847 	1089 	2842
f 1089 	1090 	2842
f 2844 	2557 	2839
f 1094 	1096 	2847
f 2833 	2557 	2844
f 2837 	2820 	2833
f 2848 	2855 	2846
f 2720 	2842 	2841
f 2848 	2846 	36
f 2853 	2842 	2711
f 36 	293 	2848
f 1712 	3627 	2849
f 1090 	3493 	1428
f 2368 	2673 	2843
f 2850 	1821 	1827
f 2854 	2847 	2842
f 2851 	2795 	2852
f 2854 	816 	1094
f 2795 	2845 	2852
f 1094 	2847 	2854
f 2853 	2854 	2842
f 2853 	2613 	2854
f 2832 	2856 	2857
f 2730 	2853 	2716
f 2813 	2809 	2858
f 2842 	2720 	2711
f 2841 	2673 	2720
f 2613 	2853 	2730
f 2786 	2996 	2859
f 2809 	2808 	2858
f 2711 	2716 	2853
f 2786 	2859 	2870
f 2858 	2860 	2857
f 2810 	2870 	2816
f 2860 	2832 	2857
f 2808 	2876 	2864
f 2860 	2858 	2864
f 2864 	2865 	2860
f 2861 	2867 	2862
f 2865 	2832 	2860
f 2867 	2869 	2868
f 2866 	2869 	2861
f 2850 	2887 	2888
f 2861 	2869 	2867
f 2837 	2883 	2615
f 2928 	2856 	2832
f 2867 	2863 	2862
f 2739 	2745 	2856
f 2856 	2928 	2739
f 2857 	2856 	2745
f 2867 	2872 	2863
f 2864 	2858 	2808
f 2867 	2868 	2872
f 2839 	2873 	2838
f 2873 	2839 	2620
f 3494 	2869 	2866
f 3497 	2868 	2869
f 2865 	2874 	2832
f 2876 	2874 	2864
f 1428 	2866 	4231
f 2865 	2864 	2874
f 2874 	2875 	2832
f 4231 	2866 	2861
f 2880 	2803 	2494
f 2881 	2808 	2812
f 2812 	2803 	2880
f 2880 	2881 	2812
f 2837 	2838 	2883
f 2888 	2887 	2871
f 2884 	2945 	2876
f 2871 	2887 	2879
f 2838 	2873 	2883
f 2830 	2850 	1827
f 2879 	2887 	2830
f 2808 	2881 	2876
f 2495 	2508 	2889
f 2508 	2895 	2889
f 2496 	2495 	2889
f 2890 	2881 	2880
f 2926 	2886 	2778
f 2899 	2850 	2888
f 2880 	2889 	2890
f 2886 	2781 	2778
f 2830 	2887 	2850
f 2890 	2876 	2881
f 2782 	2781 	2886
f 2889 	2885 	2890
f 2891 	2885 	2889
f 2883 	2873 	2707
f 2890 	2885 	2876
f 2893 	2755 	2524
f 2892 	2900 	2884
f 2873 	4119 	2707
f 2873 	4114 	4119
f 2884 	2885 	2891
f 2876 	2885 	2884
f 2900 	2919 	2884
f 2871 	2894 	2888
f 2940 	2945 	2884
f 2525 	2893 	2524
f 2894 	2605 	2606
f 2933 	2940 	2884
f 2525 	2783 	2893
f 2894 	2871 	2604
f 2889 	2895 	2891
f 2894 	2604 	2605
f 2608 	2894 	2606
f 2884 	2891 	2892
f 2900 	2892 	2891
f 2894 	3073 	2888
f 2894 	2608 	3073
f 2886 	2896 	2782
f 2897 	2895 	2517
f 2897 	2891 	2895
f 2519 	2898 	2897
f 2897 	2520 	2519
f 3474 	2612 	2849
f 3531 	2783 	2782
f 2985 	2986 	2855
f 2927 	2905 	2810
f 2905 	2784 	2798
f 2794 	2786 	2793
f 2786 	2870 	2904
f 2690 	2996 	2786
f 2967 	2851 	2852
f 2786 	2904 	2798
f 2904 	2905 	2798
f 2906 	2855 	293
f 2904 	2810 	2905
f 2904 	2870 	2810
f 2927 	2784 	2905
f 2985 	2855 	2906
f 2855 	2848 	293
f 2690 	2786 	2794
f 2690 	2794 	2705
f 2229 	2766 	2763
f 2826 	2836 	2910
f 2907 	3785 	3787
f 3891 	2542 	2769
f 2967 	2968 	2911
f 2913 	2816 	2697
f 2908 	2819 	2915
f 2914 	3151 	2909
f 2909 	2907 	2914
f 2840 	2910 	2915
f 3151 	2914 	2902
f 2705 	2916 	2686
f 2794 	2916 	2705
f 2918 	5064 	2908
f 3916 	3928 	2912
f 2897 	2900 	2891
f 2898 	2919 	2900
f 2913 	2810 	2816
f 2898 	2900 	2897
f 2933 	2884 	2919
f 2925 	2921 	2784
f 2764 	2922 	2920
f 2916 	2794 	2784
f 2916 	2784 	2921
f 3003 	3004 	2924
f 3780 	2736 	2920
f 2945 	3003 	2924
f 3658 	2925 	2913
f 2764 	2920 	2736
f 2925 	2810 	2913
f 2923 	2928 	2832
f 4324 	2923 	2531
f 2925 	2784 	2927
f 2530 	2475 	2929
f 2832 	2875 	2929
f 4046 	2921 	3658
f 2832 	2929 	2923
f 2921 	2925 	3658
f 4226 	2928 	2923
f 2928 	2779 	2739
f 2925 	2927 	2810
f 3907 	2943 	2937
f 2874 	2876 	2945
f 2945 	2924 	2875
f 2874 	2945 	2875
f 2935 	2898 	2519
f 2933 	2898 	2935
f 2935 	2940 	2933
f 2834 	3907 	2934
f 2898 	2933 	2919
f 2519 	2582 	2935
f 2938 	2934 	2937
f 2941 	2696 	2697
f 2943 	2938 	2937
f 2938 	2943 	2931
f 2947 	2939 	2944
f 2945 	2951 	3003
f 2948 	2946 	2829
f 2696 	2941 	2944
f 2955 	2948 	2949
f 2944 	2936 	2696
f 3951 	2949 	2948
f 2945 	2942 	2951
f 2963 	2950 	2912
f 2602 	2950 	2963
f 2602 	2328 	2950
f 2951 	2942 	2953
f 2945 	2940 	2942
f 3916 	2950 	2952
f 2935 	2953 	2940
f 3918 	2952 	2328
f 2823 	2946 	3874
f 2944 	2939 	2936
f 2949 	2931 	2930
f 2953 	2942 	2940
f 2946 	2948 	2955
f 2953 	2935 	2582
f 2930 	2955 	2949
f 2582 	2583 	2953
f 3951 	2931 	2949
f 2951 	2953 	2956
f 2956 	2954 	2951
f 2946 	3962 	3874
f 2801 	2829 	2946
f 2801 	2946 	2670
f 2328 	2952 	2950
f 2946 	2823 	2670
f 2836 	2957 	2910
f 2911 	2957 	2836
f 2964 	2915 	2910
f 2912 	2959 	2963
f 2964 	2910 	2999
f 2964 	2918 	2915
f 2960 	2963 	2959
f 2962 	2948 	2829
f 2908 	2915 	2918
f 2962 	2966 	2948
f 2958 	2960 	2965
f 2963 	2960 	2958
f 2961 	2966 	2962
f 2851 	2911 	2795
f 2965 	2960 	3987
f 2911 	2851 	2967
f 2852 	2903 	2967
f 2968 	2967 	2903
f 2969 	715 	2971
f 2817 	1914 	2805
f 2963 	2969 	2754
f 2817 	2805 	2970
f 2963 	2958 	2969
f 2963 	2754 	2602
f 2971 	2752 	2754
f 2971 	493 	2752
f 2807 	2973 	2970
f 2795 	2911 	2815
f 2975 	2970 	2973
f 2971 	2754 	2969
f 713 	715 	2969
f 2805 	2807 	2970
f 556 	493 	2971
f 2972 	2846 	2855
f 2958 	713 	2969
f 2958 	2965 	713
f 2972 	2845 	2846
f 926 	970 	2974
f 975 	926 	2974
f 2972 	2993 	2976
f 966 	2974 	970
f 2979 	2974 	966
f 2975 	3124 	3127
f 2852 	2978 	2903
f 2977 	2974 	2979
f 2979 	2987 	2977
f 2978 	2852 	2972
f 912 	2980 	895
f 2972 	2976 	2978
f 2972 	2852 	2845
f 2981 	2989 	2979
f 2906 	2220 	2985
f 2989 	2987 	2979
f 2903 	3027 	2968
f 2961 	2817 	2983
f 2903 	2978 	3027
f 2982 	2984 	2983
f 2983 	2817 	2982
f 3027 	2978 	2976
f 2981 	3006 	2989
f 2220 	2498 	2985
f 2498 	2785 	2985
f 2986 	3045 	2988
f 2984 	2982 	3001
f 2989 	3006 	2987
f 2970 	2990 	2817
f 2986 	2988 	2855
f 2995 	3085 	2994
f 2988 	2992 	2993
f 2988 	3045 	2992
f 2995 	3081 	3085
f 2988 	2993 	2972
f 2996 	2690 	2676
f 2990 	2970 	2994
f 2988 	2972 	2855
f 2970 	2997 	2994
f 2694 	2996 	2676
f 2697 	2816 	2941
f 2975 	2997 	2970
f 2996 	2694 	3087
f 2986 	2985 	2785
f 2996 	3087 	3096
f 2990 	2982 	2817
f 2953 	2586 	2956
f 2991 	2977 	2987
f 2575 	2586 	2953
f 2991 	2987 	3006
f 2586 	2588 	2956
f 2583 	2575 	2953
f 3005 	3002 	2882
f 2954 	3009 	3003
f 2991 	3007 	3008
f 3567 	421 	3005
f 3010 	3003 	3009
f 426 	2877 	3002
f 2878 	2882 	3002
f 2954 	3003 	2951
f 2878 	3002 	2877
f 2956 	2588 	3011
f 3011 	2954 	2956
f 426 	3005 	421
f 3005 	426 	3002
f 3011 	3009 	2954
f 2901 	3012 	2899
f 4265 	4277 	2878
f 3009 	3013 	3010
f 2901 	3545 	3548
f 3016 	3017 	3025
f 3018 	2366 	2612
f 3019 	3015 	3020
f 3474 	3018 	2612
f 2999 	3178 	2918
f 3015 	3021 	3020
f 2918 	2964 	2999
f 2941 	2816 	2998
f 3024 	3019 	3020
f 2957 	3023 	2910
f 2910 	3023 	2999
f 3025 	3024 	3020
f 3028 	3116 	2941
f 2998 	2859 	3098
f 3028 	3029 	3116
f 3017 	3024 	3025
f 2976 	2993 	3026
f 2941 	2998 	3028
f 3024 	3017 	4368
f 3098 	3029 	2998
f 2998 	3029 	3028
f 2968 	3027 	3030
f 3030 	2911 	2968
f 3035 	3036 	3031
f 3030 	3034 	3033
f 3030 	3033 	2911
f 3027 	2976 	3026
f 3032 	3031 	3036
f 2957 	2911 	3033
f 3033 	3092 	2957
f 2957 	3092 	3023
f 3039 	3040 	3038
f 3041 	3026 	3038
f 2878 	3037 	3044
f 3040 	3041 	3038
f 3038 	3099 	3120
f 3038 	3120 	3114
f 3038 	3045 	3108
f 3109 	3099 	3038
f 3038 	3108 	3109
f 3026 	3041 	3027
f 3041 	3030 	3027
f 3043 	3820 	3042
f 3038 	3026 	2992
f 3026 	2993 	2992
f 3038 	2992 	3045
f 3010 	3004 	3003
f 3047 	3010 	3013
f 3004 	3010 	3047
f 3014 	3009 	3011
f 3014 	3013 	3009
f 3014 	3047 	3013
f 3053 	3050 	3052
f 3049 	3052 	3050
f 3048 	3053 	3052
f 3051 	3006 	2981
f 3513 	2991 	3006
f 2981 	3449 	3051
f 3050 	3053 	3048
f 3044 	3066 	2882
f 3052 	3057 	3048
f 3056 	3048 	3057
f 3055 	3056 	3057
f 3176 	3056 	3055
f 3048 	3056 	3050
f 2878 	3044 	2882
f 3046 	3742 	3714
f 3020 	3021 	3060
f 3060 	3025 	3020
f 3044 	3213 	3066
f 3064 	3065 	2768
f 3065 	2765 	2768
f 2870 	2998 	2816
f 2585 	2765 	3065
f 2859 	2998 	2870
f 3231 	3049 	3176
f 2585 	3065 	3079
f 3071 	3067 	2364
f 3068 	3069 	3066
f 2570 	3070 	3061
f 3072 	3126 	3058
f 2436 	3072 	3058
f 2899 	2888 	3073
f 3074 	3575 	2920
f 3061 	3072 	2436
f 2926 	3572 	3074
f 3126 	3072 	3061
f 3064 	2768 	2771
f 2570 	3077 	3063
f 3480 	3073 	3076
f 2982 	3000 	3001
f 3076 	3263 	3480
f 3342 	3063 	3077
f 2990 	3091 	3000
f 3077 	3078 	3342
f 3000 	2982 	2990
f 4209 	3079 	4216
f 3079 	4209 	2585
f 2886 	2926 	3074
f 4754 	4216 	3079
f 3273 	3082 	3274
f 3080 	3274 	3082
f 2778 	2423 	2926
f 3084 	3040 	3059
f 3039 	3617 	3059
f 3040 	3039 	3059
f 3059 	3644 	3086
f 3084 	3059 	3086
f 3087 	3093 	3090
f 3084 	3086 	3094
f 4126 	3085 	3451
f 3084 	3094 	3092
f 3091 	3085 	3097
f 2996 	3096 	3098
f 3416 	3022 	3094
f 3034 	3041 	3092
f 3103 	3097 	3095
f 3092 	3041 	3084
f 3041 	3040 	3084
f 3034 	3092 	3033
f 3041 	3034 	3030
f 3092 	3094 	3022
f 3091 	2994 	3085
f 3022 	3023 	3092
f 3090 	3096 	3087
f 2994 	3091 	2990
f 3102 	3000 	3091
f 3097 	3102 	3091
f 3102 	3103 	3104
f 3097 	3103 	3102
f 2638 	2518 	3101
f 3105 	3100 	3062
f 3106 	2099 	1872
f 3096 	3090 	3134
f 3106 	2092 	2094
f 3098 	3096 	3107
f 2094 	3121 	3106
f 3096 	3134 	3107
f 3106 	2811 	2097
f 3106 	2097 	2099
f 3108 	3045 	2986
f 3134 	3136 	3107
f 2094 	2642 	3121
f 3111 	3112 	3110
f 3109 	3108 	3970
f 3112 	3117 	3110
f 3038 	3114 	3115
f 3118 	3113 	3110
f 3115 	3039 	3038
f 3110 	3117 	3118
f 3117 	3119 	3118
f 3058 	3352 	2548
f 3121 	3112 	3111
f 3106 	3121 	3111
f 3064 	3122 	3065
f 3123 	3111 	3110
f 4358 	3341 	3065
f 2973 	3123 	3110
f 3341 	3079 	3065
f 2973 	3110 	3113
f 3183 	2944 	3116
f 3065 	3122 	4358
f 3123 	2973 	2807
f 3184 	3183 	3029
f 2811 	3123 	2807
f 2811 	3106 	3123
f 3111 	3123 	3106
f 2996 	3098 	2859
f 2973 	3113 	3124
f 3061 	3070 	3133
f 3125 	3093 	3087
f 3124 	2975 	2973
f 2997 	3128 	3319
f 3061 	3133 	3126
f 3126 	3133 	3135
f 3124 	3128 	3127
f 2997 	2975 	3127
f 3127 	3128 	2997
f 3129 	3131 	3307
f 3129 	3132 	3131
f 3122 	3064 	3130
f 3070 	3063 	3133
f 3402 	3132 	3738
f 3240 	3135 	3133
f 3074 	2922 	3075
f 3074 	2920 	2922
f 3134 	3138 	3136
f 2886 	3075 	2896
f 3075 	2886 	3074
f 3145 	3146 	3100
f 3142 	3144 	3143
f 3145 	3100 	3366
f 3142 	4297 	3147
f 3142 	3147 	3144
f 3100 	3146 	3062
f 3166 	3146 	3153
f 3147 	4297 	3149
f 3150 	3151 	3148
f 3149 	4303 	3140
f 3149 	3140 	3141
f 3152 	3150 	3253
f 3146 	3154 	3153
f 3151 	2902 	3148
f 2760 	2755 	3156
f 3086 	3644 	3155
f 2893 	3156 	2755
f 3784 	3156 	2917
f 3157 	3153 	3154
f 3083 	3431 	3235
f 2604 	3080 	2605
f 3164 	3159 	3161
f 3159 	3162 	3161
f 3158 	3157 	3160
f 2606 	2605 	3080
f 3157 	3154 	3160
f 3151 	3150 	3161
f 3261 	3159 	3164
f 3082 	2606 	3080
f 3152 	3261 	3164
f 3164 	3150 	3152
f 3164 	3161 	3150
f 3062 	3166 	3167
f 3152 	3253 	3261
f 2907 	3170 	3162
f 3062 	3167 	3171
f 2907 	2909 	3170
f 3168 	3165 	3169
f 3166 	3172 	3171
f 3151 	3161 	3162
f 3171 	3167 	3166
f 3062 	3146 	3166
f 3225 	3165 	3168
f 3153 	3172 	3166
f 3162 	3170 	3151
f 3173 	3175 	3168
f 2909 	3151 	3170
f 3171 	3105 	3062
f 3172 	979 	3177
f 3172 	3177 	3171
f 3105 	3171 	3177
f 3049 	3050 	3176
f 3050 	3056 	3176
f 3107 	3136 	3179
f 3138 	3139 	3179
f 3179 	3136 	3138
f 3107 	3179 	3098
f 3066 	3069 	3646
f 3098 	3179 	3139
f 3068 	3176 	3069
f 3197 	2999 	3300
f 3231 	3176 	3343
f 3068 	3343 	3176
f 3066 	3646 	2882
f 3178 	2999 	3197
f 3116 	2944 	2941
f 3181 	3032 	3036
f 3180 	3182 	3311
f 3213 	3044 	3215
f 2944 	3183 	2947
f 3185 	3186 	3187
f 5077 	3188 	3180
f 3311 	5077 	3180
f 3188 	3191 	3180
f 3184 	3139 	3189
f 3184 	3189 	3183
f 3183 	3189 	2947
f 3116 	3029 	3183
f 3052 	3186 	3185
f 3057 	3052 	3190
f 3057 	3190 	3055
f 975 	3163 	979
f 3190 	3052 	3185
f 5079 	3191 	5075
f 983 	979 	3172
f 3201 	3202 	3191
f 3052 	3049 	3186
f 3191 	3202 	3193
f 3271 	983 	3172
f 3194 	3105 	3177
f 3194 	3177 	979
f 3288 	3180 	3191
f 3163 	3194 	979
f 3178 	3206 	5064
f 3196 	3146 	3145
f 3145 	3198 	3196
f 3207 	3206 	3197
f 1934 	3145 	3366
f 3105 	3366 	3100
f 3196 	3198 	3269
f 3160 	3154 	3196
f 3154 	3146 	3196
f 3105 	3248 	3242
f 3035 	3195 	3036
f 3242 	3366 	3105
f 3198 	3145 	1934
f 3209 	3185 	3349
f 3353 	3349 	3185
f 3246 	3205 	3245
f 3185 	3209 	3210
f 3349 	3208 	3209
f 3205 	3163 	2977
f 3246 	3163 	3205
f 3201 	3212 	3211
f 3211 	3202 	3201
f 3210 	3209 	3199
f 3420 	3202 	3211
f 3209 	3200 	3199
f 3861 	3189 	3192
f 3098 	3139 	3184
f 3184 	3029 	3098
f 3190 	3185 	3210
f 3212 	3201 	3207
f 3190 	3210 	3199
f 3181 	3036 	3204
f 3036 	3195 	3204
f 3204 	3217 	3181
f 3207 	3197 	3212
f 3200 	3190 	3199
f 3178 	3197 	3206
f 3190 	3200 	3055
f 3090 	3093 	3921
f 3174 	3233 	3083
f 3218 	3219 	3220
f 3220 	3219 	3221
f 3222 	3221 	3219
f 3090 	3921 	3134
f 3222 	3219 	3223
f 3173 	3168 	3224
f 3216 	3219 	3218
f 3219 	3226 	3227
f 3219 	3227 	3223
f 3228 	3229 	3219
f 3216 	3228 	3219
f 3225 	3168 	3175
f 2280 	2647 	2682
f 3228 	3220 	3229
f 3218 	3220 	3228
f 3231 	3229 	3220
f 3174 	3225 	3175
f 3230 	2282 	2280
f 3226 	3231 	3220
f 3221 	3222 	3220
f 3226 	3220 	3222
f 3226 	3222 	3227
f 2275 	2282 	3230
f 3224 	3168 	3169
f 3218 	3220 	3221
f 3223 	3227 	3222
f 2280 	2682 	3230
f 3224 	3169 	3431
f 3228 	3216 	3218
f 3223 	3216 	3222
f 3221 	3216 	3218
f 3222 	3216 	3221
f 3173 	3224 	3431
f 2682 	3232 	3230
f 3227 	3213 	3223
f 3226 	3213 	3227
f 3216 	3066 	3228
f 3233 	3174 	3175
f 3217 	3216 	3215
f 3083 	3173 	3431
f 3233 	3175 	3173
f 3230 	3232 	3234
f 3083 	3233 	3173
f 3221 	3220 	3236
f 3230 	3234 	2275
f 3280 	3174 	3083
f 3236 	3187 	3221
f 3222 	3221 	3187
f 2346 	3237 	2347
f 2347 	850 	2338
f 3223 	3222 	3186
f 3187 	3186 	3222
f 3239 	850 	2347
f 3239 	2347 	3237
f 3216 	3358 	3218
f 3140 	3130 	3141
f 3238 	1942 	3237
f 3226 	3186 	3049
f 3227 	3186 	3226
f 3223 	3186 	3227
f 3216 	3228 	3068
f 3229 	3068 	3228
f 3226 	3219 	3231
f 2893 	2917 	3156
f 3256 	2759 	2760
f 3243 	3144 	3147
f 3240 	3143 	3144
f 3240 	3144 	3243
f 3240 	3243 	3135
f 3241 	2764 	3244
f 3135 	3243 	3251
f 2764 	3241 	2922
f 3250 	3240 	3133
f 3133 	3063 	3250
f 3246 	3248 	3105
f 3253 	3249 	3247
f 3289 	3244 	3256
f 3241 	3075 	2922
f 3194 	3163 	3246
f 3243 	4431 	3251
f 3194 	3246 	3105
f 3248 	3246 	3257
f 3245 	3257 	3246
f 4431 	3355 	3252
f 4431 	4437 	3355
f 3256 	3244 	2759
f 4431 	3252 	3251
f 3355 	3357 	3255
f 3255 	3252 	3355
f 3248 	3254 	3242
f 3135 	3251 	3255
f 3252 	3255 	3251
f 3126 	3135 	3255
f 3260 	3076 	2606
f 2606 	3082 	3260
f 3245 	3262 	3257
f 3254 	3248 	3257
f 3258 	3159 	3261
f 3254 	3262 	3264
f 3076 	3266 	3263
f 3257 	3262 	3254
f 3266 	3076 	3260
f 3260 	3436 	3266
f 3261 	3253 	3247
f 3262 	3267 	3268
f 3262 	3268 	3264
f 3267 	3388 	3268
f 3269 	1934 	1946
f 2760 	3265 	3256
f 3196 	3269 	3272
f 2896 	3075 	3270
f 3269 	3198 	1934
f 3196 	3272 	3160
f 3272 	3269 	1950
f 1950 	933 	3272
f 3272 	3287 	3281
f 3273 	3259 	3260
f 3158 	3272 	3281
f 3158 	3160 	3272
f 3277 	3271 	3153
f 3277 	3153 	3157
f 3275 	3259 	3273
f 3271 	3172 	3153
f 3150 	3148 	3276
f 3277 	3157 	3279
f 3157 	3158 	3279
f 3279 	3158 	3281
f 3270 	3075 	3735
f 2907 	3789 	3785
f 933 	3287 	3272
f 3282 	3280 	3283
f 4223 	3174 	3282
f 3282 	3174 	3280
f 2907 	3258 	3789
f 3271 	722 	1079
f 722 	735 	1079
f 3159 	3258 	2907
f 3162 	3159 	2907
f 722 	3271 	3277
f 3156 	3418 	2760
f 3275 	3283 	3280
f 3277 	3279 	722
f 3075 	3241 	3735
f 722 	3279 	3281
f 933 	841 	3287
f 3238 	2276 	3234
f 3214 	3022 	3416
f 3237 	1941 	3239
f 3286 	3381 	3298
f 3288 	3290 	3291
f 1941 	850 	3239
f 3291 	3292 	3288
f 2184 	3293 	2408
f 3288 	3294 	3180
f 3289 	3241 	3244
f 3294 	3182 	3180
f 3288 	3292 	3294
f 3191 	3203 	3288
f 3203 	3290 	3288
f 2682 	3296 	3232
f 3295 	3292 	3291
f 3232 	3296 	3297
f 3285 	3286 	3298
f 3295 	3294 	3292
f 395 	3297 	3296
f 3297 	3234 	3232
f 3297 	1942 	3238
f 3238 	3234 	3297
f 2682 	2687 	3296
f 2999 	3023 	3214
f 3022 	3214 	3023
f 3247 	3249 	3299
f 3276 	3299 	3249
f 3486 	3300 	3214
f 1942 	3297 	393
f 3214 	3300 	2999
f 3300 	3486 	3197
f 3289 	3285 	3735
f 404 	3302 	3301
f 191 	3303 	3304
f 3316 	3304 	3303
f 3285 	3298 	3735
f 2184 	3305 	2676
f 3119 	3137 	3118
f 2556 	3305 	2184
f 2556 	2571 	3305
f 2571 	3308 	3305
f 195 	3304 	335
f 3131 	3309 	3307
f 3314 	3129 	3307
f 3310 	3305 	3308
f 2573 	3312 	2572
f 3309 	3137 	3119
f 194 	195 	3311
f 3313 	3125 	3087
f 3125 	3313 	4124
f 3303 	191 	3311
f 3119 	3307 	3309
f 3302 	3087 	2694
f 3316 	3306 	3304
f 5077 	3311 	197
f 4124 	3313 	435
f 3119 	3314 	3307
f 3302 	2694 	3305
f 3118 	3137 	3113
f 3313 	3302 	435
f 3309 	3403 	3137
f 3301 	3302 	3310
f 3303 	3315 	3316
f 3129 	3317 	3132
f 3312 	3301 	3310
f 3725 	3317 	3129
f 3312 	3310 	3308
f 3302 	3305 	3310
f 2994 	2997 	3379
f 3315 	3390 	3325
f 3312 	3308 	2571
f 3379 	2997 	3319
f 3315 	3325 	3320
f 3312 	2571 	2572
f 3302 	3313 	3087
f 3327 	3379 	3324
f 3328 	3312 	2630
f 2633 	2634 	3328
f 3322 	3319 	3331
f 2633 	3328 	2630
f 3319 	3321 	3331
f 3328 	2634 	3312
f 3312 	2634 	3359
f 3331 	3321 	3322
f 3124 	3321 	3319
f 3326 	3390 	3182
f 3332 	3333 	3334
f 3334 	2491 	2181
f 3323 	3329 	3324
f 3327 	3324 	3329
f 3382 	3325 	3326
f 3323 	3330 	3329
f 1260 	3332 	3334
f 3319 	3128 	3124
f 3390 	3311 	3182
f 3333 	2491 	3334
f 3303 	3391 	3315
f 3315 	3320 	3318
f 3320 	3325 	3318
f 3335 	3337 	3336
f 3330 	3323 	3339
f 3397 	3389 	3339
f 3339 	3389 	3330
f 2623 	3383 	3340
f 3321 	3579 	3322
f 3226 	3049 	3231
f 3068 	3066 	3216
f 3383 	2623 	3337
f 3250 	3063 	3342
f 3219 	3343 	3231
f 3219 	3229 	3343
f 3342 	4468 	3250
f 3229 	3231 	3343
f 3216 	3223 	3213
f 3213 	3226 	3231
f 3213 	3231 	3343
f 3343 	3066 	3213
f 3229 	3228 	3066
f 3343 	3229 	3066
f 3215 	3216 	3213
f 3217 	3215 	3181
f 3343 	3068 	3229
f 2640 	2623 	3340
f 3336 	3337 	2623
f 1270 	1432 	3338
f 3217 	3204 	3344
f 3341 	4459 	3079
f 3345 	3466 	2594
f 3338 	3356 	3337
f 3338 	3337 	3335
f 3348 	3349 	3347
f 3351 	3336 	2623
f 3376 	3350 	3101
f 2486 	3351 	2623
f 3349 	3348 	3208
f 2486 	3333 	3351
f 3338 	3354 	1270
f 3354 	3338 	3335
f 3354 	1275 	1270
f 3352 	3126 	3255
f 3332 	1260 	1274
f 3354 	3335 	3336
f 3058 	3126 	3352
f 3354 	3351 	3333
f 3336 	3351 	3354
f 3551 	3345 	3350
f 3332 	3354 	3333
f 3204 	3195 	3346
f 3101 	3350 	3345
f 3345 	2594 	3101
f 1274 	3354 	3332
f 1274 	1275 	3354
f 3353 	3185 	3187
f 3346 	3344 	3204
f 3356 	3338 	1432
f 3344 	3216 	3217
f 1432 	1440 	3356
f 3358 	3344 	3346
f 3358 	3346 	3347
f 3347 	3349 	3358
f 3220 	3218 	3358
f 3236 	3220 	3358
f 3287 	841 	722
f 3376 	3357 	3355
f 3344 	3358 	3216
f 722 	3281 	3287
f 3352 	3255 	3357
f 3271 	1079 	1078
f 3163 	2974 	2977
f 3353 	3236 	3358
f 3353 	3187 	3236
f 3353 	3358 	3349
f 3205 	2977 	2991
f 3016 	3025 	3406
f 3069 	3176 	3363
f 3245 	3364 	3262
f 2974 	3163 	975
f 3200 	3365 	3363
f 3055 	3200 	3363
f 3366 	1937 	1934
f 3055 	3363 	3176
f 3350 	3362 	3361
f 3364 	3447 	3262
f 3362 	3350 	3368
f 3361 	3551 	3350
f 3369 	3370 	3405
f 3372 	3405 	3370
f 3350 	3376 	3368
f 3242 	1938 	3366
f 3373 	3362 	3368
f 3452 	3376 	3377
f 3375 	3363 	3374
f 3376 	3101 	3352
f 3357 	3376 	3352
f 3242 	3378 	1938
f 3359 	3407 	3360
f 3387 	3371 	2463
f 3322 	3579 	3324
f 3322 	3324 	3379
f 2634 	3380 	3359
f 3379 	3319 	3322
f 2634 	2640 	3380
f 1938 	1937 	3366
f 3242 	3254 	3378
f 3340 	3384 	3410
f 3337 	3392 	3383
f 2995 	2994 	3379
f 3380 	3340 	3410
f 2640 	3340 	3380
f 3286 	3400 	3381
f 3714 	3371 	3387
f 3264 	3378 	3254
f 3378 	3264 	3268
f 3387 	2463 	1943
f 3394 	3386 	3392
f 3387 	1943 	3388
f 3387 	3388 	3267
f 3299 	3400 	3247
f 3385 	3384 	3383
f 3381 	3400 	3299
f 3411 	3315 	3318
f 3392 	3386 	3385
f 3381 	3299 	3276
f 3315 	3391 	3390
f 3326 	3325 	3390
f 3390 	3391 	3311
f 3381 	3276 	3741
f 3383 	3384 	3340
f 3741 	3298 	3381
f 3393 	3394 	3356
f 3329 	3389 	3379
f 3379 	3327 	3329
f 3356 	3394 	3337
f 3326 	3182 	3382
f 3394 	3392 	3337
f 3325 	3382 	3318
f 3356 	1440 	3396
f 3182 	3294 	3382
f 3253 	3150 	3276
f 3396 	3393 	3356
f 3397 	3395 	3463
f 3329 	3330 	3389
f 3253 	3276 	3249
f 3303 	3311 	3391
f 3339 	3395 	3397
f 3411 	3316 	3315
f 3389 	3397 	3463
f 3392 	3385 	3383
f 3386 	3394 	3398
f 3306 	335 	3304
f 3393 	3398 	3394
f 1440 	1442 	3401
f 3578 	3113 	3137
f 3306 	3576 	335
f 3402 	3403 	3309
f 3401 	3396 	1440
f 3396 	3401 	3398
f 3396 	3398 	3393
f 3374 	3405 	3372
f 3309 	3131 	3402
f 3131 	3132 	3402
f 3365 	3374 	3363
f 3306 	3411 	3404
f 3060 	3406 	3025
f 3404 	3576 	3306
f 3060 	3648 	3406
f 3411 	3306 	3316
f 3406 	3408 	3016
f 3399 	3400 	3286
f 3399 	3286 	3285
f 3410 	3407 	3359
f 3408 	3406 	3664
f 3359 	3380 	3410
f 3408 	3664 	4106
f 3429 	3247 	3400
f 3382 	3411 	3318
f 3410 	3384 	3407
f 3295 	3411 	3294
f 3411 	3382 	3294
f 3413 	3411 	3295
f 3535 	3411 	3413
f 3042 	3414 	3195
f 3403 	3432 	3137
f 3402 	3415 	3403
f 3086 	3155 	3416
f 3094 	3086 	3416
f 3282 	3283 	3284
f 3289 	3399 	3285
f 3416 	3155 	3604
f 3280 	3278 	3275
f 3156 	3784 	3418
f 3417 	3405 	3419
f 3420 	3193 	3202
f 3405 	3417 	3369
f 3420 	3421 	3193
f 3280 	3083 	3278
f 3423 	3421 	3420
f 3432 	3403 	3415
f 3080 	4254 	3274
f 3275 	3273 	3274
f 3422 	3420 	3211
f 3211 	3212 	3422
f 3283 	3274 	3284
f 3274 	3283 	3275
f 3260 	3082 	3273
f 3422 	3423 	3420
f 3083 	3235 	3278
f 3442 	3443 	3263
f 3422 	3212 	3197
f 3434 	3425 	3428
f 3426 	3258 	3429
f 3428 	3415 	3434
f 3400 	3459 	3429
f 3193 	3421 	3191
f 3203 	3191 	3421
f 3433 	3374 	3365
f 3200 	3209 	3424
f 3415 	3402 	3434
f 3433 	3424 	3419
f 3374 	3433 	3419
f 3378 	3268 	3388
f 3419 	3405 	3374
f 3433 	3200 	3424
f 3278 	3431 	3436
f 3348 	3424 	3208
f 3278 	3235 	3431
f 3424 	3209 	3208
f 3414 	3346 	3195
f 3205 	2991 	3437
f 3435 	3266 	3436
f 3042 	3479 	3414
f 3436 	3259 	3438
f 3365 	3200 	3433
f 3195 	3035 	3042
f 3440 	3441 	3434
f 3447 	3046 	3714
f 3440 	3434 	3591
f 3714 	3262 	3447
f 3435 	3263 	3266
f 3259 	3436 	3260
f 3441 	3440 	3439
f 3245 	3205 	3437
f 3441 	3439 	3425
f 2991 	3008 	3446
f 3258 	3426 	3430
f 3046 	3447 	3446
f 3434 	3441 	3425
f 3008 	3054 	3446
f 3446 	3054 	3046
f 3446 	3437 	2991
f 3364 	3437 	3446
f 3364 	3446 	3447
f 3418 	3430 	3426
f 3364 	3245 	3437
f 3578 	3137 	3432
f 3429 	3258 	3261
f 3611 	3432 	3425
f 3448 	3449 	2981
f 3415 	3428 	3432
f 3425 	3432 	3428
f 3448 	2981 	2980
f 3448 	2980 	1082
f 3444 	3369 	3445
f 3247 	3429 	3261
f 3456 	3289 	3256
f 3265 	3457 	3456
f 3085 	3081 	3451
f 3256 	3265 	3456
f 3418 	3265 	2760
f 3462 	3458 	3452
f 3450 	3452 	3458
f 3457 	3418 	3426
f 402 	3925 	3454
f 3289 	3456 	3399
f 3925 	3448 	3454
f 3456 	3457 	3399
f 3485 	3089 	3088
f 3400 	3399 	3459
f 1082 	3454 	3448
f 3459 	3457 	3426
f 4482 	4633 	3458
f 4632 	3458 	4633
f 3089 	3389 	3088
f 3457 	3459 	3399
f 3452 	3367 	3373
f 3265 	3418 	3457
f 3452 	3450 	3367
f 3461 	3444 	3445
f 3426 	3429 	3459
f 3450 	3453 	3367
f 3089 	3451 	3389
f 3452 	3373 	3368
f 3368 	3376 	3452
f 3081 	3389 	3451
f 3462 	3377 	3464
f 3275 	3278 	3436
f 3458 	3462 	3464
f 3445 	3369 	3417
f 3623 	3435 	3169
f 3452 	3377 	3462
f 3348 	3455 	3424
f 3445 	3467 	3461
f 3469 	2896 	3468
f 3427 	3442 	3435
f 3435 	3623 	3427
f 2644 	3466 	3549
f 3435 	3436 	3431
f 2594 	3466 	2644
f 3467 	3445 	3455
f 3435 	3431 	3169
f 3348 	3467 	3455
f 3471 	3121 	2642
f 3442 	3263 	3435
f 3259 	3275 	3438
f 3275 	3436 	3438
f 3475 	3476 	3477
f 3467 	3348 	3347
f 3414 	3479 	3346
f 3480 	2899 	3073
f 3477 	3117 	3112
f 3455 	3445 	3417
f 3263 	2901 	3480
f 3419 	3455 	3417
f 3476 	3117 	3477
f 2901 	2899 	3480
f 3117 	3476 	3119
f 3455 	3419 	3424
f 3482 	3475 	3477
f 3479 	3467 	3347
f 3465 	3461 	3479
f 3461 	3467 	3479
f 3479 	3347 	3346
f 3345 	3475 	3482
f 4042 	3465 	3479
f 3345 	3550 	3475
f 3600 	3474 	2849
f 3409 	3384 	3385
f 2872 	3484 	3637
f 3412 	3386 	3398
f 3385 	3386 	3409
f 3409 	3386 	3412
f 3470 	3468 	2896
f 3416 	3481 	3486
f 3088 	3463 	3485
f 3470 	3606 	3468
f 3214 	3416 	3486
f 3481 	3197 	3486
f 3469 	2782 	2896
f 3469 	3531 	2782
f 3088 	3389 	3463
f 3081 	2995 	3379
f 2914 	3468 	2902
f 3379 	3389 	3081
f 3323 	3579 	3339
f 2902 	3468 	3606
f 3606 	3148 	2902
f 3323 	3324 	3579
f 3407 	3384 	3409
f 3409 	4853 	3360
f 3409 	3360 	3407
f 2872 	3637 	2863
f 3499 	3637 	3484
f 3490 	4126 	3451
f 3412 	3491 	4864
f 3499 	3484 	3504
f 3398 	3491 	3412
f 3484 	2872 	2868
f 3484 	2868 	3497
f 3488 	4864 	3491
f 3401 	1442 	3488
f 3494 	1428 	3493
f 3398 	3401 	3491
f 3493 	3505 	3494
f 3401 	3488 	3491
f 1442 	1552 	3488
f 3637 	3499 	3510
f 1563 	1562 	3500
f 3496 	1563 	3500
f 3504 	3484 	3497
f 2869 	3494 	3497
f 324 	1563 	3501
f 3494 	2866 	1428
f 397 	3503 	3496
f 3492 	3495 	3502
f 3492 	3502 	3506
f 1563 	3496 	3503
f 3496 	3500 	393
f 1942 	393 	3500
f 3503 	3501 	1563
f 2357 	3501 	3503
f 3508 	3498 	3492
f 3496 	393 	397
f 3506 	3508 	3492
f 324 	3501 	2357
f 3509 	2687 	2686
f 3579 	3507 	3339
f 3494 	3505 	3497
f 3497 	3505 	3504
f 3499 	3561 	3510
f 3509 	3296 	2687
f 3339 	3507 	3395
f 3510 	1297 	1298
f 3506 	3502 	3490
f 2696 	3526 	3511
f 3489 	3502 	3495
f 3510 	3561 	1297
f 3504 	3561 	3499
f 3541 	3506 	3089
f 3481 	3422 	3197
f 3481 	3521 	3422
f 3490 	3451 	3089
f 3490 	3089 	3506
f 2699 	3512 	2913
f 3478 	3421 	3423
f 3502 	3489 	3490
f 2699 	3511 	3512
f 3487 	3291 	3290
f 3089 	3485 	3541
f 3487 	3295 	3291
f 3051 	3513 	3006
f 3512 	3560 	3660
f 3421 	3478 	3516
f 3516 	3487 	3290
f 3203 	3421 	3516
f 3290 	3203 	3516
f 3517 	3518 	3008
f 3518 	3054 	3008
f 3007 	3517 	3008
f 2991 	3513 	3007
f 3525 	3523 	3569
f 3046 	3054 	3518
f 3513 	3594 	3007
f 3481 	3604 	3609
f 3609 	3521 	3481
f 3514 	3518 	3515
f 3423 	3422 	3521
f 3518 	3514 	3046
f 3478 	3423 	3521
f 3514 	3742 	3046
f 2696 	3689 	3526
f 3449 	3528 	3051
f 3528 	3513 	3051
f 3573 	3529 	3524
f 3516 	3478 	3524
f 3524 	3478 	3521
f 3562 	3532 	3530
f 3562 	3563 	3532
f 3522 	3487 	3529
f 3524 	3529 	3516
f 3516 	3529 	3487
f 3534 	3533 	3531
f 3534 	3787 	3533
f 3404 	3411 	3535
f 3413 	3536 	3535
f 3542 	3515 	3518
f 3577 	3413 	3487
f 3533 	2917 	3531
f 3577 	3536 	3413
f 3515 	3544 	3537
f 3413 	3295 	3487
f 3537 	3472 	3473
f 3531 	2917 	2893
f 3531 	2893 	2783
f 3531 	3469 	3534
f 3404 	3535 	3576
f 3468 	3534 	3469
f 3345 	3482 	3466
f 3507 	3463 	3395
f 3507 	3498 	3543
f 3577 	3598 	3536
f 3543 	3485 	3507
f 3540 	3530 	3538
f 3541 	3508 	3506
f 3542 	3530 	3544
f 3498 	3508 	3543
f 3534 	3468 	2914
f 3530 	3532 	3538
f 3543 	3508 	3541
f 2914 	2907 	3534
f 3544 	3472 	3537
f 3507 	3485 	3463
f 3534 	2907 	3787
f 3540 	3538 	3539
f 3472 	3540 	3539
f 3544 	3530 	3540
f 3472 	3544 	3540
f 3538 	3532 	3563
f 3515 	3542 	3544
f 3548 	3545 	4345
f 4205 	2901 	3548
f 2423 	2778 	3886
f 3549 	3482 	3477
f 3549 	3466 	3482
f 3471 	2642 	3549
f 3471 	3549 	3112
f 3549 	3477 	3112
f 3476 	3475 	3550
f 3345 	3551 	3550
f 3547 	3546 	3887
f 3551 	3583 	3550
f 3505 	3493 	1090
f 1307 	3505 	1090
f 3520 	3519 	3552
f 3314 	3554 	3129
f 3129 	3557 	3553
f 3129 	3554 	3557
f 3472 	3539 	3903
f 3555 	3561 	3504
f 3559 	3558 	3555
f 3555 	1313 	1322
f 3538 	3460 	3539
f 3530 	3592 	3562
f 3555 	3504 	3559
f 3558 	3505 	1307
f 3558 	3559 	3505
f 3505 	3559 	3504
f 1322 	1326 	3555
f 2882 	3566 	3567
f 3568 	3552 	3565
f 3646 	3684 	3566
f 2882 	3646 	3566
f 3005 	2882 	3567
f 3569 	3523 	3565
f 3569 	3565 	3552
f 3557 	3554 	3314
f 3552 	3519 	3569
f 3609 	3571 	3570
f 3521 	3570 	3524
f 3556 	3119 	3476
f 3573 	3524 	3570
f 3573 	3570 	3571
f 3512 	3511 	3560
f 4048 	3577 	3522
f 3509 	2686 	2916
f 3522 	3577 	3487
f 3575 	3074 	3572
f 3485 	3543 	3541
f 3124 	3113 	3578
f 2926 	3574 	3572
f 3578 	3579 	3321
f 3566 	3582 	3567
f 2423 	3574 	2926
f 2423 	3746 	3574
f 1328 	3567 	3582
f 3580 	3603 	3572
f 3556 	3557 	3314
f 3507 	3612 	3498
f 3581 	1145 	740
f 3581 	1327 	1145
f 3578 	3321 	3124
f 3556 	3314 	3119
f 3586 	1328 	3581
f 3582 	3566 	1331
f 1331 	3566 	3584
f 3567 	3586 	421
f 3585 	3579 	3578
f 3725 	3129 	3553
f 740 	3586 	3581
f 3579 	3585 	3507
f 3476 	3550 	3587
f 3507 	3585 	3612
f 3573 	3571 	4048
f 3007 	3562 	3517
f 3530 	3542 	3592
f 740 	741 	3586
f 3562 	3592 	3518
f 3586 	3567 	1328
f 3542 	3518 	3592
f 421 	3586 	741
f 3562 	3518 	3517
f 3594 	3563 	3562
f 3563 	3642 	3538
f 3562 	3007 	3594
f 3591 	3590 	3593
f 3566 	3683 	3595
f 3611 	3578 	3432
f 3584 	3566 	3595
f 3528 	3924 	3513
f 3595 	3625 	3584
f 3588 	3550 	3583
f 4048 	3522 	3529
f 3738 	3591 	3434
f 3597 	3591 	3596
f 3536 	3598 	3535
f 3591 	3593 	3596
f 3589 	3588 	3361
f 3599 	3597 	3596
f 3599 	3596 	3668
f 3583 	3361 	3588
f 3596 	3671 	3668
f 3598 	3576 	3535
f 3362 	3589 	3361
f 3572 	3574 	3580
f 3597 	3440 	3591
f 3440 	3597 	3599
f 3440 	3599 	3439
f 1298 	3629 	3678
f 2850 	2899 	3700
f 3510 	1298 	3678
f 3705 	3627 	2850
f 3705 	2850 	3700
f 3474 	3600 	3691
f 2849 	3627 	3600
f 4012 	3598 	3577
f 3601 	3470 	2896
f 3576 	1223 	348
f 3546 	3580 	3574
f 2896 	3270 	3601
f 3666 	3425 	3439
f 3439 	3599 	3666
f 3425 	3666 	3611
f 3155 	3605 	3604
f 3605 	3609 	3604
f 3416 	3604 	3481
f 3607 	3613 	3615
f 3607 	4336 	3613
f 3570 	3521 	3609
f 3571 	3609 	4067
f 4339 	3613 	4336
f 4339 	3615 	3613
f 3617 	3115 	3618
f 4423 	3545 	3602
f 3617 	3039 	3115
f 3602 	4424 	4423
f 3619 	3617 	3618
f 3614 	3626 	3621
f 3614 	3483 	3628
f 3623 	4443 	3654
f 3619 	3059 	3617
f 3622 	3644 	3059
f 2901 	3443 	3545
f 3619 	3622 	3059
f 3263 	3443 	2901
f 3614 	3621 	3620
f 1337 	3625 	1416
f 3427 	3623 	3654
f 1331 	3584 	1337
f 3614 	3628 	3626
f 3626 	3638 	3621
f 3747 	1415 	3624
f 1415 	1416 	3625
f 3697 	3018 	3474
f 3625 	3624 	1415
f 3483 	3460 	3628
f 3748 	3747 	3624
f 3627 	3722 	3719
f 3629 	1420 	1483
f 3614 	3620 	3616
f 3629 	1483 	1421
f 3627 	3719 	3691
f 3736 	3629 	1421
f 3627 	3691 	3600
f 1421 	1339 	3736
f 3625 	1337 	3584
f 3632 	3633 	3634
f 3632 	3635 	3633
f 3636 	3632 	3634
f 3656 	3620 	3621
f 3443 	3632 	3634
f 3632 	3640 	3634
f 3659 	3021 	3637
f 3636 	3639 	3632
f 3021 	3015 	3637
f 3639 	3635 	3632
f 3641 	3632 	3640
f 3594 	3642 	3563
f 3640 	3650 	3641
f 3594 	3662 	3642
f 3640 	3636 	3641
f 3155 	3644 	3643
f 3636 	3640 	3632
f 3642 	3638 	3626
f 2863 	3637 	3015
f 3640 	3632 	3443
f 3637 	3678 	3647
f 3637 	3647 	3659
f 3637 	3510 	3678
f 3633 	3635 	3634
f 3635 	3639 	3634
f 3636 	3634 	3639
f 3069 	3363 	3646
f 3634 	3633 	3443
f 3545 	3443 	3635
f 3633 	3635 	3443
f 3643 	3622 	3721
f 3636 	3545 	3639
f 3635 	3639 	3545
f 3622 	3643 	3644
f 3649 	3632 	3641
f 3641 	3650 	3649
f 3645 	3662 	3688
f 3651 	3618 	3653
f 3636 	3649 	3641
f 3653 	3655 	3651
f 3652 	3651 	3655
f 3619 	3618 	3651
f 3649 	3650 	3602
f 3619 	3651 	3652
f 3649 	3636 	3632
f 3618 	3115 	3114
f 3114 	3653 	3618
f 3636 	3649 	3602
f 3649 	3654 	3641
f 3602 	3545 	3636
f 3640 	3443 	3442
f 3653 	3114 	4155
f 3538 	3642 	3460
f 3634 	3640 	3442
f 3633 	3634 	3442
f 3633 	3427 	3635
f 3635 	3427 	3639
f 3636 	3639 	3427
f 3427 	3649 	3636
f 3655 	3653 	4155
f 3427 	3654 	3649
f 3640 	3641 	3654
f 3656 	3701 	3620
f 3657 	3652 	3655
f 3638 	3656 	3621
f 3642 	3626 	3628
f 3662 	3645 	3638
f 3659 	3648 	3060
f 3630 	3656 	3645
f 3656 	3630 	3631
f 3659 	3677 	3676
f 3659 	3060 	3021
f 3645 	3656 	3638
f 3630 	3645 	3688
f 3566 	3684 	3682
f 3688 	3631 	3630
f 3642 	3628 	3460
f 3660 	3658 	3512
f 3647 	3677 	3659
f 3675 	3608 	3589
f 3660 	3661 	3658
f 3551 	3361 	3583
f 3659 	3663 	3648
f 3664 	3648 	3663
f 3362 	3373 	3665
f 3406 	3648 	3664
f 3611 	3612 	3585
f 3578 	3611 	3585
f 3665 	3589 	3362
f 3615 	3612 	3666
f 3668 	3666 	3599
f 3664 	3663 	3667
f 3666 	3612 	3611
f 3615 	3666 	3668
f 3668 	3671 	3615
f 3671 	3607 	3615
f 3596 	3593 	3671
f 3453 	3826 	3670
f 3674 	3671 	3593
f 4106 	3664 	3667
f 3673 	3669 	3670
f 3670 	3826 	3673
f 3363 	3672 	3684
f 3608 	3675 	3669
f 3673 	3608 	3669
f 3363 	3684 	3646
f 3608 	3673 	3610
f 3658 	2913 	3512
f 3675 	3670 	3669
f 3367 	3670 	3665
f 3665 	3670 	3675
f 3665 	3373 	3367
f 3589 	3665 	3675
f 3647 	3678 	3677
f 3679 	2932 	3661
f 3660 	3679 	3661
f 3660 	3853 	3679
f 3587 	3802 	3476
f 3681 	3557 	3556
f 3553 	3557 	3681
f 3566 	3682 	3683
f 3680 	3509 	2916
f 2916 	2921 	3680
f 2921 	4046 	3680
f 3686 	3767 	3685
f 3658 	3661 	4046
f 4142 	3661 	2932
f 3602 	3650 	3654
f 3679 	4142 	2932
f 3650 	3640 	3654
f 3660 	3955 	3954
f 3513 	3924 	3688
f 3642 	3662 	3638
f 3594 	3513 	3688
f 3660 	3954 	3687
f 4142 	3679 	4193
f 3662 	3594 	3688
f 3956 	3959 	3687
f 3633 	3442 	3427
f 3758 	3699 	3707
f 3686 	3682 	3684
f 3627 	3705 	3704
f 3686 	3684 	3767
f 3676 	3677 	3692
f 3689 	2936 	2939
f 3689 	2696 	2936
f 3766 	3692 	3685
f 3692 	3748 	3685
f 3695 	3694 	3693
f 3625 	3595 	3683
f 3697 	3474 	3691
f 3695 	3703 	3694
f 3703 	3695 	3696
f 3707 	3703 	3696
f 3519 	3520 	3710
f 3710 	3696 	3519
f 3704 	3705 	3706
f 3702 	3704 	3706
f 3519 	3696 	3569
f 3690 	4343 	3701
f 2899 	3012 	3700
f 3696 	3695 	3525
f 3656 	3690 	3701
f 3706 	3705 	3700
f 3525 	3695 	3523
f 3525 	3569 	3696
f 4285 	3631 	4301
f 3631 	4285 	3656
f 3698 	3707 	3699
f 3710 	3707 	3696
f 3688 	3709 	3631
f 3698 	3703 	3707
f 3631 	3709 	4301
f 3520 	3707 	3710
f 3688 	3924 	3711
f 3711 	3709 	3688
f 3689 	2939 	3713
f 3717 	3619 	3652
f 3704 	3702 	3627
f 3718 	3715 	3716
f 3694 	3703 	3718
f 3716 	3694 	3718
f 3694 	3716 	3693
f 3718 	3703 	3698
f 3717 	3622 	3619
f 3715 	3718 	3698
f 3622 	3717 	3720
f 3720 	3775 	3721
f 3699 	3715 	3698
f 3720 	3721 	3622
f 3724 	3721 	3723
f 3722 	3708 	3712
f 3732 	3724 	3723
f 3732 	3723 	3774
f 3699 	3840 	3715
f 3723 	3721 	3776
f 3593 	3590 	3674
f 3624 	3682 	3686
f 3434 	3402 	3738
f 3132 	3317 	3725
f 3624 	3683 	3682
f 3725 	3727 	3132
f 3683 	3624 	3625
f 3643 	3721 	3724
f 3750 	3572 	3603
f 3605 	3155 	3724
f 3155 	3643 	3724
f 3606 	3276 	3148
f 3717 	3652 	3728
f 3725 	4182 	3729
f 3741 	3606 	3601
f 3470 	3601 	3606
f 3270 	3735 	3601
f 3735 	3741 	3601
f 3728 	3652 	3657
f 3572 	3739 	3575
f 3727 	3725 	3729
f 3727 	3729 	3731
f 3657 	3730 	3728
f 3731 	3733 	3727
f 3774 	3734 	3732
f 3575 	3739 	3780
f 3572 	3763 	3739
f 3727 	3738 	3132
f 3733 	3738 	3727
f 3657 	4486 	3730
f 3629 	3736 	3740
f 3241 	3289 	3735
f 3714 	3267 	3262
f 3738 	3590 	3591
f 3692 	3737 	3748
f 3779 	3780 	3739
f 3745 	3674 	3590
f 3741 	3735 	3298
f 3714 	3900 	3901
f 3276 	3606 	3741
f 3714 	3742 	3900
f 3714 	3387 	3267
f 3743 	3756 	3744
f 3745 	3738 	3744
f 3677 	3736 	3737
f 3575 	3780 	2920
f 3737 	3692 	3677
f 3603 	3580 	3546
f 3590 	3738 	3745
f 3677 	3740 	3736
f 3740 	3678 	3629
f 3678 	3740 	3677
f 3747 	1339 	1415
f 3546 	3746 	3885
f 3574 	3746 	3546
f 3747 	3736 	1339
f 3743 	3733 	3731
f 3748 	3624 	3686
f 3476 	3681 	3556
f 3750 	3546 	3749
f 3685 	3748 	3686
f 3546 	3547 	3749
f 3736 	3748 	3737
f 3747 	3748 	3736
f 3603 	3546 	3750
f 3746 	3910 	3885
f 3752 	3743 	3731
f 3746 	3908 	3910
f 3753 	2300 	2225
f 3714 	3753 	2225
f 3714 	2225 	3371
f 3743 	3744 	3733
f 3371 	2225 	2463
f 3733 	3744 	3738
f 3667 	3663 	3757
f 3743 	3752 	3754
f 3755 	3667 	3757
f 3756 	3743 	3754
f 3676 	3663 	3659
f 3663 	3692 	3757
f 3527 	3526 	3689
f 3676 	3692 	3663
f 3756 	4511 	3744
f 3757 	3692 	3766
f 3762 	2652 	2226
f 3762 	2293 	2290
f 3762 	2233 	3765
f 3766 	3685 	3767
f 3724 	3732 	3605
f 3721 	3775 	3776
f 3762 	2290 	2233
f 2653 	3762 	3759
f 3776 	3774 	3723
f 3717 	3728 	4971
f 12 	3774 	24
f 3791 	3765 	2649
f 12 	3734 	3774
f 2643 	2653 	3759
f 3759 	2660 	2643
f 3762 	2226 	2231
f 26 	178 	3734
f 3768 	5034 	3780
f 3757 	3766 	3782
f 3780 	3825 	3768
f 3572 	3750 	3763
f 3755 	4118 	4116
f 3755 	3757 	3782
f 3763 	4003 	3764
f 3782 	4118 	3755
f 2291 	3762 	2231
f 3765 	3781 	3762
f 3765 	3791 	3781
f 3781 	3791 	4237
f 3783 	2649 	2656
f 2670 	2823 	3783
f 2656 	2670 	3783
f 3782 	3761 	4118
f 2814 	3759 	2824
f 3767 	3761 	3766
f 3761 	3782 	3766
f 3783 	3791 	2649
f 3784 	2917 	3785
f 3684 	3672 	3767
f 3767 	3672 	3761
f 2814 	2660 	3759
f 3786 	3017 	3016
f 2917 	3533 	3785
f 4368 	3017 	3786
f 3533 	3787 	3785
f 3786 	3016 	3788
f 3258 	3430 	3789
f 3430 	3418 	3789
f 3786 	3788 	3790
f 3789 	3418 	3784
f 3789 	3784 	3785
f 3795 	3790 	3923
f 1546 	1439 	3794
f 3794 	2790 	1546
f 3923 	3790 	3788
f 1251 	3822 	3793
f 3796 	3794 	3793
f 3794 	3796 	3876
f 3824 	3822 	1251
f 3794 	1439 	829
f 3794 	829 	845
f 3797 	3800 	3799
f 3824 	1251 	1131
f 3769 	3751 	3802
f 3802 	3777 	3769
f 3917 	3564 	3523
f 3802 	3751 	3681
f 3681 	3476 	3802
f 3734 	178 	4681
f 12 	26 	3734
f 3758 	3707 	3520
f 3802 	4089 	3801
f 3802 	3801 	3777
f 3926 	3758 	3552
f 3758 	3520 	3552
f 2725 	2713 	3804
f 3821 	3801 	3818
f 3689 	3806 	3527
f 2750 	3805 	3807
f 3938 	3527 	3806
f 3805 	3808 	3807
f 3809 	3811 	3810
f 3821 	3777 	3801
f 3811 	3806 	3810
f 3811 	3760 	3806
f 3838 	3807 	3808
f 3811 	3758 	3760
f 3813 	3814 	3812
f 916 	2721 	876
f 3811 	3699 	3758
f 2715 	2721 	916
f 3806 	3758 	3938
f 3804 	3815 	2748
f 3805 	2747 	2780
f 3751 	3814 	3681
f 3806 	3760 	3758
f 3829 	3805 	2780
f 3810 	3806 	3713
f 2748 	3831 	3829
f 3689 	3713 	3806
f 3813 	4182 	3814
f 3681 	3814 	4182
f 3858 	2748 	3815
f 3817 	2947 	3726
f 3812 	3814 	3819
f 3818 	3812 	3819
f 5034 	1181 	1841
f 3769 	3819 	3814
f 5034 	42 	2756
f 3751 	3769 	3814
f 3043 	4782 	3820
f 42 	1917 	2756
f 3821 	3818 	3819
f 5034 	2756 	1128
f 3819 	3769 	3821
f 3821 	3769 	3777
f 3820 	4782 	3823
f 4782 	4783 	3823
f 3763 	3764 	3825
f 3825 	3739 	3763
f 3964 	3589 	3608
f 3408 	3788 	3016
f 3610 	3964 	3608
f 3610 	3673 	3944
f 3825 	3779 	3739
f 3825 	3780 	3779
f 3897 	3453 	3450
f 1841 	2736 	5034
f 3673 	3826 	3944
f 3970 	3807 	3838
f 3670 	3367 	3453
f 2750 	3807 	3970
f 3833 	3816 	3828
f 3828 	3816 	3830
f 3453 	3950 	3827
f 3827 	3826 	3453
f 3588 	3589 	3964
f 3830 	4169 	3828
f 3828 	3832 	3833
f 3817 	2939 	2947
f 3808 	3805 	3829
f 3964 	3550 	3588
f 3858 	3831 	2748
f 3815 	3804 	3844
f 3702 	3708 	3722
f 3835 	3833 	3832
f 3837 	3809 	3832
f 3702 	3722 	3627
f 3832 	3828 	3837
f 3808 	3836 	3838
f 3828 	4176 	3837
f 4176 	3828 	4169
f 3809 	3810 	3835
f 3700 	3839 	3706
f 3706 	3839 	3702
f 3809 	3835 	3832
f 3708 	3702 	3839
f 3809 	3837 	3840
f 3715 	3840 	3837
f 3840 	3811 	3809
f 1243 	3842 	444
f 3840 	3699 	3811
f 3716 	3715 	4176
f 3843 	3503 	3842
f 3841 	2715 	916
f 3842 	3503 	397
f 3841 	3804 	2715
f 3843 	2357 	3503
f 2364 	3067 	3845
f 3837 	4176 	3715
f 2364 	3845 	3842
f 3845 	3843 	3842
f 3831 	3846 	3829
f 3067 	4747 	3845
f 3841 	3844 	3804
f 3817 	3834 	3713
f 4747 	3843 	3845
f 3834 	3835 	3713
f 3846 	3860 	3808
f 3846 	3808 	3829
f 3817 	3713 	2939
f 333 	2357 	3843
f 3835 	3810 	3713
f 3816 	3833 	3835
f 3834 	3816 	3835
f 3834 	3817 	3816
f 3848 	3849 	3850
f 3851 	3848 	3850
f 3841 	735 	3844
f 3841 	1075 	735
f 1075 	1078 	735
f 3849 	3848 	3997
f 3841 	916 	1075
f 1079 	735 	1078
f 735 	1035 	3854
f 1035 	1041 	3854
f 3854 	1041 	3856
f 3855 	3853 	3660
f 3854 	3856 	3844
f 3844 	735 	3854
f 1041 	1047 	3856
f 3844 	3856 	3815
f 3856 	3858 	3815
f 2397 	2384 	3851
f 3852 	3853 	3855
f 3855 	3687 	3852
f 1054 	1199 	3856
f 3851 	3850 	2397
f 3856 	1047 	1054
f 3192 	3852 	3861
f 3862 	3726 	3861
f 3856 	1369 	3858
f 3189 	3861 	3726
f 3858 	1369 	3864
f 3726 	2947 	3189
f 1370 	1373 	3864
f 3858 	3864 	3831
f 3808 	3860 	3836
f 3864 	3846 	3831
f 3864 	1373 	3860
f 3868 	4239 	3798
f 3900 	3778 	3870
f 3870 	3778 	3869
f 3870 	3869 	2300
f 3830 	3862 	3852
f 3870 	3753 	3714
f 2824 	4206 	3871
f 3783 	2823 	3874
f 3822 	3876 	3793
f 3822 	296 	3876
f 3793 	3876 	3796
f 3794 	2846 	2845
f 3867 	3875 	3882
f 3794 	36 	2846
f 3794 	3876 	36
f 296 	36 	3876
f 2824 	3759 	4206
f 329 	4606 	3878
f 2834 	2828 	3879
f 1562 	329 	3878
f 329 	339 	4606
f 3879 	2824 	3872
f 4606 	2772 	1572
f 3867 	3882 	3866
f 3875 	3867 	3880
f 4606 	2773 	2772
f 3867 	3877 	3880
f 2775 	2773 	4607
f 3887 	3884 	3749
f 3771 	2229 	3869
f 3749 	3547 	3887
f 2232 	3869 	2229
f 3753 	3870 	2300
f 4112 	2781 	2523
f 3869 	2232 	2300
f 3896 	3884 	3887
f 3375 	3895 	3889
f 2766 	2229 	3890
f 3375 	3889 	3888
f 2229 	3771 	3890
f 3890 	2770 	2766
f 3929 	3363 	3375
f 3771 	3773 	3890
f 3891 	2597 	2542
f 3885 	3899 	3896
f 3915 	2305 	3772
f 2305 	3891 	3773
f 3773 	3772 	2305
f 3896 	3887 	3885
f 3891 	2305 	2597
f 3370 	3369 	3893
f 3546 	3885 	3887
f 3890 	3891 	2769
f 3372 	3370 	3894
f 3894 	3370 	3893
f 3895 	3375 	3374
f 2769 	2770 	3890
f 3890 	3773 	3891
f 2305 	3915 	3922
f 2328 	2305 	3922
f 2934 	3898 	2834
f 3870 	3901 	3900
f 3870 	3714 	3901
f 3903 	3904 	3771
f 3905 	3772 	3773
f 3906 	3899 	3911
f 3904 	3905 	3773
f 3907 	2937 	2934
f 3896 	3899 	4099
f 3771 	3904 	3773
f 2834 	3879 	3907
f 3460 	3905 	3904
f 3908 	3746 	4057
f 3539 	3904 	3903
f 3889 	3895 	3909
f 3894 	3893 	3909
f 3909 	3893 	3892
f 3372 	3894 	3895
f 3909 	3895 	3894
f 3869 	3903 	3771
f 3869 	3778 	3903
f 3778 	3900 	3473
f 3895 	3374 	3372
f 3472 	3903 	3778
f 3473 	3472 	3778
f 3460 	3483 	3905
f 3539 	3460 	3904
f 3852 	3862 	3861
f 3905 	3483 	3614
f 3817 	3726 	3862
f 3514 	3900 	3742
f 3913 	3803 	3914
f 3853 	3852 	4199
f 3679 	3853 	4193
f 3940 	3936 	3914
f 3515 	3537 	3900
f 3852 	3687 	4194
f 3900 	3514 	3515
f 3855 	3660 	3687
f 3537 	3473 	3900
f 3905 	3915 	3772
f 4194 	4319 	3852
f 3917 	3716 	4172
f 3916 	2912 	2950
f 3693 	3716 	3917
f 3917 	3695 	3693
f 3523 	3695 	3917
f 3918 	3916 	2952
f 3916 	3920 	4414
f 3369 	4016 	3893
f 3916 	3918 	3920
f 3918 	3616 	3920
f 4016 	3919 	3893
f 3888 	3919 	4015
f 3922 	3616 	3918
f 3616 	3620 	3920
f 3888 	3892 	3919
f 3620 	3701 	3920
f 4124 	1965 	3125
f 3919 	3892 	3893
f 3616 	3915 	3614
f 3614 	3915 	3905
f 2328 	3922 	3918
f 3909 	3888 	3889
f 3915 	3616 	3922
f 3888 	3909 	3892
f 4357 	3139 	3921
f 3921 	3139 	3138
f 3921 	3138 	3134
f 3930 	3800 	4024
f 3816 	3817 	3862
f 3788 	3408 	3923
f 3852 	4319 	3830
f 3923 	3408 	4106
f 3862 	3830 	3816
f 3925 	609 	3448
f 420 	609 	3925
f 3448 	609 	4419
f 3911 	3910 	3912
f 3449 	3448 	4419
f 3911 	3885 	3910
f 3450 	3458 	3897
f 3930 	3803 	3799
f 3799 	3800 	3930
f 3927 	3934 	3926
f 3375 	3888 	3929
f 3927 	3926 	3935
f 3936 	3913 	3914
f 3927 	3938 	3934
f 3926 	3939 	3935
f 3914 	3930 	3940
f 3942 	3935 	3939
f 3962 	2946 	3943
f 2955 	3943 	2946
f 3933 	3941 	3937
f 3907 	3879 	3881
f 3938 	3927 	3527
f 3944 	3826 	3937
f 3935 	3527 	3927
f 3935 	3526 	3527
f 3758 	3926 	3934
f 3964 	3610 	3944
f 2931 	3943 	2930
f 3943 	2955 	2930
f 3943 	2931 	2943
f 3943 	2943 	3907
f 3881 	3883 	3907
f 3943 	3907 	3883
f 3944 	3937 	3981
f 3864 	3860 	3846
f 3856 	1199 	1369
f 3560 	3511 	3935
f 3898 	3902 	2531
f 3898 	2934 	2938
f 3568 	3926 	3552
f 3935 	3511 	3526
f 3453 	3897 	3950
f 3898 	2931 	3902
f 3931 	3950 	3897
f 3946 	3947 	3560
f 2931 	3951 	3902
f 2931 	3898 	2938
f 3826 	3827 	3937
f 3950 	3933 	3949
f 3948 	3946 	3560
f 3931 	3933 	3950
f 3933 	3937 	3949
f 3949 	3937 	3827
f 2549 	2541 	3882
f 3939 	3948 	3942
f 3882 	2541 	3866
f 3956 	3954 	3957
f 3865 	3857 	3867
f 3877 	3867 	3857
f 3954 	3958 	3957
f 3857 	3859 	3877
f 3954 	3955 	3958
f 4324 	3951 	4034
f 3955 	3957 	3958
f 3956 	3957 	3958
f 3877 	3859 	3863
f 2530 	3966 	3953
f 2532 	2530 	3953
f 3882 	3848 	3851
f 3958 	3960 	3956
f 3960 	3959 	3956
f 3882 	3875 	3848
f 3874 	3962 	3883
f 3875 	3880 	3848
f 3942 	3948 	3560
f 3873 	3874 	3883
f 2549 	3882 	2384
f 3882 	3851 	2384
f 3939 	3926 	3946
f 3865 	3867 	3866
f 3946 	3948 	3939
f 2948 	4034 	3951
f 2871 	3961 	2604
f 3955 	3963 	3957
f 2871 	2879 	3961
f 3957 	3959 	3960
f 3957 	3960 	3958
f 3950 	3949 	3827
f 3963 	3959 	3956
f 3883 	3962 	3943
f 3879 	4062 	3881
f 3957 	3963 	3956
f 3931 	3897 	3458
f 4062 	3873 	3881
f 3957 	3956 	3959
f 2532 	3953 	4059
f 3883 	3881 	3873
f 3963 	3955 	3946
f 3872 	4062 	3879
f 3955 	3947 	3946
f 3965 	3968 	3967
f 3967 	3961 	3965
f 3947 	3955 	3660
f 1373 	1426 	3860
f 3860 	3847 	3836
f 3860 	1426 	3945
f 3935 	3942 	3560
f 3969 	3967 	3968
f 1426 	1428 	3945
f 3847 	3860 	3945
f 3947 	3660 	3560
f 3523 	3564 	3946
f 3961 	3967 	3080
f 3564 	3963 	3946
f 3940 	3971 	3936
f 3961 	3080 	2604
f 3932 	3974 	3975
f 3120 	3099 	3976
f 4010 	3974 	3932
f 3099 	3977 	3976
f 3565 	3523 	3946
f 3975 	3974 	3978
f 3099 	3109 	3977
f 3973 	3978 	3974
f 3982 	3120 	3976
f 3977 	4001 	3992
f 3977 	3992 	3976
f 3978 	3973 	3984
f 3984 	3973 	3985
f 3120 	3982 	3114
f 3978 	3983 	4069
f 3964 	3944 	3981
f 3983 	3978 	3984
f 3970 	2986 	2785
f 3109 	3979 	3977
f 3970 	3108 	2986
f 3109 	3970 	3979
f 2959 	2912 	3928
f 3979 	3970 	3991
f 3986 	2960 	3928
f 2960 	2959 	3928
f 3986 	3987 	2960
f 713 	2965 	3988
f 3980 	4011 	4006
f 3989 	3768 	3825
f 3972 	2707 	3980
f 3991 	3838 	3990
f 3848 	3880 	3995
f 3838 	3991 	3970
f 3997 	3848 	3995
f 3912 	4000 	3994
f 3836 	3847 	3990
f 3838 	3836 	3990
f 4002 	3994 	4000
f 3991 	3977 	3979
f 3995 	3996 	3997
f 3993 	3910 	3908
f 3999 	3849 	3997
f 3912 	3910 	4000
f 3999 	3997 	3996
f 3991 	3998 	3977
f 4251 	3991 	3990
f 2710 	2394 	3999
f 3993 	4000 	3910
f 4001 	3977 	3998
f 3993 	3768 	3989
f 3999 	3996 	2710
f 3989 	4002 	3993
f 3998 	3991 	4233
f 3998 	4233 	4001
f 3825 	4002 	3989
f 3993 	4002 	4000
f 3877 	3863 	4011
f 3849 	3999 	2394
f 4003 	3750 	3749
f 3763 	3750 	4003
f 3576 	4004 	1223
f 1284 	1223 	4004
f 3972 	3980 	4006
f 3598 	4008 	4009
f 2319 	1828 	4006
f 3598 	4009 	4004
f 4011 	2319 	4006
f 1828 	3972 	4006
f 3598 	4012 	4008
f 713 	4013 	2012
f 3576 	3598 	4004
f 4017 	2012 	4013
f 4013 	713 	3988
f 4009 	4008 	4052
f 4009 	4064 	4004
f 4049 	3928 	4022
f 4016 	3369 	3444
f 4007 	4019 	4010
f 4017 	4013 	3987
f 4018 	4010 	4019
f 4007 	4018 	4019
f 4013 	3988 	2965
f 4013 	2965 	3987
f 4010 	4018 	3974
f 3984 	4005 	3983
f 3913 	3936 	4043
f 4025 	4015 	3971
f 4021 	4005 	3985
f 2020 	2024 	4020
f 4007 	3973 	4018
f 4017 	4020 	2024
f 4021 	4014 	4005
f 4016 	3971 	3919
f 2024 	2012 	4017
f 3971 	4016 	4045
f 4007 	4014 	4021
f 4020 	2026 	2020
f 4043 	3936 	3971
f 4020 	2079 	2026
f 3919 	3971 	4015
f 4021 	3985 	3973
f 4023 	3587 	3964
f 4023 	3802 	3587
f 3929 	4015 	4025
f 3973 	4007 	4021
f 3914 	3803 	3930
f 3964 	4028 	4023
f 4018 	3973 	3974
f 3929 	3888 	4015
f 3550 	3964 	3587
f 3985 	4005 	3984
f 3946 	3568 	3565
f 3926 	3568 	3946
f 4025 	3940 	4024
f 4115 	3981 	4671
f 3940 	4025 	3971
f 4025 	3363 	3929
f 3981 	4115 	4028
f 3964 	3981 	4028
f 4024 	3940 	3930
f 4029 	3952 	4032
f 4034 	2948 	2966
f 4033 	4034 	2966
f 4130 	4137 	4031
f 4035 	4036 	4037
f 3812 	4030 	3813
f 4038 	4036 	4035
f 4036 	4035 	4150
f 4041 	4029 	4032
f 3479 	3042 	4042
f 4131 	4031 	4030
f 3820 	4042 	3042
f 3913 	4043 	3820
f 4040 	3812 	3818
f 3971 	4045 	4043
f 4044 	4039 	4131
f 3820 	4043 	4042
f 4040 	4044 	3812
f 4043 	3465 	4042
f 4039 	4044 	4040
f 4026 	4041 	4032
f 4030 	4044 	4131
f 3820 	3823 	3913
f 4035 	4036 	1066
f 4037 	4047 	4035
f 4148 	4047 	4037
f 4150 	4035 	4037
f 4045 	4016 	3444
f 3461 	4045 	3444
f 3812 	4044 	4030
f 4147 	4148 	4027
f 4184 	3813 	4030
f 4035 	43 	4037
f 1066 	43 	4035
f 4048 	3571 	4051
f 3577 	4048 	4012
f 3928 	4049 	3986
f 3529 	3573 	4048
f 3986 	4050 	3987
f 3687 	3954 	3956
f 3987 	4050 	4017
f 4020 	4017 	4050
f 4048 	4051 	4052
f 4012 	4048 	4052
f 4027 	4046 	4047
f 4011 	3863 	2245
f 4027 	3680 	4046
f 4051 	3571 	4117
f 2245 	2321 	4011
f 4120 	4092 	4051
f 3661 	4053 	4046
f 4008 	4012 	4052
f 4052 	4051 	4092
f 4092 	4009 	4052
f 4054 	4007 	4010
f 4011 	3980 	3877
f 4056 	3877 	3980
f 4058 	3953 	3966
f 4056 	4060 	3880
f 4087 	4058 	3966
f 3966 	4088 	4087
f 4058 	4059 	3953
f 4056 	4055 	4060
f 3912 	3906 	3911
f 4057 	3993 	3908
f 4279 	2532 	4059
f 3461 	3465 	4045
f 3911 	3899 	3885
f 3465 	4043 	4045
f 4024 	3800 	4098
f 3800 	4100 	4098
f 4061 	4062 	3871
f 3871 	3792 	4061
f 3792 	3868 	4061
f 3798 	4061 	3868
f 4342 	3912 	4344
f 4344 	3912 	4347
f 3872 	3871 	4062
f 4063 	3795 	457
f 3786 	3790 	4063
f 4057 	3746 	4388
f 4076 	4075 	3873
f 4076 	3873 	4062
f 4063 	380 	376
f 1284 	4004 	4064
f 4063 	4824 	3786
f 1346 	1284 	4064
f 1346 	4064 	4073
f 4064 	4120 	4073
f 3609 	3605 	4067
f 4066 	458 	457
f 3571 	4067 	4071
f 519 	458 	4066
f 4067 	3605 	3732
f 457 	3795 	4066
f 3734 	4067 	3732
f 4068 	3975 	4072
f 4071 	4203 	4201
f 4296 	4068 	4072
f 4069 	4296 	4072
f 4067 	3734 	3770
f 4203 	4071 	4067
f 4072 	3975 	3978
f 3571 	4071 	4117
f 3978 	4069 	4072
f 1651 	1347 	4074
f 4050 	3986 	4049
f 4310 	3768 	4309
f 4070 	4050 	4049
f 3768 	3993 	4309
f 4050 	2079 	4020
f 4061 	4076 	4062
f 3874 	3873 	4075
f 4078 	4050 	4070
f 3874 	4075 	3783
f 4076 	3798 	4075
f 4010 	3932 	4077
f 4061 	3798 	4076
f 2086 	2079 	4050
f 4083 	2966 	2961
f 4082 	4080 	4079
f 2983 	4083 	2961
f 4084 	4082 	4079
f 4080 	4085 	4079
f 4086 	4085 	4080
f 4083 	4033 	2966
f 4101 	4079 	4085
f 4090 	4010 	4077
f 4088 	4034 	4033
f 4068 	4077 	3975
f 4040 	3818 	4089
f 5049 	3994 	5036
f 4023 	4125 	3802
f 4090 	4081 	4010
f 4087 	4059 	4058
f 3818 	3801 	4089
f 4077 	3932 	3975
f 4348 	4344 	4077
f 4068 	4282 	4077
f 4082 	4086 	4080
f 4093 	4005 	4014
f 4103 	4095 	4079
f 4091 	4127 	4096
f 4079 	4095 	4084
f 4070 	4086 	4078
f 4091 	4096 	4715
f 4078 	4086 	4097
f 3790 	3795 	4063
f 4141 	519 	4066
f 4086 	4082 	4097
f 4054 	4010 	4081
f 4097 	4082 	4185
f 408 	453 	4065
f 3800 	4121 	4100
f 4102 	4098 	4100
f 4103 	4079 	4101
f 4104 	4105 	4099
f 4024 	4098 	4025
f 4105 	4107 	4099
f 4099 	3899 	4104
f 4211 	4101 	4108
f 3906 	4104 	3899
f 4112 	2523 	2775
f 4056 	3880 	3877
f 4060 	4055 	4114
f 4060 	4114 	3995
f 3995 	3880 	4060
f 4115 	4111 	4028
f 2873 	3995 	4114
f 4136 	4089 	4115
f 4110 	3667 	3755
f 4055 	3980 	4119
f 4106 	3667 	4110
f 3923 	4106 	4110
f 4101 	4635 	4643
f 4214 	4113 	744
f 3980 	4055 	4056
f 4119 	4114 	4055
f 3923 	4110 	3795
f 3995 	2873 	3996
f 2873 	2620 	3996
f 2830 	1828 	4132
f 4110 	3755 	4116
f 4066 	4110 	4116
f 3761 	4102 	4118
f 4117 	4071 	4139
f 4098 	4102 	3761
f 4092 	4120 	4009
f 4064 	4009 	4120
f 4098 	3672 	4025
f 3363 	4025 	3672
f 4098 	3761 	3672
f 4110 	4066 	3795
f 4051 	4117 	4120
f 4121 	4065 	453
f 453 	454 	4121
f 4121 	510 	525
f 454 	510 	4121
f 4117 	4139 	4122
f 4121 	4123 	4100
f 4088 	4033 	4083
f 4121 	522 	4123
f 4128 	2203 	4124
f 522 	4140 	4123
f 4121 	525 	522
f 3001 	3000 	4088
f 3102 	4088 	3000
f 4124 	1980 	4895
f 4087 	3103 	3095
f 4111 	4125 	4023
f 4088 	4083 	3001
f 2830 	4132 	3961
f 4088 	4436 	4034
f 2879 	2830 	3961
f 4111 	4023 	4028
f 4083 	2984 	3001
f 2983 	2984 	4083
f 4125 	4115 	4089
f 4111 	4115 	4125
f 4132 	3965 	3961
f 3490 	3489 	4126
f 3802 	4125 	4089
f 4117 	4122 	4120
f 4127 	4091 	4130
f 4091 	4094 	4130
f 3495 	4313 	4126
f 4313 	4311 	4126
f 4039 	4134 	4131
f 4039 	4136 	4134
f 4126 	3489 	3495
f 4115 	4135 	4136
f 3097 	3085 	4126
f 4130 	4031 	4131
f 4122 	4129 	4120
f 4131 	4127 	4130
f 4030 	4031 	4137
f 4133 	4087 	3095
f 4715 	4135 	4115
f 4134 	4096 	4127
f 4134 	4135 	4096
f 4096 	4135 	4715
f 4120 	4129 	4074
f 4134 	4127 	4131
f 3104 	3103 	4087
f 4132 	3968 	3965
f 4135 	4134 	4136
f 4420 	3968 	4132
f 3102 	3104 	4088
f 4132 	2289 	4210
f 4137 	4184 	4030
f 4088 	3104 	4087
f 4132 	2319 	2289
f 4129 	4276 	4074
f 4138 	4137 	4130
f 4120 	4074 	4073
f 4142 	4053 	3661
f 4276 	1705 	4074
f 4123 	4102 	4100
f 4140 	4118 	4102
f 4116 	4141 	4066
f 4116 	4140 	4141
f 4118 	4140 	4116
f 518 	519 	4141
f 4141 	4140 	518
f 4193 	3952 	4142
f 4133 	3095 	3097
f 4053 	4142 	3952
f 4143 	4167 	4133
f 4140 	522 	518
f 4046 	4146 	4038
f 4046 	4047 	4146
f 4144 	4146 	4047
f 3800 	4065 	4121
f 4140 	4102 	4123
f 4038 	4146 	4036
f 4147 	4146 	4144
f 4218 	4145 	4221
f 4146 	4150 	4029
f 4126 	4133 	3097
f 4147 	4148 	4146
f 4149 	4143 	4133
f 3952 	4029 	4150
f 4150 	4053 	3952
f 4036 	4146 	4148
f 4036 	4148 	4037
f 4311 	4325 	4149
f 4036 	4150 	4146
f 1066 	4036 	4146
f 4047 	4046 	4038
f 4144 	4047 	4148
f 4038 	4035 	4047
f 4147 	4144 	4148
f 4139 	4394 	4366
f 4122 	4139 	4366
f 4047 	4150 	4144
f 4046 	4150 	4047
f 4218 	4238 	4145
f 4150 	4147 	4144
f 4152 	4153 	4154
f 4156 	3655 	4155
f 4037 	4148 	4150
f 4147 	4150 	4148
f 4147 	4027 	4144
f 4047 	4144 	4027
f 4156 	4160 	4166
f 4046 	4053 	4150
f 43 	4027 	4148
f 4027 	3509 	3680
f 4155 	3114 	3982
f 4154 	4157 	4152
f 4155 	3982 	4159
f 4155 	4159 	4160
f 3758 	3934 	3938
f 3959 	3963 	4191
f 4166 	4160 	4163
f 4156 	4155 	4160
f 4160 	4159 	4174
f 4160 	4174 	4163
f 4170 	4164 	4161
f 4161 	4153 	4170
f 4156 	4166 	3657
f 4162 	4183 	4165
f 3657 	4166 	4486
f 3958 	3960 	4191
f 3960 	3959 	4191
f 4151 	4164 	4145
f 3687 	3959 	4194
f 4168 	4154 	4153
f 4153 	4161 	4168
f 3657 	3655 	4156
f 4168 	4164 	4151
f 4164 	4168 	4161
f 4170 	4171 	4164
f 4174 	4179 	4163
f 4172 	4169 	3830
f 4167 	4177 	4133
f 4172 	4176 	4169
f 3716 	4176 	4172
f 4173 	4174 	4159
f 4138 	4184 	4137
f 4174 	4369 	4179
f 4173 	4369 	4174
f 4178 	3952 	4162
f 4162 	4165 	4178
f 4026 	4032 	4178
f 4032 	3952 	4178
f 4136 	4039 	4040
f 4165 	4180 	4178
f 4136 	4040 	4089
f 4173 	4159 	4181
f 4159 	3982 	4181
f 3681 	4182 	3553
f 4182 	3731 	3729
f 3725 	3553 	4182
f 3992 	4181 	3976
f 3813 	4184 	4188
f 3976 	4181 	3982
f 4183 	4180 	4165
f 4113 	4109 	4726
f 4182 	3813 	4188
f 4726 	4109 	4108
f 3093 	1965 	2203
f 4726 	4108 	4101
f 4745 	4746 	4138
f 4097 	4185 	4078
f 4185 	2086 	4078
f 4185 	2084 	2086
f 4183 	4187 	4180
f 4185 	2123 	2084
f 4078 	2086 	4050
f 4183 	4186 	4187
f 2123 	4185 	2125
f 4182 	4188 	3731
f 3752 	3731 	4188
f 4185 	4084 	4095
f 4190 	2095 	2125
f 4189 	4188 	4184
f 4095 	4190 	4185
f 4185 	4190 	2125
f 4185 	4082 	4084
f 4319 	4191 	4172
f 4188 	4189 	3754
f 4191 	4319 	4194
f 4189 	3756 	3754
f 4188 	3754 	3752
f 4195 	4177 	4175
f 4511 	3756 	4189
f 4512 	4175 	4167
f 4167 	4175 	4177
f 3853 	4199 	4193
f 4195 	4175 	4515
f 3963 	3564 	4191
f 2663 	2667 	4196
f 3564 	3917 	4191
f 2667 	4197 	4196
f 3852 	4202 	4199
f 4373 	4181 	3992
f 4181 	4373 	4173
f 4193 	4198 	4162
f 4199 	4198 	4193
f 4200 	4139 	4071
f 4168 	4379 	4154
f 3952 	4193 	4162
f 4200 	4071 	4201
f 3192 	4202 	3852
f 3192 	4322 	4202
f 4199 	4202 	4198
f 3781 	4204 	3762
f 2319 	4132 	1828
f 3759 	3762 	4204
f 3871 	4206 	4207
f 4205 	3012 	2901
f 2580 	4208 	3078
f 4207 	3792 	3871
f 4190 	4095 	4192
f 4211 	4192 	4212
f 4211 	4213 	4192
f 4192 	4103 	4212
f 4192 	4095 	4103
f 4103 	4101 	4212
f 4101 	4211 	4212
f 4205 	4345 	4210
f 2580 	2664 	4773
f 4211 	4108 	4213
f 4345 	4205 	3548
f 4196 	4773 	2664
f 2667 	2668 	4197
f 4192 	4213 	2101
f 4767 	4196 	4197
f 4214 	4109 	4113
f 4132 	4210 	4420
f 4208 	4215 	3078
f 4192 	2107 	2095
f 2095 	4190 	4192
f 4220 	4213 	4108
f 4124 	4673 	4128
f 4168 	4151 	4328
f 4220 	4108 	4109
f 4213 	2117 	2101
f 3342 	3078 	4215
f 2101 	2107 	4192
f 4214 	4220 	4109
f 4209 	4754 	4835
f 4754 	4209 	4216
f 4067 	3770 	4203
f 4200 	4707 	4438
f 4385 	4139 	4200
f 3147 	3149 	4226
f 3141 	4226 	3149
f 4226 	2779 	2928
f 4226 	3141 	3130
f 4225 	4223 	4222
f 3130 	2779 	4226
f 2863 	4376 	4232
f 4221 	4219 	4218
f 4229 	4223 	4225
f 4373 	3992 	4232
f 4232 	3992 	4001
f 4225 	4224 	4234
f 4232 	4001 	4233
f 4232 	4233 	4256
f 4236 	4235 	4228
f 4227 	4228 	4235
f 4235 	4236 	4234
f 4224 	4235 	4234
f 3783 	4237 	3791
f 4075 	4237 	3783
f 4164 	4281 	4145
f 4229 	3174 	4223
f 4075 	3798 	4237
f 4281 	4221 	4145
f 3798 	4239 	4237
f 4230 	4238 	4218
f 4229 	4227 	3174
f 4234 	4236 	4228
f 4227 	3165 	3225
f 4227 	3225 	3174
f 3967 	3969 	3080
f 4242 	4244 	4243
f 4217 	3080 	3969
f 4243 	4230 	4218
f 4243 	4245 	4252
f 4239 	3792 	4240
f 4219 	4245 	4243
f 3792 	4207 	4240
f 4246 	4228 	4227
f 4246 	4227 	4229
f 4246 	4229 	4225
f 4228 	4246 	4234
f 4234 	4246 	4225
f 4218 	4219 	4243
f 4230 	4243 	4245
f 4239 	4240 	4247
f 4217 	3969 	4248
f 4247 	4241 	4204
f 3968 	4248 	3969
f 4243 	4252 	4242
f 4420 	4248 	3968
f 4221 	4245 	4219
f 4233 	4251 	4253
f 4231 	4253 	4251
f 4254 	3284 	3274
f 4231 	2861 	4253
f 4255 	3284 	4254
f 3080 	4217 	4255
f 2861 	2862 	4256
f 2863 	4256 	2862
f 4255 	4254 	3080
f 4232 	4256 	2863
f 2861 	4256 	4253
f 4256 	4233 	4253
f 4255 	3282 	3284
f 3945 	4231 	4251
f 4250 	4242 	4252
f 3945 	1428 	4231
f 4255 	4257 	3282
f 4258 	4259 	4273
f 4260 	4259 	4258
f 3990 	3847 	4251
f 3847 	3945 	4251
f 4259 	4258 	4262
f 4251 	4233 	3991
f 4243 	4244 	4245
f 4260 	4273 	4259
f 4261 	2878 	2877
f 4260 	4275 	4423
f 4249 	4423 	4275
f 4157 	4250 	4152
f 4153 	4152 	4250
f 4170 	4153 	4250
f 2878 	4129 	4263
f 4222 	4223 	4257
f 4170 	4250 	4252
f 4275 	4224 	4341
f 4264 	4244 	4242
f 4250 	4154 	4264
f 4224 	4259 	4262
f 4260 	4259 	4224
f 4157 	4154 	4250
f 4264 	4242 	4250
f 3037 	2878 	4263
f 4257 	4223 	3282
f 4265 	4261 	1647
f 4217 	4266 	4255
f 4266 	4257 	4255
f 4248 	4267 	4268
f 4265 	1703 	4277
f 1647 	2877 	426
f 2877 	1647 	4261
f 4267 	4248 	4249
f 2878 	4261 	4265
f 4269 	4267 	4270
f 4270 	4271 	4269
f 4252 	4272 	4375
f 4269 	4335 	4267
f 4258 	4273 	4274
f 4275 	4274 	4273
f 4272 	4252 	4245
f 4274 	4273 	4269
f 1651 	4074 	1705
f 4274 	4270 	4267
f 4274 	4267 	4273
f 4258 	4274 	4260
f 4275 	4260 	4274
f 4247 	4240 	4207
f 4247 	4207 	4241
f 4204 	4241 	4206
f 4207 	4206 	4241
f 4239 	3868 	3792
f 4247 	4237 	4239
f 4372 	4170 	4252
f 3781 	4237 	4247
f 4154 	4379 	4264
f 4204 	3781 	4247
f 4204 	4206 	3759
f 4221 	4281 	4351
f 2117 	4213 	4220
f 4214 	2115 	4220
f 4281 	4164 	4171
f 2115 	2117 	4220
f 783 	744 	4113
f 744 	2115 	4214
f 744 	2109 	2115
f 4283 	4656 	2423
f 4280 	4279 	4288
f 3912 	4342 	4278
f 4288 	4289 	4280
f 4280 	4289 	2593
f 3886 	4283 	2423
f 4171 	4170 	4286
f 4288 	4290 	4289
f 4279 	4290 	4288
f 4168 	4390 	4540
f 4321 	2929 	2875
f 4287 	4291 	4057
f 4133 	4293 	4292
f 4337 	4057 	4291
f 4337 	3993 	4057
f 4343 	3690 	4356
f 4278 	4302 	4104
f 4285 	4295 	3690
f 4278 	4282 	4296
f 4298 	3149 	4297
f 3656 	4285 	3690
f 4068 	4296 	4282
f 4297 	4312 	4298
f 4279 	4087 	4133
f 4292 	4294 	4133
f 4133 	4294 	4279
f 4104 	4302 	4105
f 4177 	4293 	4133
f 3142 	4312 	4297
f 4279 	4059 	4087
f 4278 	4104 	3906
f 4107 	4302 	4278
f 4293 	4600 	4292
f 4303 	3149 	4298
f 4107 	4278 	4296
f 4105 	4302 	4107
f 4294 	4596 	4304
f 4069 	4107 	4296
f 4305 	4306 	4307
f 4306 	4304 	4307
f 4278 	3906 	3912
f 4294 	4304 	4306
f 3147 	4226 	3243
f 4306 	4279 	4294
f 4293 	4195 	4597
f 4177 	4195 	4293
f 2530 	2929 	4321
f 4306 	4290 	4279
f 4306 	4305 	4290
f 3958 	4194 	3960
f 3959 	3960 	4194
f 4133 	4126 	4311
f 4133 	4311 	4149
f 3958 	4191 	4194
f 4191 	3917 	4172
f 4183 	4198 	4202
f 4183 	4162 	4198
f 4314 	4313 	3492
f 4315 	4318 	4298
f 4298 	4312 	4315
f 3192 	4362 	4322
f 3492 	3498 	4314
f 413 	3093 	1933
f 4314 	3498 	4317
f 3093 	2203 	1933
f 4313 	3495 	3492
f 4316 	4303 	4298
f 4316 	3140 	4303
f 4318 	4316 	4298
f 4422 	3142 	4320
f 4319 	4172 	3830
f 3093 	3125 	1965
f 3240 	4320 	3143
f 3250 	4320 	3240
f 4324 	4226 	2923
f 4183 	4322 	4186
f 3902 	3951 	4324
f 4322 	4183 	4202
f 4186 	4322 	4362
f 4327 	4323 	4325
f 4326 	4329 	4325
f 4329 	4327 	4325
f 4323 	4143 	4149
f 4151 	4353 	4328
f 4323 	4149 	4325
f 4291 	4299 	4308
f 4168 	4328 	4390
f 4325 	4499 	4326
f 4446 	4499 	4325
f 4269 	4262 	4274
f 4258 	4274 	4262
f 4333 	3607 	3671
f 4259 	4423 	4258
f 4258 	4423 	4274
f 4333 	3671 	3674
f 4332 	3607 	4333
f 4311 	4313 	4332
f 4275 	4273 	4260
f 4275 	4273 	4249
f 4273 	4267 	4249
f 4375 	4245 	4221
f 4331 	4334 	4330
f 4266 	4248 	4268
f 4217 	4248 	4266
f 4335 	4257 	4266
f 3607 	4332 	4338
f 4308 	4337 	4291
f 4336 	3607 	4338
f 3993 	4337 	4309
f 4335 	4266 	4268
f 4308 	4309 	4337
f 4267 	4335 	4268
f 4340 	4351 	4281
f 4341 	4222 	4335
f 4341 	4225 	4222
f 4341 	4335 	4269
f 4335 	4222 	4257
f 4340 	4281 	4171
f 4308 	4299 	4355
f 4269 	4273 	4341
f 4273 	4275 	4341
f 4286 	4340 	4171
f 4225 	4341 	4224
f 4145 	4353 	4151
f 4260 	4224 	4275
f 3700 	3012 	4205
f 4324 	2531 	3902
f 4348 	4278 	4342
f 4320 	3142 	3143
f 4331 	4342 	4330
f 4344 	4330 	4342
f 4344 	4348 	4330
f 4348 	4342 	4331
f 4226 	4324 	3243
f 4347 	4331 	4330
f 4347 	4330 	4344
f 4330 	4334 	4344
f 4346 	4356 	3690
f 4295 	4346 	3690
f 4422 	4315 	4312
f 4382 	4285 	4301
f 2924 	4321 	2875
f 4334 	4331 	4349
f 4343 	4284 	3701
f 4347 	4349 	4331
f 4418 	3709 	3711
f 4145 	4238 	4353
f 4331 	4330 	4348
f 4344 	4334 	4349
f 4344 	4347 	4077
f 4349 	4347 	4344
f 4284 	4343 	4350
f 4077 	4282 	4348
f 4348 	4282 	4278
f 5046 	4077 	4347
f 4347 	4349 	5046
f 4285 	4352 	4295
f 4349 	4334 	5046
f 4349 	4347 	3912
f 4334 	4349 	3912
f 4334 	3912 	3994
f 4318 	4315 	4363
f 4352 	4346 	4295
f 3192 	4357 	4362
f 4357 	3192 	3189
f 4129 	4277 	4276
f 4129 	2878 	4277
f 4346 	4352 	4360
f 3130 	4358 	3122
f 3189 	3139 	4357
f 4362 	4357 	4361
f 307 	4357 	413
f 4448 	4358 	4363
f 4448 	4359 	4358
f 4364 	4346 	4360
f 4364 	4360 	4356
f 4360 	4409 	4356
f 4363 	4358 	4316
f 3509 	446 	445
f 3509 	4365 	446
f 4366 	4129 	4122
f 445 	4367 	3509
f 3037 	4263 	4394
f 3509 	4027 	4365
f 4366 	4394 	4263
f 4366 	4263 	4129
f 4368 	4179 	4369
f 399 	4367 	398
f 395 	3296 	4367
f 3296 	3509 	4367
f 399 	395 	4367
f 6 	8 	4370
f 4373 	4232 	4376
f 4378 	8 	4374
f 4370 	8 	4378
f 3024 	4369 	3019
f 3019 	4369 	4377
f 3019 	4376 	3015
f 4371 	4378 	4374
f 3019 	4377 	4376
f 4371 	4370 	4378
f 4369 	4173 	4377
f 4364 	4356 	4346
f 4286 	4170 	4380
f 4354 	4382 	4301
f 4356 	4350 	4343
f 3709 	4418 	4354
f 3709 	4354 	4301
f 4356 	4409 	4548
f 4356 	4548 	4350
f 4026 	4429 	4374
f 4026 	4403 	4041
f 4285 	4382 	4381
f 4372 	4380 	4170
f 4264 	4410 	4244
f 4373 	4377 	4173
f 4377 	4373 	4376
f 4376 	2863 	3015
f 4351 	4827 	4375
f 4375 	4221 	4351
f 4368 	4369 	3024
f 4375 	4272 	4245
f 4300 	4355 	4299
f 4351 	4793 	4827
f 4041 	4393 	4029
f 4385 	4394 	4139
f 4385 	4386 	4395
f 4029 	4393 	4146
f 4385 	4395 	4394
f 4146 	4393 	1066
f 4387 	4396 	4395
f 4387 	4389 	4396
f 4389 	4428 	4396
f 4148 	4037 	43
f 4395 	4396 	4394
f 1712 	4393 	4397
f 4386 	4398 	4395
f 4398 	4387 	4395
f 4389 	4387 	4398
f 1066 	4393 	1712
f 4398 	4399 	4389
f 4398 	4400 	4399
f 4398 	4401 	4400
f 4386 	4402 	4398
f 4402 	4401 	4398
f 4026 	8 	4403
f 4401 	4404 	4400
f 4402 	4404 	4401
f 4402 	4406 	4407
f 4405 	4041 	4403
f 4403 	8 	3
f 4402 	4407 	4404
f 4532 	4352 	4381
f 4381 	4352 	4285
f 4409 	4392 	4391
f 4360 	4352 	4392
f 4408 	13 	6
f 4381 	4530 	4532
f 4408 	6 	4432
f 4374 	8 	4026
f 6 	4370 	4432
f 27 	68 	4411
f 4409 	4360 	4392
f 4863 	4410 	4264
f 4224 	4415 	4235
f 4354 	4859 	4382
f 4492 	21 	4383
f 4372 	4710 	4380
f 4227 	4235 	4415
f 3165 	4227 	4417
f 4383 	21 	13
f 4417 	4227 	4415
f 3920 	4284 	4414
f 4397 	4393 	4412
f 3928 	3916 	4414
f 4416 	4022 	3928
f 4416 	4049 	4022
f 4414 	4416 	3928
f 4350 	4414 	4284
f 4411 	4412 	4393
f 4403 	3 	19
f 4413 	4416 	4350
f 4416 	4414 	4350
f 4405 	4403 	19
f 4393 	4041 	4405
f 4624 	4070 	4049
f 19 	4393 	4405
f 4416 	4624 	4049
f 4384 	4383 	4408
f 3920 	3701 	4284
f 4354 	4418 	4859
f 19 	27 	4411
f 4418 	3711 	3924
f 4408 	4383 	13
f 4411 	4393 	19
f 4286 	4380 	4525
f 4316 	4318 	4363
f 4316 	4358 	3140
f 3130 	3140 	4358
f 4404 	4421 	4400
f 4404 	4407 	4421
f 4420 	4249 	4248
f 4422 	4444 	4445
f 4422 	4312 	3142
f 4158 	303 	64
f 4449 	4444 	4422
f 4426 	4449 	4422
f 4424 	4425 	4427
f 4320 	4426 	4422
f 4426 	4320 	3250
f 3250 	4468 	4426
f 4429 	4026 	4178
f 4424 	4427 	4423
f 4178 	4180 	4429
f 4427 	4441 	4423
f 4400 	4469 	4399
f 4421 	4430 	4400
f 3602 	3654 	4424
f 4400 	4430 	4469
f 3243 	4434 	4431
f 4384 	4432 	4435
f 4436 	4437 	4431
f 4385 	4438 	4386
f 4402 	4386 	4438
f 4406 	4402 	4438
f 4345 	4423 	4210
f 4434 	4436 	4431
f 3615 	4339 	3612
f 4440 	4460 	4299
f 4339 	4336 	4317
f 4324 	4434 	3243
f 4440 	4291 	4287
f 4314 	4336 	4338
f 4299 	4291 	4440
f 4321 	4088 	3966
f 4324 	4034 	4434
f 4338 	4332 	4314
f 4336 	4314 	4317
f 4339 	4317 	3498
f 4313 	4314 	4332
f 4321 	4489 	4088
f 4332 	4505 	4311
f 4436 	4434 	4034
f 4441 	4269 	4425
f 3966 	2530 	4321
f 4262 	4269 	4441
f 3545 	4423 	4345
f 3498 	3612 	4339
f 4446 	4325 	4311
f 4438 	4439 	4406
f 4439 	4451 	4406
f 4447 	4466 	4363
f 4439 	4701 	4709
f 4315 	4447 	4363
f 4438 	4385 	4200
f 4271 	4423 	4441
f 4270 	4274 	4423
f 4363 	4466 	4448
f 4438 	4707 	4759
f 4447 	4422 	4445
f 4451 	4450 	4407
f 4388 	4442 	4452
f 4407 	4406 	4451
f 4440 	4287 	4455
f 4422 	4447 	4315
f 4455 	4388 	4452
f 4452 	4440 	4455
f 4610 	4618 	4452
f 4448 	4459 	3341
f 4451 	4453 	4450
f 4442 	4610 	4452
f 4453 	4454 	4450
f 4452 	4618 	4440
f 4448 	3341 	4359
f 4445 	4473 	4447
f 4450 	4421 	4407
f 4468 	4444 	4449
f 4433 	4450 	4475
f 4057 	4388 	4455
f 4430 	4421 	4450
f 4433 	4430 	4450
f 4057 	4455 	4287
f 4450 	4454 	4481
f 4456 	4457 	4458
f 3341 	4358 	4359
f 4394 	4396 	3037
f 3032 	4461 	3031
f 4756 	3079 	4459
f 3032 	4462 	4461
f 3031 	4463 	3035
f 4300 	4460 	4464
f 4478 	3035 	4463
f 4300 	4299 	4460
f 3032 	3181 	4462
f 4462 	3215 	3044
f 3037 	4462 	3044
f 4300 	4595 	4598
f 4462 	3181 	3215
f 4467 	4428 	4389
f 4355 	4300 	4598
f 4399 	4467 	4389
f 4470 	4469 	4430
f 4399 	4469 	4467
f 4467 	4471 	4428
f 4467 	4461 	4471
f 4461 	4462 	4471
f 4472 	4473 	4580
f 4469 	4461 	4467
f 4447 	4473 	4472
f 4472 	4466 	4447
f 4430 	4433 	4470
f 4433 	4475 	4470
f 4473 	4445 	4444
f 4468 	4473 	4444
f 4475 	4461 	4470
f 4468 	4580 	4473
f 4475 	4463 	4461
f 4598 	5059 	4355
f 4584 	4580 	4468
f 4461 	4469 	4470
f 4461 	4463 	3031
f 3884 	4476 	3749
f 3037 	4428 	4471
f 4468 	4215 	4760
f 3037 	4396 	4428
f 4761 	4468 	4760
f 4471 	4462 	3037
f 3896 	4476 	3884
f 4449 	4426 	4468
f 4477 	3749 	4476
f 3035 	4478 	3042
f 4476 	4480 	4477
f 3458 	3464 	4487
f 4478 	4782 	3043
f 4487 	4489 	3458
f 4538 	4476 	4537
f 3043 	3042 	4478
f 3458 	4489 	4321
f 4321 	2924 	3458
f 4475 	4481 	4463
f 3458 	2924 	4482
f 4475 	4450 	4481
f 4476 	4538 	4480
f 2924 	4483 	4482
f 4478 	4454 	4479
f 4484 	5033 	4003
f 4481 	4478 	4463
f 4454 	4478 	4481
f 3355 	4437 	4485
f 4479 	4784 	4783
f 4458 	4435 	4571
f 4521 	4429 	4180
f 3730 	4486 	4488
f 4489 	4487 	3377
f 4486 	4166 	4163
f 4486 	4163 	4488
f 4491 	4179 	4368
f 4163 	4179 	4491
f 4456 	4492 	4457
f 4492 	4494 	4457
f 4163 	4491 	4493
f 4494 	4492 	4383
f 4446 	4506 	4507
f 4446 	4507 	4498
f 4499 	4446 	4498
f 4498 	4500 	4499
f 4494 	4384 	4435
f 4384 	4494 	4383
f 4326 	4499 	4500
f 4457 	4494 	4458
f 4500 	4329 	4326
f 4435 	4458 	4494
f 4397 	4412 	4496
f 4534 	4504 	4502
f 4323 	4740 	4143
f 4323 	4327 	4740
f 4504 	4456 	4458
f 4167 	4143 	4740
f 4458 	4502 	4504
f 4446 	4311 	4505
f 4333 	4505 	4332
f 4505 	4333 	3674
f 4505 	3674 	3745
f 4508 	3983 	4005
f 4005 	4093 	4508
f 4446 	4505 	4506
f 35 	4509 	4510
f 4508 	4510 	4509
f 3377 	4487 	3464
f 4485 	4489 	3355
f 3744 	4505 	3745
f 4485 	4436 	4088
f 4485 	4437 	4436
f 4505 	3744 	4506
f 4485 	4088 	4489
f 4506 	4511 	4507
f 3744 	4511 	4506
f 4489 	3377 	3376
f 4489 	3376 	3355
f 4507 	4511 	4745
f 4262 	4441 	4427
f 4484 	4509 	35
f 4167 	4740 	4512
f 4484 	4477 	4509
f 4510 	4508 	4093
f 5047 	4510 	4093
f 4259 	4260 	4423
f 4514 	4175 	4512
f 4427 	3654 	4443
f 4262 	4427 	4443
f 3471 	3112 	3121
f 4443 	4224 	4262
f 4069 	3983 	4602
f 3165 	4443 	3169
f 4516 	1562 	881
f 4417 	4415 	4443
f 4476 	3896 	4099
f 1941 	3500 	4516
f 4443 	4415 	4224
f 4516 	3500 	1562
f 4458 	4571 	4502
f 850 	1941 	4516
f 4516 	4517 	850
f 855 	850 	4517
f 3165 	4417 	4443
f 4516 	881 	4517
f 1997 	4519 	1945
f 4443 	3623 	3169
f 1997 	4523 	4519
f 1945 	4519 	1947
f 4271 	4270 	4423
f 4520 	2031 	1944
f 4423 	4249 	4420
f 4520 	1947 	4519
f 4423 	4420 	4210
f 4429 	4522 	4518
f 4519 	4523 	4520
f 160 	2031 	4520
f 161 	4520 	4523
f 4523 	4541 	161
f 4271 	4425 	4269
f 4429 	4521 	4522
f 2325 	4553 	4552
f 4523 	1997 	4524
f 4526 	1997 	1996
f 4526 	4524 	1997
f 4708 	4286 	4525
f 4271 	4441 	4425
f 4180 	4187 	4521
f 4187 	4186 	4521
f 4530 	4382 	4503
f 4381 	4382 	4530
f 4492 	4456 	4547
f 4547 	4490 	4492
f 4545 	4529 	4531
f 4612 	4238 	4230
f 4508 	4602 	3983
f 4003 	3749 	4484
f 4424 	3654 	4425
f 3749 	4477 	4484
f 4230 	4245 	4612
f 4244 	4612 	4245
f 4427 	4425 	3654
f 4524 	4526 	4527
f 4526 	4615 	4527
f 4353 	4536 	4328
f 3700 	4205 	4533
f 4477 	4480 	4509
f 4536 	4390 	4328
f 4541 	173 	161
f 4527 	4535 	4541
f 4537 	4099 	4539
f 4536 	4540 	4390
f 4527 	4541 	4524
f 4537 	4476 	4099
f 4523 	4524 	4541
f 4527 	4617 	4535
f 4617 	4544 	4535
f 4544 	4541 	4535
f 4501 	4534 	4502
f 4541 	4544 	173
f 4456 	4545 	4547
f 4544 	198 	187
f 4547 	4545 	4531
f 4532 	4391 	4392
f 4532 	4392 	4352
f 4536 	4497 	4546
f 4545 	4504 	4534
f 4353 	4497 	4536
f 4545 	4534 	4529
f 2289 	2325 	4552
f 4497 	4612 	4546
f 4547 	4531 	4490
f 4542 	4550 	4549
f 4548 	4551 	4558
f 4612 	4497 	4353
f 4553 	4549 	4550
f 4553 	4550 	4552
f 4692 	4536 	4546
f 4549 	4553 	2325
f 4409 	4391 	4548
f 4456 	4504 	4545
f 4530 	4503 	4532
f 4552 	4205 	4210
f 4550 	4542 	4576
f 4503 	4568 	4567
f 4175 	4514 	4515
f 4550 	4576 	4552
f 4548 	4413 	4350
f 4750 	4515 	4514
f 2325 	1933 	4549
f 4750 	4748 	4515
f 4554 	4528 	4522
f 4631 	4413 	4548
f 2924 	3004 	4557
f 4565 	4560 	4559
f 3004 	4560 	4557
f 4665 	4662 	4556
f 3004 	4559 	4560
f 4554 	4361 	4562
f 3004 	3047 	4559
f 4554 	4562 	4528
f 4564 	4561 	4558
f 4629 	2924 	4557
f 4554 	4362 	4361
f 4557 	4569 	4570
f 4564 	4558 	4551
f 4186 	4362 	4554
f 4574 	4557 	4570
f 4574 	4575 	4557
f 4532 	4564 	4391
f 4522 	4521 	4554
f 3047 	4565 	4559
f 4554 	4521 	4186
f 4556 	4566 	4563
f 4548 	4564 	4551
f 4563 	4543 	4542
f 4548 	4391 	4564
f 4432 	4384 	4408
f 4564 	4503 	4567
f 4563 	4566 	4543
f 4289 	4570 	4569
f 4569 	4557 	4560
f 4560 	4565 	4569
f 4572 	4567 	4568
f 4569 	3014 	4289
f 3014 	4565 	3047
f 4569 	4565 	3014
f 4549 	4128 	4563
f 4549 	2203 	4128
f 4549 	1933 	2203
f 4371 	4571 	4370
f 4573 	4564 	4572
f 4563 	4542 	4549
f 4572 	4564 	4567
f 2289 	4552 	4210
f 4561 	4564 	4573
f 4570 	4289 	4290
f 4370 	4571 	4432
f 4657 	4533 	4576
f 4577 	4575 	4570
f 4429 	4518 	4374
f 4570 	4575 	4574
f 4435 	4432 	4571
f 4575 	4577 	4626
f 4290 	4305 	4570
f 4371 	4502 	4571
f 4305 	4625 	4570
f 4570 	4625 	4577
f 4578 	4572 	4568
f 4578 	4573 	4572
f 4459 	4448 	4579
f 4411 	68 	70
f 4580 	4581 	4466
f 4532 	4503 	4564
f 70 	4496 	4411
f 4411 	4496 	4412
f 4466 	4581 	4582
f 4584 	4581 	4580
f 4586 	4584 	4583
f 4583 	4579 	4586
f 4585 	4492 	4490
f 4568 	4503 	4859
f 4582 	4579 	4466
f 4584 	4586 	4582
f 21 	4492 	4585
f 4586 	4579 	4582
f 4584 	4582 	4581
f 4544 	187 	173
f 4472 	4580 	4466
f 2009 	4591 	4614
f 4589 	4592 	2009
f 4468 	4583 	4584
f 4466 	4579 	4448
f 4200 	4495 	4707
f 4590 	4674 	4669
f 4756 	4459 	4579
f 4495 	4201 	3734
f 3734 	4201 	3770
f 4588 	4590 	4587
f 4601 	4593 	4594
f 4201 	4203 	3770
f 4300 	4464 	4595
f 4495 	3734 	4681
f 4465 	4595 	4464
f 4495 	4200 	4201
f 4195 	4605 	4597
f 4597 	4593 	4600
f 4601 	4600 	4593
f 4592 	4591 	2009
f 4605 	4593 	4597
f 4600 	4293 	4597
f 4292 	4601 	4294
f 4294 	4601 	4596
f 4292 	4600 	4601
f 4601 	4594 	4596
f 4069 	4602 	4539
f 4107 	4069 	4539
f 4539 	4099 	4107
f 4538 	4509 	4480
f 4602 	4508 	4604
f 4602 	4537 	4539
f 4594 	4593 	4605
f 4602 	4538 	4537
f 4602 	4604 	4538
f 4604 	4508 	4538
f 4594 	4605 	4513
f 4538 	4508 	4509
f 4594 	4629 	4596
f 1573 	3878 	4606
f 1573 	4606 	1572
f 4606 	4607 	2773
f 4606 	337 	4607
f 4515 	4605 	4195
f 4488 	165 	3730
f 4599 	4488 	4163
f 337 	2775 	4607
f 4513 	4629 	4594
f 4515 	4513 	4605
f 339 	337 	4606
f 4589 	232 	4592
f 232 	233 	4592
f 4622 	4608 	4609
f 4388 	4656 	4442
f 172 	4488 	4599
f 172 	165 	4488
f 4372 	4711 	4710
f 178 	219 	4681
f 4603 	233 	237
f 4388 	3746 	4656
f 4603 	237 	238
f 4591 	4592 	4603
f 4612 	4353 	4238
f 4603 	4592 	233
f 4628 	4610 	4613
f 2014 	4614 	4526
f 4442 	4613 	4610
f 2014 	2009 	4614
f 4615 	4614 	4591
f 4615 	4526 	4614
f 3746 	2423 	4656
f 4616 	4617 	4603
f 4615 	4603 	4617
f 4603 	238 	4616
f 4615 	4591 	4603
f 4410 	4620 	4612
f 4628 	4618 	4610
f 4609 	4573 	4578
f 4440 	4621 	4460
f 4244 	4410 	4612
f 4440 	4618 	4621
f 4608 	4622 	755
f 4460 	4621 	4464
f 4621 	4465 	4464
f 4465 	4621 	4960
f 4622 	4609 	4881
f 4483 	2924 	4629
f 4629 	4513 	4483
f 4626 	4625 	4305
f 4070 	4624 	4623
f 4618 	4703 	4621
f 4307 	4626 	4305
f 4630 	4712 	4762
f 4596 	4307 	4304
f 4626 	4307 	4596
f 4626 	4596 	4629
f 4630 	4762 	4618
f 4624 	4416 	4627
f 4557 	4575 	4629
f 4629 	4575 	4626
f 4627 	4623 	4624
f 4630 	4618 	4628
f 4625 	4626 	4577
f 4613 	4630 	4628
f 3931 	3458 	4632
f 4627 	4416 	4413
f 4482 	4483 	4633
f 4627 	4413 	4631
f 4086 	4070 	4623
f 4627 	4636 	4623
f 4632 	3933 	3931
f 3933 	4632 	4641
f 4474 	4642 	158
f 4642 	4613 	4442
f 4599 	4493 	4611
f 4644 	4642 	48
f 4493 	4787 	4611
f 4599 	4163 	4493
f 4552 	4576 	4533
f 4533 	4205 	4552
f 4646 	4647 	185
f 4648 	4649 	4555
f 4645 	136 	53
f 4649 	4556 	4555
f 4616 	238 	4619
f 32 	4619 	238
f 4649 	4648 	3697
f 4619 	4617 	4616
f 4617 	4527 	4615
f 4619 	32 	4617
f 52 	4650 	4653
f 32 	4544 	4617
f 3691 	4649 	3697
f 269 	4650 	52
f 32 	198 	4544
f 4649 	4566 	4556
f 4649 	4543 	4566
f 4542 	4543 	4649
f 4525 	4805 	4651
f 4649 	3691 	3719
f 185 	4647 	4658
f 4657 	4576 	4542
f 4708 	4525 	4651
f 4987 	4640 	4645
f 4657 	4542 	4649
f 3719 	3722 	4649
f 48 	44 	4644
f 4646 	188 	4652
f 4657 	4649 	3712
f 4652 	188 	172
f 188 	4646 	185
f 3708 	4657 	3712
f 4987 	4645 	4654
f 4340 	4286 	4708
f 3722 	3712 	4649
f 53 	4654 	4645
f 4599 	4652 	172
f 4637 	4638 	4987
f 4666 	4655 	4599
f 4987 	4638 	4640
f 4655 	4646 	4652
f 4987 	4974 	4637
f 4655 	4647 	4646
f 4655 	4663 	4647
f 4657 	3839 	3700
f 4729 	4612 	4620
f 4652 	4599 	4655
f 4533 	4657 	3700
f 4666 	4599 	4611
f 4590 	4723 	4501
f 4590 	4588 	4723
f 3839 	4657 	3708
f 185 	4658 	4659
f 4555 	4660 	4673
f 4641 	3941 	3933
f 4556 	4660 	4555
f 4556 	4662 	4660
f 4720 	4588 	4587
f 4641 	4661 	3941
f 4647 	4663 	4664
f 4666 	4667 	4663
f 4661 	3937 	3941
f 4669 	4522 	4587
f 4556 	4563 	4665
f 4563 	4662 	4665
f 205 	4659 	4668
f 4664 	4659 	4658
f 4587 	4590 	4669
f 4658 	4647 	4664
f 4663 	4668 	4664
f 4669 	4518 	4522
f 4668 	4659 	4664
f 4672 	4374 	4518
f 4670 	4668 	4663
f 4663 	4667 	4670
f 3937 	4671 	3981
f 4662 	4673 	4660
f 4661 	4671 	3937
f 4371 	4672 	4674
f 4673 	4662 	4128
f 4374 	4672 	4371
f 4633 	4483 	4513
f 205 	202 	4659
f 4563 	4128 	4662
f 4675 	4667 	4666
f 4555 	4673 	4753
f 4611 	4675 	4666
f 4633 	4676 	4632
f 4693 	4811 	4642
f 4666 	4663 	4655
f 4673 	4124 	4677
f 4676 	4633 	4678
f 4921 	219 	408
f 4921 	4698 	219
f 4683 	4329 	4678
f 4495 	4681 	219
f 2781 	4807 	2778
f 4371 	4674 	4502
f 3071 	4679 	4747
f 4674 	4590 	4501
f 4635 	4639 	4643
f 4502 	4674 	4501
f 872 	4679 	4680
f 3067 	3071 	4747
f 4672 	4518 	4669
f 4680 	875 	872
f 4674 	4672 	4669
f 4528 	4587 	4522
f 4684 	862 	4685
f 4639 	4636 	4643
f 4682 	4678 	4329
f 863 	4685 	862
f 4676 	4678 	4682
f 4680 	4687 	890
f 4682 	4500 	4737
f 3018 	4685 	4686
f 4686 	2366 	3018
f 4686 	2361 	2366
f 4686 	2363 	2361
f 4688 	4690 	4689
f 4686 	4696 	2363
f 4283 	3886 	1048
f 4691 	4643 	4688
f 4686 	4687 	4696
f 967 	4687 	4686
f 4687 	967 	890
f 4692 	4694 	4536
f 4685 	863 	4686
f 4694 	4540 	4536
f 4656 	4693 	4442
f 4442 	4693 	4642
f 4694 	4695 	4540
f 2363 	4696 	2364
f 4696 	3071 	2364
f 7 	4694 	4692
f 4493 	4491 	4368
f 7 	4695 	4694
f 4687 	4680 	4679
f 4697 	4787 	4493
f 4687 	4679 	4696
f 4697 	4824 	4787
f 4696 	4679 	3071
f 4656 	531 	4928
f 4697 	4493 	4368
f 4368 	3786 	4697
f 4684 	3018 	3697
f 4824 	4697 	3786
f 4283 	531 	4656
f 4546 	4834 	4785
f 4698 	4699 	4700
f 2781 	4112 	4807
f 4648 	862 	4684
f 4701 	4702 	4699
f 4621 	4703 	5000
f 4684 	3697 	4648
f 4703 	4618 	4762
f 4685 	3018 	4684
f 4699 	4705 	4701
f 876 	2721 	4704
f 5000 	4703 	4706
f 4439 	4759 	4702
f 4683 	4327 	4329
f 4439 	4438 	4759
f 4713 	4632 	4676
f 4713 	4641 	4632
f 4701 	4439 	4702
f 4713 	4676 	4714
f 4702 	4700 	4699
f 4763 	4699 	4698
f 4739 	4712 	4630
f 4709 	4771 	4439
f 4705 	4709 	4701
f 4094 	4713 	4714
f 4094 	4091 	4713
f 4709 	4705 	4771
f 4734 	4716 	4717
f 4643 	4636 	4690
f 4115 	4671 	4715
f 70 	4718 	4496
f 4690 	4688 	4643
f 4689 	4631 	4719
f 4661 	4715 	4671
f 4690 	4627 	4631
f 4528 	4562 	4721
f 4627 	4690 	4636
f 4713 	4091 	4722
f 4722 	4091 	4715
f 4690 	4631 	4689
f 94 	97 	4718
f 4689 	4727 	4688
f 94 	77 	4585
f 4736 	4737 	4138
f 4723 	4534 	4501
f 4138 	4130 	4736
f 4691 	4688 	4732
f 94 	4724 	4588
f 4585 	4724 	94
f 4529 	4724 	4585
f 4531 	4585 	4490
f 4380 	4710 	4805
f 4718 	70 	94
f 4724 	4723 	4588
f 4085 	4635 	4101
f 97 	4720 	4718
f 4085 	4639 	4635
f 4623 	4636 	4086
f 4639 	4085 	4086
f 4721 	4718 	4720
f 4636 	4639 	4086
f 4805 	4525 	4380
f 4588 	97 	94
f 4588 	4720 	97
f 4723 	4724 	4529
f 4585 	4531 	4529
f 4723 	4529 	4534
f 783 	4113 	4725
f 4562 	4730 	4721
f 4113 	4726 	4725
f 4721 	4587 	4528
f 4587 	4721 	4720
f 4858 	4620 	4410
f 4826 	4710 	4711
f 3093 	413 	3921
f 4691 	4726 	4643
f 413 	4357 	3921
f 4101 	4643 	4726
f 4410 	4863 	4858
f 4361 	4357 	307
f 4691 	4725 	4726
f 307 	306 	4361
f 4730 	4562 	4361
f 4631 	4548 	4719
f 4158 	4728 	303
f 4727 	4689 	4719
f 4546 	4612 	4834
f 4728 	4361 	306
f 4561 	4727 	4719
f 303 	4728 	306
f 4548 	4558 	4719
f 4496 	4728 	4397
f 4612 	4729 	4834
f 4558 	4561 	4719
f 4561 	4573 	4727
f 4728 	4158 	4397
f 4620 	4858 	4844
f 4620 	4844 	4729
f 4738 	4688 	4727
f 4496 	4361 	4728
f 4718 	4730 	4496
f 4730 	4718 	4721
f 4730 	4361 	4496
f 4027 	43 	4365
f 4715 	4641 	4722
f 4732 	4743 	4731
f 4130 	4094 	4714
f 4700 	219 	4698
f 4717 	4645 	4640
f 4638 	4717 	4640
f 4661 	4641 	4715
f 4722 	4641 	4713
f 4638 	4637 	4717
f 4735 	4815 	4691
f 4634 	4717 	4637
f 4714 	4736 	4130
f 4735 	4691 	4732
f 4734 	4717 	4634
f 4731 	4735 	4732
f 4737 	4507 	4745
f 3886 	2778 	4807
f 4507 	4737 	4498
f 4737 	4736 	4714
f 4737 	4714 	4676
f 4811 	4810 	4642
f 4676 	4682 	4737
f 4500 	4498 	4737
f 4682 	4329 	4500
f 4735 	4731 	4733
f 4810 	158 	4642
f 4735 	4733 	4816
f 4642 	4739 	4613
f 4740 	4327 	4683
f 4688 	4738 	4732
f 4739 	4630 	4613
f 4740 	4683 	4678
f 132 	136 	4645
f 4743 	4732 	4738
f 4645 	4717 	132
f 4633 	4513 	4515
f 4748 	4678 	4633
f 144 	4739 	4644
f 144 	236 	4739
f 2714 	4704 	2721
f 4678 	4748 	4740
f 876 	4704 	4744
f 4743 	4741 	4742
f 4514 	4512 	4740
f 4704 	3843 	4744
f 4184 	4746 	4189
f 4644 	4739 	4642
f 4184 	4138 	4746
f 4744 	981 	876
f 4747 	4744 	3843
f 4138 	4737 	4745
f 4746 	4511 	4189
f 4717 	4716 	132
f 875 	981 	4744
f 4744 	4747 	872
f 4745 	4511 	4746
f 2775 	343 	4112
f 4742 	4731 	4743
f 4633 	4515 	4748
f 343 	4807 	4112
f 4747 	4679 	872
f 4704 	333 	3843
f 343 	2775 	337
f 4740 	4748 	4750
f 4742 	4751 	4749
f 4740 	4750 	4514
f 4648 	4753 	862
f 4656 	4752 	4693
f 4752 	4755 	4927
f 4754 	3079 	4756
f 4693 	4752 	4927
f 4656 	4928 	4752
f 4693 	4927 	4755
f 4583 	4756 	4579
f 4702 	4759 	4700
f 4468 	3342 	4215
f 4899 	4760 	4870
f 4700 	4759 	4707
f 4707 	4495 	4700
f 4761 	4760 	4758
f 4760 	4900 	4758
f 4700 	4495 	219
f 4756 	4583 	4758
f 4762 	4706 	4703
f 4583 	4468 	4761
f 4583 	4761 	4758
f 4760 	4899 	4900
f 4699 	4763 	4705
f 4698 	4776 	4763
f 2668 	4766 	4197
f 4765 	4755 	4752
f 4767 	4197 	4766
f 4771 	4705 	4763
f 4766 	4768 	4767
f 4763 	4781 	4769
f 4196 	4770 	4773
f 4451 	4439 	4771
f 2668 	4209 	4766
f 4752 	4928 	4765
f 4771 	4453 	4451
f 4771 	4772 	4453
f 4767 	4770 	4196
f 4767 	4812 	4770
f 4771 	4763 	4769
f 4768 	4812 	4767
f 4772 	4454 	4453
f 4479 	4454 	4772
f 4479 	4772 	4784
f 4766 	4832 	4768
f 4209 	4835 	4766
f 4773 	4208 	2580
f 4921 	3797 	4698
f 4773 	4775 	4208
f 3799 	4698 	3797
f 4698 	3799 	4776
f 3799 	3803 	4777
f 4708 	4651 	4778
f 4777 	4776 	3799
f 3803 	3913 	4777
f 3913 	3823 	4777
f 4777 	4780 	4776
f 4774 	4712 	4779
f 4776 	4780 	4781
f 4792 	4755 	4765
f 4776 	4781 	4763
f 4777 	4783 	4780
f 4478 	4479 	4782
f 4769 	4781 	4784
f 4340 	4708 	4778
f 4781 	4783 	4784
f 4781 	4780 	4783
f 4764 	4791 	4762
f 4774 	4764 	4762
f 4340 	4778 	4351
f 4712 	4774 	4762
f 4785 	3775 	3720
f 4784 	4771 	4769
f 3717 	4786 	4785
f 4772 	4771 	4784
f 4785 	3720 	3717
f 4783 	4782 	4479
f 4783 	4777 	3823
f 4798 	4779 	4716
f 4692 	4546 	4786
f 4546 	4785 	4786
f 227 	205 	4668
f 4712 	4739 	4779
f 4789 	4790 	4670
f 4788 	4778 	4805
f 4790 	4804 	4802
f 4611 	4822 	4799
f 4611 	4787 	4822
f 4794 	4788 	4796
f 4667 	4789 	4670
f 4739 	236 	4779
f 4794 	4793 	4351
f 4668 	4790 	4795
f 4802 	4795 	4790
f 132 	4716 	4779
f 4796 	4793 	4794
f 4795 	4861 	4803
f 4802 	4861 	4795
f 4792 	4797 	5027
f 4668 	4670 	4790
f 4675 	4789 	4667
f 4799 	4800 	4801
f 4778 	4788 	4351
f 4774 	4779 	4798
f 4801 	4789 	4799
f 4799 	4789 	4675
f 4792 	4765 	4797
f 4668 	4795 	227
f 4351 	4788 	4794
f 4798 	4716 	5022
f 234 	227 	4795
f 4803 	234 	4795
f 4734 	5022 	4716
f 4790 	4789 	4801
f 4804 	4790 	4801
f 4798 	5022 	4791
f 4764 	4798 	4791
f 4762 	4791 	5020
f 4801 	4802 	4804
f 4764 	4774 	4798
f 4805 	4778 	4821
f 4805 	4710 	4806
f 4806 	4710 	4808
f 4788 	4805 	4806
f 4806 	4796 	4788
f 4808 	4793 	4806
f 154 	4823 	4810
f 4851 	4809 	4751
f 4811 	4755 	4792
f 4751 	4809 	4749
f 4809 	4757 	4749
f 4812 	4768 	4813
f 4814 	154 	4810
f 4741 	4751 	4742
f 4738 	4741 	4743
f 4738 	4727 	4573
f 4775 	4773 	4770
f 4811 	4792 	4814
f 4814 	4810 	4811
f 4766 	4835 	4832
f 246 	154 	4814
f 4733 	4731 	4742
f 4673 	4677 	4753
f 4555 	4753 	4648
f 4831 	4815 	4735
f 4753 	1200 	862
f 4793 	4796 	4806
f 4735 	4816 	4831
f 4845 	403 	4817
f 403 	404 	4817
f 4779 	236 	132
f 4733 	4742 	4816
f 3301 	4817 	404
f 4749 	4816 	4742
f 4805 	4821 	4651
f 4817 	3359 	4819
f 4817 	3312 	3359
f 4818 	4814 	5027
f 4675 	4611 	4799
f 4821 	4778 	4651
f 4822 	4800 	4799
f 4814 	4792 	5027
f 246 	4814 	4818
f 246 	4818 	290
f 4693 	4755 	4811
f 4822 	4856 	4800
f 4834 	3775 	4785
f 4827 	4793 	4808
f 4826 	4372 	4252
f 4283 	1048 	531
f 405 	4927 	4880
f 4063 	376 	4824
f 4573 	4609 	4738
f 4812 	4828 	4770
f 4828 	4775 	4770
f 4812 	4829 	4830
f 4808 	4710 	4826
f 4808 	4826 	4827
f 4813 	4829 	4812
f 4830 	4828 	4812
f 4826 	4711 	4372
f 4832 	4829 	4813
f 4768 	4832 	4813
f 4826 	4252 	4375
f 4816 	4749 	4831
f 4829 	4842 	4830
f 4828 	4830 	4842
f 4749 	4757 	4831
f 4828 	4842 	4841
f 4832 	4842 	4829
f 4832 	4846 	4842
f 4838 	4815 	758
f 4833 	4775 	4836
f 4375 	4827 	4826
f 4691 	4815 	4838
f 4775 	4833 	4215
f 4839 	4836 	4775
f 4215 	4208 	4775
f 4898 	4871 	4835
f 4835 	4754 	4898
f 4775 	4828 	4839
f 4738 	4609 	4741
f 3775 	4837 	3776
f 4725 	748 	749
f 4729 	4837 	4834
f 4725 	4691 	4838
f 4834 	4837 	3775
f 4841 	4839 	4828
f 755 	757 	4840
f 4842 	4843 	4841
f 757 	4851 	4840
f 4883 	4832 	4835
f 4819 	4820 	4817
f 4843 	4839 	4841
f 4845 	4817 	4820
f 4608 	755 	4840
f 4852 	4820 	4849
f 4622 	4888 	755
f 4846 	4843 	4842
f 4846 	4847 	4843
f 4840 	4609 	4608
f 4847 	4848 	4843
f 4848 	4839 	4843
f 4609 	4840 	4741
f 4751 	4741 	4840
f 4832 	4847 	4846
f 4820 	4819 	4849
f 4819 	3359 	3360
f 748 	4725 	4838
f 4837 	4729 	4844
f 4851 	4831 	4757
f 4844 	4915 	4837
f 4815 	4851 	758
f 4853 	4849 	4819
f 4851 	4815 	4831
f 4851 	4757 	4809
f 4751 	4840 	4851
f 4819 	3360 	4853
f 4854 	4856 	4855
f 4857 	4858 	4863
f 4822 	4787 	4856
f 4845 	4820 	4889
f 748 	4838 	758
f 4857 	4844 	4858
f 4856 	4824 	376
f 4856 	4787 	4824
f 749 	783 	4725
f 4860 	4859 	4418
f 4860 	4874 	4859
f 3301 	3312 	4817
f 4862 	4861 	4802
f 4800 	4862 	4801
f 4832 	4850 	4847
f 2818 	4864 	3488
f 4850 	4848 	4847
f 4859 	4503 	4382
f 4866 	4865 	3409
f 4865 	4853 	3409
f 2818 	2819 	4864
f 4884 	4850 	4832
f 4874 	4568 	4876
f 4864 	2819 	4867
f 4864 	4868 	4869
f 4876 	4568 	4859
f 4418 	3924 	4860
f 4379 	4863 	4264
f 4866 	4864 	4869
f 3924 	3528 	4860
f 4873 	4871 	4898
f 4869 	4865 	4866
f 4873 	4894 	4871
f 4864 	4867 	4868
f 4863 	4695 	4872
f 4859 	4874 	4876
f 4875 	4853 	4865
f 4695 	7 	4872
f 4833 	4836 	4870
f 7 	4971 	4872
f 4853 	4875 	4849
f 4540 	4863 	4168
f 4870 	4760 	4215
f 4801 	4862 	4802
f 4867 	4877 	4918
f 3449 	4860 	3528
f 4861 	234 	4803
f 4867 	4918 	4868
f 4609 	4578 	4881
f 4881 	4578 	4568
f 4870 	4215 	4833
f 2819 	4877 	4867
f 4832 	4883 	4884
f 4835 	4871 	4883
f 4874 	4881 	4568
f 4871 	4894 	4883
f 4877 	2819 	2908
f 4419 	4860 	3449
f 4419 	4885 	4860
f 3409 	3412 	4866
f 4860 	4885 	4882
f 4836 	4839 	4870
f 4886 	4839 	4848
f 4885 	4419 	609
f 4887 	4870 	4886
f 3412 	4864 	4866
f 4848 	4850 	4886
f 4892 	755 	4888
f 4870 	4839 	4886
f 4890 	4845 	4889
f 4881 	4888 	4622
f 4881 	4891 	4888
f 4889 	4820 	4852
f 4881 	4874 	4891
f 4886 	4884 	4887
f 4874 	4860 	4891
f 4893 	4889 	4852
f 4884 	4883 	4887
f 4892 	4888 	4891
f 4886 	4850 	4884
f 4891 	4860 	4882
f 4883 	4894 	4887
f 4896 	4887 	4894
f 4897 	4891 	4882
f 4890 	4895 	1980
f 4892 	4897 	830
f 439 	4845 	4890
f 4892 	4891 	4897
f 4890 	4889 	4893
f 1980 	439 	4890
f 4896 	4870 	4887
f 634 	4885 	1050
f 4875 	4908 	4849
f 4754 	4756 	4898
f 4852 	4849 	4908
f 4885 	634 	4897
f 4756 	4758 	4898
f 4882 	4885 	4897
f 4908 	4893 	4852
f 4893 	4901 	4890
f 634 	830 	4897
f 1050 	4885 	609
f 4890 	4901 	4968
f 1353 	1717 	4902
f 4873 	4898 	4899
f 4898 	4900 	4899
f 4902 	1717 	4903
f 4898 	4758 	4900
f 4899 	4896 	4894
f 4899 	4894 	4873
f 4870 	4896 	4899
f 4862 	4854 	4906
f 4862 	4856 	4854
f 4854 	4855 	4906
f 4540 	4695 	4863
f 4905 	49 	4910
f 49 	524 	4910
f 4168 	4863 	4379
f 412 	1632 	4904
f 4909 	4906 	4855
f 4855 	4856 	4909
f 434 	415 	412
f 4863 	92 	4857
f 434 	412 	4907
f 4800 	4856 	4862
f 4862 	4906 	4878
f 4861 	4878 	361
f 4861 	4862 	4878
f 4908 	4875 	4916
f 4907 	412 	4904
f 361 	4906 	4909
f 4907 	4905 	4910
f 4910 	434 	4907
f 524 	434 	4910
f 380 	361 	4909
f 4908 	4911 	5004
f 4902 	4903 	4912
f 4916 	4911 	4908
f 376 	4909 	4856
f 376 	380 	4909
f 4908 	4901 	4893
f 4913 	4912 	4905
f 4914 	4904 	1367
f 4907 	4904 	4914
f 4914 	1367 	1363
f 4905 	4907 	4914
f 4905 	4914 	4913
f 3776 	4915 	3774
f 4837 	4915 	3776
f 4914 	1354 	4913
f 4877 	4917 	4918
f 4914 	1363 	1354
f 4857 	4915 	4844
f 4857 	92 	4915
f 49 	4905 	4912
f 4875 	4865 	4919
f 92 	22 	4915
f 4915 	22 	24
f 4919 	4916 	4875
f 3774 	4915 	24
f 111 	90 	4872
f 4919 	4920 	4916
f 4913 	4902 	4912
f 4863 	4872 	90
f 4865 	4869 	4919
f 4868 	4918 	4869
f 90 	92 	4863
f 4918 	4919 	4869
f 1353 	4902 	4913
f 4877 	2908 	4922
f 1456 	1458 	4923
f 1568 	4926 	1567
f 4879 	4956 	4880
f 1567 	4926 	4924
f 4918 	4920 	4919
f 4977 	1458 	4925
f 4924 	249 	4925
f 4920 	4911 	4916
f 81 	4924 	4926
f 249 	4924 	81
f 4920 	4929 	4911
f 4924 	1579 	1567
f 5064 	4922 	2908
f 4927 	4879 	4880
f 4930 	1924 	4947
f 4923 	1728 	726
f 4932 	4930 	4931
f 4930 	4947 	4949
f 4912 	4903 	4954
f 4936 	1924 	4930
f 1816 	4933 	4934
f 5030 	4930 	4932
f 4936 	4930 	4937
f 4938 	4933 	1817
f 4938 	1817 	4935
f 408 	3800 	3797
f 4942 	1818 	1816
f 4936 	4939 	1927
f 4942 	1816 	4934
f 4937 	4939 	4936
f 4937 	4941 	4939
f 51 	4942 	33
f 1874 	1803 	4942
f 1803 	1804 	4942
f 4941 	4937 	5030
f 386 	4825 	484
f 4942 	1804 	1818
f 4944 	4943 	4945
f 1925 	4936 	1927
f 386 	388 	4943
f 4940 	4934 	4933
f 4940 	71 	4946
f 4944 	4945 	4948
f 4946 	4942 	4934
f 37 	33 	4942
f 1931 	1932 	4951
f 4944 	4948 	4928
f 4946 	71 	37
f 4951 	4947 	1931
f 4946 	37 	4942
f 4940 	4946 	4934
f 4928 	4825 	4944
f 4930 	4949 	4931
f 4938 	4935 	4957
f 4928 	4948 	4765
f 386 	4943 	4944
f 4950 	4935 	1812
f 1812 	1882 	4950
f 4933 	4938 	4940
f 4903 	4953 	4954
f 4797 	4765 	4945
f 438 	4954 	4953
f 4953 	1921 	438
f 386 	4944 	4825
f 4912 	4954 	49
f 4765 	4948 	4945
f 4953 	1822 	1921
f 4951 	1093 	4955
f 1093 	4951 	1087
f 3886 	529 	1048
f 4955 	1093 	1088
f 1824 	4942 	51
f 4807 	529 	3886
f 4955 	4952 	4949
f 4807 	343 	529
f 442 	1824 	51
f 4952 	4931 	4949
f 4955 	4947 	4951
f 405 	4880 	4956
f 1721 	4953 	4903
f 1721 	1822 	4953
f 4955 	4949 	4947
f 450 	442 	51
f 4940 	4938 	4957
f 4879 	400 	4956
f 484 	4825 	4956
f 1935 	1923 	212
f 4959 	1935 	212
f 4959 	212 	214
f 4959 	1176 	1939
f 214 	1202 	4959
f 3797 	4921 	408
f 4935 	4950 	4958
f 4895 	4890 	4962
f 4065 	3800 	408
f 4961 	4935 	4958
f 934 	933 	1950
f 4964 	4965 	4960
f 1950 	128 	934
f 4957 	4935 	4961
f 4965 	4465 	4960
f 4966 	929 	934
f 4960 	4621 	4995
f 31 	112 	4971
f 4968 	4969 	4962
f 945 	929 	4966
f 5000 	4995 	4621
f 4966 	4976 	279
f 3717 	4971 	4972
f 4786 	3717 	4972
f 934 	128 	245
f 4974 	4986 	4973
f 4971 	7 	4972
f 245 	4966 	934
f 4966 	4975 	4976
f 4984 	4973 	4986
f 273 	271 	4976
f 4976 	4975 	273
f 3728 	3730 	4971
f 273 	4975 	245
f 31 	3730 	165
f 256 	280 	4976
f 4786 	4972 	4692
f 4976 	280 	1204
f 4976 	1204 	279
f 245 	4975 	4966
f 271 	256 	4976
f 292 	125 	122
f 4968 	4970 	4969
f 245 	125 	292
f 4971 	112 	111
f 292 	254 	245
f 292 	371 	254
f 4969 	4963 	4962
f 4872 	4971 	111
f 4972 	7 	4692
f 2383 	292 	121
f 3730 	31 	4971
f 2383 	121 	118
f 4890 	4968 	4962
f 4634 	4637 	4974
f 4974 	4973 	4634
f 4967 	1901 	1728
f 4923 	4967 	1728
f 4595 	4465 	4965
f 4979 	4980 	4965
f 5015 	4980 	4979
f 4940 	4981 	71
f 71 	4981 	78
f 4981 	4940 	4957
f 4985 	4957 	4961
f 4978 	4965 	4980
f 4980 	265 	262
f 4980 	262 	4978
f 155 	78 	4981
f 4598 	4965 	4978
f 149 	4982 	153
f 4985 	4992 	149
f 4983 	4986 	4987
f 4981 	4957 	4985
f 4650 	4983 	4987
f 4650 	4987 	4653
f 155 	4981 	4985
f 4650 	269 	4983
f 4987 	4986 	4974
f 4977 	153 	4982
f 149 	155 	4985
f 4988 	4992 	4985
f 4986 	4983 	4984
f 4958 	4994 	4988
f 4988 	4985 	4961
f 4988 	4961 	4958
f 4982 	4967 	4923
f 4654 	4653 	4987
f 4990 	4989 	1894
f 1893 	1894 	4989
f 1895 	1893 	4991
f 4989 	4991 	1893
f 4992 	4982 	149
f 4982 	4992 	4997
f 4963 	4993 	4962
f 4994 	4992 	4988
f 4990 	4991 	4989
f 4965 	4598 	4595
f 4990 	4992 	4989
f 4992 	4994 	4989
f 4991 	4989 	4994
f 4677 	4895 	4993
f 4993 	4895 	4962
f 4124 	4895 	4677
f 4993 	5051 	4677
f 1458 	4977 	4982
f 4923 	1458 	4982
f 4990 	4997 	4992
f 4997 	4990 	4989
f 4970 	4998 	4969
f 4991 	1901 	4989
f 4963 	4969 	4998
f 4964 	4960 	4995
f 4999 	4998 	4970
f 1895 	4991 	4994
f 4999 	5003 	4998
f 1895 	4991 	4990
f 1896 	1895 	4994
f 4968 	4999 	4970
f 1901 	4967 	4982
f 4982 	4997 	1901
f 4950 	1882 	4994
f 4958 	4950 	4994
f 1895 	1901 	4991
f 4968 	4901 	4999
f 5002 	5011 	4979
f 1902 	1894 	4990
f 4999 	4901 	4908
f 4997 	4989 	1901
f 85 	46 	47
f 47 	33 	85
f 5004 	5003 	4999
f 5004 	5008 	5003
f 5003 	5008 	5005
f 4908 	5004 	4999
f 5002 	270 	5006
f 5007 	5002 	5006
f 5004 	4911 	5008
f 5007 	5006 	5023
f 5006 	5024 	5023
f 5032 	5008 	4929
f 4911 	4929 	5008
f 5011 	5002 	4996
f 4996 	5002 	4995
f 4996 	5018 	5011
f 5010 	4993 	4963
f 5010 	4963 	5009
f 4964 	4995 	5002
f 4995 	5000 	4996
f 5020 	4996 	5000
f 4973 	4984 	5002
f 270 	5002 	4984
f 4998 	5009 	4963
f 4979 	4965 	5002
f 5007 	4634 	5002
f 4973 	5002 	4634
f 5002 	4965 	4964
f 5022 	4734 	5007
f 4634 	5007 	4734
f 5000 	4706 	5020
f 5012 	5003 	5005
f 4998 	5012 	5009
f 5014 	5009 	5012
f 5012 	4998 	5003
f 5024 	5011 	5018
f 4931 	5053 	4932
f 5024 	5013 	5011
f 5015 	265 	4980
f 5009 	5014 	5016
f 269 	270 	4983
f 270 	4984 	4983
f 5017 	5006 	270
f 270 	274 	5017
f 274 	283 	5015
f 4932 	5053 	5016
f 5006 	5017 	5013
f 5017 	274 	5011
f 5017 	5011 	5013
f 5011 	5015 	4979
f 5012 	5029 	5014
f 5011 	274 	5015
f 5018 	4996 	5001
f 5019 	5018 	5001
f 5020 	5019 	5001
f 5001 	4996 	5020
f 1923 	4939 	5058
f 5024 	5006 	5013
f 5023 	5024 	5018
f 5023 	5018 	5019
f 5023 	5022 	5007
f 5020 	4791 	5022
f 4762 	5020 	4706
f 5020 	5023 	5019
f 5020 	5022 	5023
f 1070 	5026 	4943
f 5027 	5028 	1070
f 1116 	5027 	1070
f 4939 	4941 	5058
f 5027 	290 	4818
f 4937 	4930 	5030
f 4797 	4945 	5027
f 5030 	5031 	4941
f 1070 	5028 	5026
f 4945 	5026 	5028
f 5027 	4945 	5028
f 4945 	4943 	5026
f 2080 	290 	5027
f 5012 	5005 	5032
f 5035 	3994 	4002
f 5032 	5029 	5012
f 5029 	5021 	5031
f 5032 	5021 	5029
f 3825 	3764 	5033
f 5030 	5029 	5031
f 3764 	4003 	5033
f 5030 	4932 	5016
f 5029 	5030 	5014
f 5030 	5016 	5014
f 5034 	1128 	1127
f 5058 	4941 	5031
f 1179 	1181 	5034
f 1127 	1179 	5034
f 3825 	5035 	4002
f 5033 	5035 	3825
f 5033 	35 	5035
f 5021 	5061 	5031
f 5005 	5008 	5032
f 5032 	5025 	5021
f 4922 	5063 	4877
f 5054 	3994 	5049
f 4917 	4877 	5063
f 5025 	5072 	5021
f 5045 	5025 	5032
f 5045 	5048 	5025
f 5038 	4918 	4917
f 5040 	5039 	5041
f 5039 	5042 	5041
f 4920 	4918 	5038
f 5039 	5044 	5042
f 5043 	4920 	5038
f 5040 	5044 	5039
f 5032 	5043 	5045
f 5039 	5037 	5040
f 5043 	5032 	4929
f 5040 	5041 	5044
f 5042 	5044 	5041
f 5043 	4929 	4920
f 5036 	35 	5042
f 5044 	5037 	5042
f 5042 	5037 	5036
f 5040 	5037 	5044
f 5039 	5056 	5037
f 5046 	5047 	4014
f 4014 	4007 	5046
f 5045 	5043 	5048
f 5039 	4510 	5041
f 4510 	5047 	5041
f 5042 	5041 	5047
f 5047 	4093 	4014
f 5042 	5047 	5046
f 5042 	5046 	5044
f 5040 	5044 	5056
f 5039 	5040 	5056
f 5046 	5056 	5044
f 4090 	4077 	5046
f 5025 	5048 	5073
f 5036 	5037 	5049
f 5046 	4007 	4054
f 5050 	5052 	5009
f 5035 	5036 	3994
f 35 	5036 	5035
f 5050 	1197 	5052
f 4054 	4081 	5046
f 5052 	4993 	5010
f 5046 	4081 	4090
f 5052 	5051 	4993
f 1200 	5051 	5052
f 1200 	4753 	5051
f 4753 	4677 	5051
f 1197 	1200 	5052
f 5054 	4331 	4334
f 5010 	5009 	5052
f 5009 	5053 	5055
f 5057 	5050 	5009
f 5009 	5055 	5057
f 3994 	5054 	4334
f 5053 	5009 	5016
f 4310 	4309 	5059
f 5056 	5049 	5037
f 5056 	5046 	4334
f 4331 	5056 	4334
f 4331 	5054 	5056
f 1182 	5050 	5057
f 5049 	5056 	5054
f 4952 	5055 	4931
f 4931 	5055 	5053
f 5034 	5066 	42
f 5066 	5034 	3768
f 212 	5058 	5061
f 5062 	5060 	4310
f 1923 	5058 	212
f 5058 	5031 	5061
f 5059 	4309 	4308
f 5057 	5055 	1192
f 4355 	5059 	4308
f 5057 	1192 	1182
f 5060 	45 	44
f 1088 	1192 	5055
f 4642 	4474 	48
f 4952 	1088 	5055
f 5060 	44 	48
f 4474 	5060 	48
f 5061 	5021 	5072
f 5066 	4310 	5060
f 4598 	4978 	5059
f 211 	212 	5061
f 5061 	5072 	211
f 4310 	5059 	5062
f 5059 	262 	5062
f 5063 	4922 	5064
f 4978 	262 	5059
f 45 	5060 	5062
f 241 	3824 	2756
f 2918 	3178 	5064
f 5063 	5038 	4917
f 241 	3822 	3824
f 2405 	241 	2756
f 2756 	1917 	2405
f 4474 	42 	5066
f 158 	42 	4474
f 5066 	5060 	4474
f 5066 	3768 	4310
f 259 	3822 	241
f 259 	296 	3822
f 5067 	5078 	5068
f 35 	5033 	4484
f 35 	5039 	5041
f 4510 	5039 	35
f 5041 	5042 	35
f 5067 	5069 	5065
f 5068 	5069 	5067
f 5065 	5069 	5070
f 5071 	5065 	5070
f 5069 	200 	5070
f 5048 	5043 	5074
f 5070 	338 	344
f 336 	338 	5070
f 5070 	344 	309
f 5070 	309 	5071
f 5048 	5074 	5073
f 5072 	217 	211
f 5025 	5073 	5072
f 5073 	217 	5072
f 5038 	5074 	5043
f 5074 	5038 	5063
f 5081 	5074 	5063
f 5065 	5075 	5076
f 5076 	5077 	5065
f 5076 	3188 	5077
f 3191 	3188 	5076
f 3191 	5076 	5075
f 5065 	5078 	5067
f 5078 	177 	170
f 170 	183 	5078
f 5065 	177 	5078
f 175 	177 	5065
f 5078 	183 	5068
f 5077 	175 	5065
f 197 	175 	5077
f 183 	200 	5068
f 332 	325 	5081
f 323 	5080 	5082
f 5084 	332 	5081
f 5081 	5083 	5084
f 5082 	5065 	323
f 5082 	5075 	5065
f 323 	5065 	5071
f 332 	5085 	330
f 5084 	5085 	332
f 5080 	330 	5085
f 5085 	3201 	5080
f 5084 	3201 	5085
f 5080 	3201 	5082
f 3201 	5079 	5082
f 5079 	5075 	5082
f 3201 	3191 	5079
f 5083 	5081 	5063
f 217 	5073 	5081
f 5064 	5083 	5063
f 5084 	3206 	3207
f 3206 	5084 	5083
f 5084 	3207 	3201
f 5064 	3206 	5083
f 5073 	5074 	5081
f 5069 	5068 	200
f 200 	336 	5070
f 174 	186 	166
# 10418 faces

 #end of obj_0

